1980	1	1	0	11.8	24.7
1980	1	2	0	13.4	21.1
1980	1	3	3	14.0	22.8
1980	1	4	0	13.9	25.0
1980	1	5	0	13.4	25.6
1980	1	6	0	13.3	22.8
1980	1	7	0	11.4	21.0
1980	1	8	0	9.9	23.1
1980	1	9	0	12.8	23.6
1980	1	10	0	12.3	23.3
1980	1	11	0	9.6	23.3
1980	1	12	0	9.2	23.4
1980	1	13	0	10.6	25.0
1980	1	14	0	10.6	23.3
1980	1	15	0	10.6	24.7
1980	1	16	0	10.0	24.4
1980	1	17	0	11.4	25.8
1980	1	18	0	12.2	26.8
1980	1	19	0	12.5	26.9
1980	1	20	0	12.6	27.2
1980	1	21	0	11.9	26.2
1980	1	22	0	11.1	26.7
1980	1	23	0	12.2	24.2
1980	1	24	0	12.4	24.4
1980	1	25	0	9.6	25.6
1980	1	26	0	11.7	22.2
1980	1	27	0	11.7	26.7
1980	1	28	0	17.8	28.9
1980	1	29	0	12.2	27.8
1980	1	30	0	13.3	23.3
1980	1	31	0	9.9	24.1
1980	2	1	0	9.8	24.4
1980	2	2	0	10.4	26.1
1980	2	3	0	11.1	27.1
1980	2	4	0	17.5	28.4
1980	2	5	14	19.2	22.5
1980	2	6	1	14.7	25.3
1980	2	7	0	8.9	23.3
1980	2	8	0	8.6	23.9
1980	2	9	0	8.9	25.0
1980	2	10	0	10.1	26.7
1980	2	11	0	14.4	27.7
1980	2	12	0	12.2	28.1
1980	2	13	0	12.1	28.3
1980	2	14	0	12.5	28.1
1980	2	15	0	14.2	29.4
1980	2	16	0	17.2	28.9
1980	2	17	2	17.2	27.8
1980	2	18	15	16.4	26.1
1980	2	19	0	16.1	28.3
1980	2	20	0	17.8	29.4
1980	2	21	0	16.1	28.3
1980	2	22	0	16.2	30.0
1980	2	23	0	20.8	30.8
1980	2	24	0	21.9	32.2
1980	2	25	0	22.1	30.6
1980	2	26	0	16.2	30.7
1980	2	27	0	15.7	30.8
1980	2	28	0	20.8	31.2
1980	2	29	0	22.8	30.4
1980	3	1	30	19.2	22.2
1980	3	2	7	17.2	26.1
1980	3	3	0	18.3	20.0
1980	3	4	1	20.3	28.9
1980	3	5	0	19.1	28.9
1980	3	6	0	20.3	31.7
1980	3	7	0	22.1	32.2
1980	3	8	0	17.8	31.1
1980	3	9	0	19.2	28.6
1980	3	10	0	18.1	31.0
1980	3	11	0	20.0	32.5
1980	3	12	0	21.1	31.7
1980	3	13	0	17.2	32.4
1980	3	14	0	16.7	31.1
1980	3	15	0	14.6	32.8
1980	3	16	0	-99.9	33.8
1980	3	17	0	22.2	33.9
1980	3	18	0	20.3	34.2
1980	3	19	0	23.1	34.2
1980	3	20	0	24.4	34.4
1980	3	21	0	22.9	35.6
1980	3	22	0	20.7	36.6
1980	3	23	0	23.4	37.9
1980	3	24	0	24.4	35.3
1980	3	25	0	25.6	33.6
1980	3	26	11	22.2	35.8
1980	3	27	3	21.1	32.1
1980	3	28	0	23.3	34.3
1980	3	29	0	24.4	34.7
1980	3	30	1	23.9	29.0
1980	3	31	1	20.4	32.8
1980	4	1	0	21.4	35.0
1980	4	2	0	23.3	35.6
1980	4	3	0	25.4	36.4
1980	4	4	1	24.7	36.4
1980	4	5	0	25.6	34.4
1980	4	6	1	21.8	35.0
1980	4	7	0	23.9	37.2
1980	4	8	0	25.6	38.9
1980	4	9	0	23.8	38.9
1980	4	10	0	26.5	36.6
1980	4	11	0	27.1	37.1
1980	4	12	6	24.7	35.4
1980	4	13	0	26.9	36.0
1980	4	14	1	26.6	36.2
1980	4	15	0	27.1	38.4
1980	4	16	0	26.7	38.8
1980	4	17	0	26.7	34.9
1980	4	18	0	26.9	35.3
1980	4	19	77	21.6	34.0
1980	4	20	0	23.3	30.6
1980	4	21	43	21.7	31.7
1980	4	22	0	25.0	35.0
1980	4	23	1	27.8	35.0
1980	4	24	0	27.8	35.6
1980	4	25	0	27.3	35.6
1980	4	26	0	27.3	35.7
1980	4	27	4	24.4	35.8
1980	4	28	0	27.3	35.3
1980	4	29	11	20.1	34.7
1980	4	30	2	21.7	33.9
1980	5	1	1	23.1	35.3
1980	5	2	0	23.9	35.3
1980	5	3	11	20.7	30.3
1980	5	4	0	23.3	34.2
1980	5	5	21	20.3	29.9
1980	5	6	60	20.3	27.2
1980	5	7	2	23.3	33.8
1980	5	8	4	23.1	31.4
1980	5	9	74	19.7	26.9
1980	5	10	0	22.5	29.7
1980	5	11	25	21.7	30.3
1980	5	12	25	19.4	30.2
1980	5	13	5	22.2	31.7
1980	5	14	1	22.5	33.8
1980	5	15	15	21.9	32.9
1980	5	16	4	22.2	33.1
1980	5	17	0	25.6	31.7
1980	5	18	21	20.7	31.7
1980	5	19	2	21.2	30.0
1980	5	20	28	20.6	31.1
1980	5	21	1	23.8	34.4
1980	5	22	0	27.8	33.7
1980	5	23	0	23.8	34.4
1980	5	24	0	27.2	35.4
1980	5	25	0	25.4	34.4
1980	5	26	19	23.3	32.2
1980	5	27	1	25.0	31.1
1980	5	28	32	22.2	30.1
1980	5	29	39	21.9	30.6
1980	5	30	2	24.7	29.4
1980	5	31	21	23.9	30.8
1980	6	1	1	25.6	31.4
1980	6	2	15	23.9	31.7
1980	6	3	3	26.4	30.6
1980	6	4	1	25.7	31.1
1980	6	5	2	25.3	32.5
1980	6	6	0	27.8	31.4
1980	6	7	9	25.0	26.7
1980	6	8	83	25.0	31.7
1980	6	9	0	26.9	31.2
1980	6	10	18	25.3	31.1
1980	6	11	7	27.2	32.8
1980	6	12	9	26.1	32.8
1980	6	13	33	25.7	31.7
1980	6	14	0	27.3	33.3
1980	6	15	16	27.2	31.6
1980	6	16	0	26.7	29.4
1980	6	17	75	25.0	30.6
1980	6	18	10	25.3	31.6
1980	6	19	29	25.6	29.9
1980	6	20	2	26.1	32.2
1980	6	21	1	27.2	31.3
1980	6	22	3	26.9	31.7
1980	6	23	1	26.9	31.9
1980	6	24	0	26.0	32.1
1980	6	25	3	26.7	30.1
1980	6	26	1	26.4	31.9
1980	6	27	1	26.7	-99.9
1980	6	28	0	27.2	31.7
1980	6	29	0	27.2	32.5
1980	6	30	0	28.1	36.7
1980	7	1	1	27.8	32.2
1980	7	2	0	26.4	30.3
1980	7	3	6	25.8	29.2
1980	7	4	17	25.7	31.1
1980	7	5	20	25.6	31.1
1980	7	6	1	27.2	32.6
1980	7	7	7	25.7	31.1
1980	7	8	10	26.2	30.4
1980	7	9	2	26.4	31.1
1980	7	10	15	25.8	31.5
1980	7	11	0	-99.9	31.1
1980	7	12	9	25.7	32.2
1980	7	13	21	25.8	31.9
1980	7	14	53	25.7	28.3
1980	7	15	7	25.8	31.1
1980	7	16	55	25.3	27.8
1980	7	17	1	26.4	31.1
1980	7	18	2	26.7	31.6
1980	7	19	2	26.7	32.8
1980	7	20	38	25.3	29.4
1980	7	21	41	25.0	30.6
1980	7	22	1	26.1	32.2
1980	7	23	12	25.6	31.7
1980	7	24	1	26.7	32.8
1980	7	25	8	26.4	29.5
1980	7	26	19	25.6	30.0
1980	7	27	13	26.1	30.3
1980	7	28	5	26.2	31.2
1980	7	29	0	26.7	30.2
1980	7	30	8	26.1	30.6
1980	7	31	5	25.3	30.6
1980	8	1	1	26.4	31.2
1980	8	2	0	27.1	32.1
1980	8	3	1	27.3	32.8
1980	8	4	1	26.8	31.1
1980	8	5	17	25.6	31.0
1980	8	6	1	26.6	30.2
1980	8	7	7	26.0	29.6
1980	8	8	15	25.3	31.1
1980	8	9	10	25.6	29.7
1980	8	10	2	26.7	30.6
1980	8	11	1	26.7	31.7
1980	8	12	0	26.7	32.3
1980	8	13	0	27.3	31.4
1980	8	14	18	26.4	31.2
1980	8	15	0	27.5	-99.9
1980	8	16	1	25.6	32.2
1980	8	17	8	25.6	31.7
1980	8	18	1	27.1	32.8
1980	8	19	0	27.8	33.6
1980	8	20	0	28.6	32.2
1980	8	21	0	27.8	32.2
1980	8	22	4	26.1	30.0
1980	8	23	5	26.4	31.1
1980	8	24	21	25.6	30.6
1980	8	25	1	26.4	31.7
1980	8	26	41	25.6	31.7
1980	8	27	35	25.3	30.6
1980	8	28	35	25.3	30.6
1980	8	29	30	26.1	32.2
1980	8	30	0	28.1	32.2
1980	8	31	13	25.4	29.4
1980	9	1	3	26.1	32.8
1980	9	2	0	27.8	33.6
1980	9	3	1	27.2	28.3
1980	9	4	35	25.6	29.7
1980	9	5	27	26.0	30.3
1980	9	6	4	26.9	31.7
1980	9	7	0	26.2	32.4
1980	9	8	1	26.7	32.8
1980	9	9	1	27.2	31.7
1980	9	10	1	26.9	29.4
1980	9	11	47	25.6	30.6
1980	9	12	1	26.4	31.6
1980	9	13	0	26.7	33.3
1980	9	14	0	27.2	32.8
1980	9	15	1	27.5	32.7
1980	9	16	6	25.9	31.7
1980	9	17	26	25.6	30.6
1980	9	18	8	25.6	32.2
1980	9	19	3	26.1	32.3
1980	9	20	2	26.7	32.5
1980	9	21	0	26.7	33.6
1980	9	22	36	24.4	26.1
1980	9	23	20	25.0	26.4
1980	9	24	23	23.9	30.4
1980	9	25	15	25.8	31.7
1980	9	26	0	26.9	32.8
1980	9	27	35	23.3	31.4
1980	9	28	0	25.7	31.7
1980	9	29	0	26.1	32.2
1980	9	30	0	26.7	32.5
1980	10	1	1	24.3	31.9
1980	10	2	0	25.6	32.3
1980	10	3	3	25.3	29.7
1980	10	4	13	23.9	31.7
1980	10	5	0	25.1	26.1
1980	10	6	12	24.7	30.7
1980	10	7	0	25.6	31.1
1980	10	8	10	23.2	31.7
1980	10	9	0	24.4	32.1
1980	10	10	0	24.3	31.0
1980	10	11	1	25.0	30.7
1980	10	12	0	23.9	32.3
1980	10	13	0	23.9	32.5
1980	10	14	1	24.4	31.9
1980	10	15	0	23.9	32.2
1980	10	16	0	23.6	32.3
1980	10	17	0	23.9	31.9
1980	10	18	91	22.1	26.5
1980	10	19	15	22.8	26.4
1980	10	20	84	23.6	28.3
1980	10	21	41	23.9	28.3
1980	10	22	28	22.2	31.9
1980	10	23	0	22.8	31.1
1980	10	24	0	22.8	30.1
1980	10	25	0	23.1	29.7
1980	10	26	0	22.0	30.1
1980	10	27	0	21.7	29.4
1980	10	28	0	21.7	29.4
1980	10	29	0	20.7	29.5
1980	10	30	0	20.0	30.0
1980	10	31	0	19.6	30.6
1980	11	1	0	21.7	31.1
1980	11	2	0	18.6	30.8
1980	11	3	0	18.9	30.3
1980	11	4	0	18.9	29.7
1980	11	5	0	19.7	29.2
1980	11	6	0	18.9	29.7
1980	11	7	0	17.9	29.2
1980	11	8	0	20.3	30.0
1980	11	9	0	19.4	31.1
1980	11	10	0	22.2	31.3
1980	11	11	0	20.2	29.8
1980	11	12	0	18.9	29.0
1980	11	13	0	17.6	28.3
1980	11	14	0	16.8	29.4
1980	11	15	0	17.8	29.7
1980	11	16	0	19.4	30.2
1980	11	17	0	19.2	31.7
1980	11	18	0	19.2	30.0
1980	11	19	0	17.4	29.7
1980	11	20	0	18.5	29.2
1980	11	21	0	16.4	28.9
1980	11	22	0	16.7	28.9
1980	11	23	0	16.8	28.9
1980	11	24	0	16.1	28.9
1980	11	25	0	14.6	27.9
1980	11	26	0	14.3	27.2
1980	11	27	0	14.0	27.2
1980	11	28	0	13.3	28.4
1980	11	29	0	14.4	28.1
1980	11	30	0	14.6	28.3
1980	12	1	0	14.0	28.9
1980	12	2	0	15.3	28.9
1980	12	3	0	15.0	27.8
1980	12	4	0	14.9	27.8
1980	12	5	0	15.3	26.9
1980	12	6	0	18.3	26.8
1980	12	7	0	15.6	27.6
1980	12	8	0	16.7	27.1
1980	12	9	0	14.4	26.4
1980	12	10	0	18.4	24.4
1980	12	11	0	15.1	27.0
1980	12	12	0	14.0	26.4
1980	12	13	0	13.9	25.3
1980	12	14	0	15.0	26.1
1980	12	15	0	13.3	25.6
1980	12	16	0	14.9	26.2
1980	12	17	0	16.0	25.6
1980	12	18	0	13.6	25.7
1980	12	19	0	11.6	25.0
1980	12	20	0	11.7	25.4
1980	12	21	0	13.4	25.5
1980	12	22	0	13.9	26.6
1980	12	23	0	15.6	26.7
1980	12	24	0	16.4	27.2
1980	12	25	0	16.2	27.8
1980	12	26	0	15.6	27.4
1980	12	27	0	15.0	28.0
1980	12	28	0	15.6	26.6
1980	12	29	0	14.6	26.4
1980	12	30	0	15.0	25.4
1980	12	31	0	15.0	25.7
1981	1	1	0	10.7	23.9
1981	1	2	0	12.7	24.4
1981	1	3	0	12.5	24.6
1981	1	4	0	10.6	25.6
1981	1	5	0	12.1	27.2
1981	1	6	0	17.2	26.6
1981	1	7	0	17.1	21.1
1981	1	8	2	13.1	20.6
1981	1	9	0	11.1	22.2
1981	1	10	0	10.9	24.2
1981	1	11	0	11.0	24.0
1981	1	12	2	15.0	22.0
1981	1	13	0	15.0	26.1
1981	1	14	0	13.6	26.6
1981	1	15	0	13.6	25.2
1981	1	16	0	13.3	26.7
1981	1	17	0	12.3	27.5
1981	1	18	0	12.4	27.5
1981	1	19	0	13.4	23.9
1981	1	20	0	13.2	24.4
1981	1	21	0	11.4	25.2
1981	1	22	0	12.6	25.6
1981	1	23	0	12.9	26.7
1981	1	24	0	15.0	26.1
1981	1	25	0	15.3	24.9
1981	1	26	0	13.4	26.7
1981	1	27	0	13.3	26.8
1981	1	28	0	13.8	25.6
1981	1	29	0	12.7	24.6
1981	1	30	0	12.9	27.8
1981	1	31	6	18.6	24.4
1981	2	1	9	17.0	25.0
1981	2	2	2	16.0	25.1
1981	2	3	0	14.0	25.0
1981	2	4	0	13.0	24.0
1981	2	5	0	14.0	26.0
1981	2	6	0	12.0	27.0
1981	2	7	0	14.0	29.0
1981	2	8	1	18.0	28.0
1981	2	9	7	15.0	18.0
1981	2	10	14	16.0	17.0
1981	2	11	9	12.0	19.0
1981	2	12	0	10.0	-99.9
1981	2	13	0	13.0	22.1
1981	2	14	0	14.2	26.1
1981	2	15	0	16.6	29.0
1981	2	16	0	19.3	-99.9
1981	2	17	0	18.0	30.0
1981	2	18	0	16.1	28.7
1981	2	19	0	14.4	28.0
1981	2	20	0	14.0	28.2
1981	2	21	0	16.0	29.4
1981	2	22	0	15.0	30.0
1981	2	23	0	14.2	31.0
1981	2	24	0	14.2	30.4
1981	2	25	0	-99.9	32.0
1981	2	26	0	20.3	32.9
1981	2	27	0	20.0	32.8
1981	2	28	0	20.0	-99.9
1981	3	1	0	22.0	32.0
1981	3	2	0	23.0	32.6
1981	3	3	0	21.0	30.1
1981	3	4	0	16.0	30.0
1981	3	5	0	15.0	31.0
1981	3	6	0	17.0	33.0
1981	3	7	0	22.0	33.0
1981	3	8	0	22.0	34.0
1981	3	9	0	22.0	29.0
1981	3	10	0	18.0	30.0
1981	3	11	0	21.0	33.0
1981	3	12	10	18.0	31.0
1981	3	13	20	17.0	27.0
1981	3	14	1	18.0	28.0
1981	3	15	0	20.0	29.9
1981	3	16	0	21.0	30.0
1981	3	17	0	18.3	29.7
1981	3	18	0	20.7	31.7
1981	3	19	0	20.0	33.2
1981	3	20	0	22.4	30.7
1981	3	21	35	22.5	31.4
1981	3	22	10	22.9	33.1
1981	3	23	0	23.9	-99.9
1981	3	24	10	19.2	30.9
1981	3	25	0	19.2	24.9
1981	3	26	13	16.7	28.5
1981	3	27	0	20.0	28.2
1981	3	28	8	16.0	28.1
1981	3	29	0	18.9	-99.9
1981	3	30	2	19.2	30.6
1981	3	31	0	21.7	27.4
1981	4	1	41	18.4	26.7
1981	4	2	2	20.6	30.6
1981	4	3	0	23.3	32.4
1981	4	4	0	25.0	31.4
1981	4	5	4	20.0	33.2
1981	4	6	0	25.8	33.8
1981	4	7	0	23.4	33.4
1981	4	8	0	22.0	33.2
1981	4	9	0	21.0	34.3
1981	4	10	0	24.4	35.4
1981	4	11	0	24.4	33.5
1981	4	12	22	20.0	27.7
1981	4	13	63	18.6	28.3
1981	4	14	2	23.1	30.0
1981	4	15	0	22.0	30.0
1981	4	16	17	20.6	30.0
1981	4	17	16	17.2	26.4
1981	4	18	58	18.2	24.3
1981	4	19	23	18.6	20.0
1981	4	20	21	18.3	25.7
1981	4	21	0	18.9	28.1
1981	4	22	0	21.7	30.4
1981	4	23	2	21.6	32.4
1981	4	24	0	23.1	32.1
1981	4	25	0	23.6	33.9
1981	4	26	0	25.0	33.9
1981	4	27	0	25.6	33.3
1981	4	28	0	22.8	33.1
1981	4	29	0	25.3	29.2
1981	4	30	3	23.9	32.7
1981	5	1	0	27.2	35.0
1981	5	2	0	21.8	30.7
1981	5	3	0	23.0	30.9
1981	5	4	0	23.9	32.2
1981	5	5	20	25.1	31.7
1981	5	6	8	22.8	32.2
1981	5	7	0	24.4	32.7
1981	5	8	0	14.7	31.7
1981	5	9	0	25.4	32.8
1981	5	10	10	23.5	32.2
1981	5	11	0	25.2	32.2
1981	5	12	0	26.1	34.4
1981	5	13	14	20.6	32.2
1981	5	14	0	24.0	33.9
1981	5	15	26	20.3	27.1
1981	5	16	1	23.0	32.3
1981	5	17	37	20.8	30.0
1981	5	18	32	20.4	30.6
1981	5	19	0	25.0	32.8
1981	5	20	0	26.7	33.3
1981	5	21	0	26.9	32.9
1981	5	22	20	24.4	31.3
1981	5	23	0	26.7	33.9
1981	5	24	0	26.9	33.9
1981	5	25	13	21.7	30.6
1981	5	26	1	24.0	31.1
1981	5	27	1	24.9	30.0
1981	5	28	1	24.7	32.2
1981	5	29	43	21.2	32.2
1981	5	30	45	21.4	31.6
1981	5	31	0	23.9	27.8
1981	6	1	39	23.6	31.2
1981	6	2	21	24.5	31.1
1981	6	3	0	27.2	32.8
1981	6	4	3	24.7	34.7
1981	6	5	40	24.9	32.8
1981	6	6	0	28.1	31.5
1981	6	7	0	24.7	32.3
1981	6	8	0	27.0	33.8
1981	6	9	3	24.9	33.3
1981	6	10	7	26.4	33.8
1981	6	11	0	27.8	34.9
1981	6	12	0	28.2	35.6
1981	6	13	0	28.9	35.6
1981	6	14	0	28.9	35.9
1981	6	15	0	28.4	34.6
1981	6	16	11	26.4	31.3
1981	6	17	0	26.7	33.1
1981	6	18	0	27.7	33.8
1981	6	19	10	25.6	33.1
1981	6	20	0	26.4	32.5
1981	6	21	2	25.0	30.4
1981	6	22	14	24.7	28.3
1981	6	23	7	25.7	29.9
1981	6	24	4	24.7	31.9
1981	6	25	0	27.2	32.2
1981	6	26	1	26.7	32.1
1981	6	27	0	27.2	33.7
1981	6	28	0	27.0	32.2
1981	6	29	5	26.3	31.9
1981	6	30	1	27.2	32.1
1981	7	1	14	26.7	28.9
1981	7	2	26	25.3	29.5
1981	7	3	79	24.4	30.6
1981	7	4	2	25.4	31.1
1981	7	5	0	26.2	31.5
1981	7	6	0	26.7	31.6
1981	7	7	0	26.7	30.8
1981	7	8	4	25.6	32.2
1981	7	9	11	25.0	31.2
1981	7	10	2	26.1	31.7
1981	7	11	0	26.8	31.7
1981	7	12	3	25.8	30.6
1981	7	13	6	26.1	30.0
1981	7	14	7	26.4	30.9
1981	7	15	2	26.7	29.4
1981	7	16	47	25.2	28.2
1981	7	17	7	26.0	28.1
1981	7	18	14	24.8	28.7
1981	7	19	9	25.3	30.2
1981	7	20	27	24.6	31.1
1981	7	21	1	26.4	31.7
1981	7	22	3	27.2	32.7
1981	7	23	0	25.9	30.8
1981	7	24	8	26.1	29.6
1981	7	25	0	27.5	32.3
1981	7	26	0	27.8	32.4
1981	7	27	34	25.3	27.9
1981	7	28	7	25.6	31.7
1981	7	29	0	27.2	33.3
1981	7	30	23	25.6	28.1
1981	7	31	20	25.0	28.4
1981	8	1	10	25.0	32.2
1981	8	2	3	27.2	30.2
1981	8	3	12	25.0	32.2
1981	8	4	4	26.7	31.4
1981	8	5	0	26.4	31.7
1981	8	6	0	27.6	33.3
1981	8	7	2	26.7	30.0
1981	8	8	19	26.0	31.0
1981	8	9	7	26.4	30.4
1981	8	10	12	25.6	32.8
1981	8	11	0	28.2	33.1
1981	8	12	17	25.8	33.0
1981	8	13	20	25.8	33.3
1981	8	14	17	26.3	31.3
1981	8	15	0	26.1	31.6
1981	8	16	4	26.7	32.5
1981	8	17	0	27.1	33.6
1981	8	18	1	27.5	34.7
1981	8	19	2	28.3	36.5
1981	8	20	9	25.2	32.9
1981	8	21	1	26.7	33.9
1981	8	22	12	26.1	29.4
1981	8	23	19	-99.9	30.4
1981	8	24	15	25.4	30.8
1981	8	25	0	24.8	33.2
1981	8	26	0	26.1	32.8
1981	8	27	0	26.8	-99.9
1981	8	28	0	27.6	34.3
1981	8	29	0	26.9	33.3
1981	8	30	2	26.6	-99.9
1981	8	31	0	26.9	33.2
1981	9	1	2	27.8	33.3
1981	9	2	72	25.0	30.0
1981	9	3	20	24.4	32.3
1981	9	4	0	26.1	30.0
1981	9	5	2	-99.9	31.1
1981	9	6	2	26.7	31.4
1981	9	7	0	26.4	30.3
1981	9	8	0	26.7	29.6
1981	9	9	5	26.1	31.0
1981	9	10	2	26.6	30.7
1981	9	11	81	24.4	28.9
1981	9	12	67	24.0	31.1
1981	9	13	10	23.4	26.5
1981	9	14	8	25.0	32.4
1981	9	15	0	26.4	31.7
1981	9	16	9	25.9	33.1
1981	9	17	0	26.1	33.1
1981	9	18	0	26.0	33.1
1981	9	19	25	26.4	29.8
1981	9	20	4	24.2	32.5
1981	9	21	0	26.9	34.2
1981	9	22	0	27.1	35.0
1981	9	23	0	27.8	34.5
1981	9	24	0	27.2	34.7
1981	9	25	0	27.2	34.2
1981	9	26	1	25.6	30.1
1981	9	27	4	25.6	31.1
1981	9	28	0	26.7	32.2
1981	9	29	6	26.6	32.8
1981	9	30	0	27.2	31.2
1981	10	1	60	23.9	32.6
1981	10	2	0	26.7	33.1
1981	10	3	0	25.0	33.3
1981	10	4	0	25.0	33.2
1981	10	5	0	25.0	32.8
1981	10	6	0	25.6	32.8
1981	10	7	0	23.1	32.8
1981	10	8	0	23.3	33.3
1981	10	9	0	23.9	32.8
1981	10	10	0	23.9	33.3
1981	10	11	0	24.4	33.3
1981	10	12	0	25.0	33.2
1981	10	13	0	25.6	33.4
1981	10	14	0	26.7	30.7
1981	10	15	5	24.4	30.6
1981	10	16	17	23.9	31.8
1981	10	17	0	24.2	32.9
1981	10	18	0	21.9	31.9
1981	10	19	0	22.1	32.2
1981	10	20	0	23.3	32.2
1981	10	21	0	24.4	32.8
1981	10	22	0	22.8	32.8
1981	10	23	0	22.9	32.2
1981	10	24	0	23.0	32.4
1981	10	25	0	22.8	32.4
1981	10	26	0	22.9	32.2
1981	10	27	0	22.8	31.9
1981	10	28	0	21.7	31.5
1981	10	29	0	19.7	30.8
1981	10	30	0	19.7	30.6
1981	10	31	0	18.9	31.0
1981	11	1	0	19.2	31.1
1981	11	2	0	20.8	31.1
1981	11	3	0	21.9	31.9
1981	11	4	0	23.8	33.1
1981	11	5	9	23.3	30.0
1981	11	6	0	20.7	30.8
1981	11	7	0	18.3	29.6
1981	11	8	0	18.1	30.7
1981	11	9	0	18.8	30.6
1981	11	10	0	18.4	30.7
1981	11	11	0	18.9	30.8
1981	11	12	0	18.3	30.6
1981	11	13	0	18.9	30.8
1981	11	14	0	20.3	30.0
1981	11	15	0	18.9	28.8
1981	11	16	0	16.7	29.4
1981	11	17	0	16.7	31.1
1981	11	18	0	17.7	29.4
1981	11	19	0	16.8	28.2
1981	11	20	0	18.9	28.6
1981	11	21	0	16.9	30.0
1981	11	22	0	18.3	29.7
1981	11	23	0	17.7	29.9
1981	11	24	0	17.2	29.4
1981	11	25	0	16.0	29.4
1981	11	26	0	15.6	29.0
1981	11	27	0	15.0	29.1
1981	11	28	0	13.9	29.2
1981	11	29	0	13.9	28.9
1981	11	30	0	13.7	27.5
1981	12	1	0	15.0	27.7
1981	12	2	0	14.7	28.3
1981	12	3	0	12.0	28.2
1981	12	4	0	14.7	27.7
1981	12	5	0	13.9	28.1
1981	12	6	0	15.0	28.3
1981	12	7	0	15.6	28.3
1981	12	8	0	20.4	26.7
1981	12	9	0	17.5	26.0
1981	12	10	5	19.4	25.9
1981	12	11	29	18.3	21.2
1981	12	12	1	16.1	24.6
1981	12	13	0	13.3	24.7
1981	12	14	0	13.3	-99.9
1981	12	15	0	14.2	24.6
1981	12	16	0	13.3	23.9
1981	12	17	0	10.5	23.3
1981	12	18	0	10.0	23.1
1981	12	19	0	12.8	23.9
1981	12	20	0	11.9	24.3
1981	12	21	0	12.8	23.9
1981	12	22	0	12.8	25.0
1981	12	23	0	12.8	24.8
1981	12	24	0	12.2	24.8
1981	12	25	0	12.2	24.7
1981	12	26	0	11.5	25.0
1981	12	27	0	11.7	25.0
1981	12	28	0	12.2	24.7
1981	12	29	0	10.0	25.0
1981	12	30	0	10.6	25.0
1981	12	31	0	10.6	29.0
1982	1	1	0	11.0	24.3
1982	1	2	0	8.9	23.7
1982	1	3	0	9.2	23.9
1982	1	4	0	10.0	25.2
1982	1	5	0	10.8	25.6
1982	1	6	0	12.5	26.4
1982	1	7	0	13.9	26.7
1982	1	8	0	15.0	26.7
1982	1	9	0	12.2	26.1
1982	1	10	0	12.1	26.7
1982	1	11	0	16.7	26.1
1982	1	12	0	15.6	26.7
1982	1	13	0	14.4	25.4
1982	1	14	0	11.7	24.4
1982	1	15	0	10.6	24.4
1982	1	16	0	11.1	25.0
1982	1	17	0	10.4	24.7
1982	1	18	0	10.0	26.0
1982	1	19	0	10.6	25.8
1982	1	20	0	11.4	25.8
1982	1	21	0	11.1	26.7
1982	1	22	0	11.1	26.7
1982	1	23	0	12.5	27.8
1982	1	24	0	14.3	29.4
1982	1	25	0	14.4	29.0
1982	1	26	0	-99.9	30.1
1982	1	27	0	13.3	29.2
1982	1	28	0	13.3	26.1
1982	1	29	0	14.9	26.4
1982	1	30	0	13.9	26.1
1982	1	31	0	10.6	27.3
1982	2	1	0	15.7	24.7
1982	2	2	1	14.2	23.9
1982	2	3	0	12.5	25.0
1982	2	4	0	13.9	24.4
1982	2	5	3	15.7	26.2
1982	2	6	0	17.0	24.7
1982	2	7	0	10.8	25.0
1982	2	8	0	11.7	25.6
1982	2	9	0	10.6	25.6
1982	2	10	0	14.2	26.7
1982	2	11	0	14.2	26.1
1982	2	12	0	13.1	27.2
1982	2	13	6	17.7	26.9
1982	2	14	0	17.5	28.3
1982	2	15	0	15.1	26.1
1982	2	16	0	15.6	28.3
1982	2	17	0	17.2	27.7
1982	2	18	5	20.0	29.4
1982	2	19	0	16.3	30.0
1982	2	20	0	17.7	28.9
1982	2	21	0	15.6	29.8
1982	2	22	0	17.0	30.3
1982	2	23	0	16.9	28.3
1982	2	24	0	16.4	28.3
1982	2	25	0	13.3	28.3
1982	2	26	0	12.2	29.2
1982	2	27	0	12.8	29.7
1982	2	28	0	14.8	29.4
1982	3	1	0	16.7	30.8
1982	3	2	0	20.0	25.1
1982	3	3	0	16.9	27.9
1982	3	4	0	16.9	28.1
1982	3	5	0	15.0	28.3
1982	3	6	6	15.6	21.1
1982	3	7	27	17.2	27.9
1982	3	8	0	15.4	26.9
1982	3	9	0	15.4	28.7
1982	3	10	0	15.8	28.6
1982	3	11	0	20.4	31.1
1982	3	12	0	20.8	32.2
1982	3	13	0	20.0	29.4
1982	3	14	0	15.0	29.8
1982	3	15	0	16.1	31.3
1982	3	16	0	16.7	32.9
1982	3	17	0	21.7	-99.9
1982	3	18	23	18.9	30.7
1982	3	19	25	18.9	31.1
1982	3	20	0	23.9	32.2
1982	3	21	0	21.4	33.3
1982	3	22	0	19.1	33.8
1982	3	23	0	21.7	35.2
1982	3	24	0	23.9	36.1
1982	3	25	0	22.8	33.6
1982	3	26	0	23.6	33.0
1982	3	27	0	17.1	30.6
1982	3	28	0	18.3	31.4
1982	3	29	0	18.9	33.1
1982	3	30	0	24.2	35.1
1982	3	31	0	24.7	35.6
1982	4	1	0	25.3	-99.9
1982	4	2	0	26.4	37.0
1982	4	3	0	27.5	33.9
1982	4	4	0	21.4	35.6
1982	4	5	0	26.1	35.3
1982	4	6	7	-99.9	-99.9
1982	4	7	8	21.9	34.3
1982	4	8	0	22.8	35.6
1982	4	9	0	25.0	35.0
1982	4	10	0	23.6	35.2
1982	4	11	0	25.3	32.5
1982	4	12	6	21.0	32.8
1982	4	13	14	18.3	32.4
1982	4	14	4	21.1	31.4
1982	4	15	0	20.6	30.1
1982	4	16	0	20.0	30.8
1982	4	17	12	20.6	28.3
1982	4	18	4	20.0	28.1
1982	4	19	0	19.4	30.6
1982	4	20	3	20.6	31.1
1982	4	21	0	22.2	32.5
1982	4	22	0	23.3	32.8
1982	4	23	5	22.2	30.0
1982	4	24	0	22.2	32.5
1982	4	25	11	22.2	33.1
1982	4	26	7	19.2	29.2
1982	4	27	12	21.4	31.7
1982	4	28	11	22.0	32.2
1982	4	29	0	25.8	33.9
1982	4	30	0	25.8	34.6
1982	5	1	0	25.6	34.2
1982	5	2	19	22.2	32.9
1982	5	3	0	25.6	33.6
1982	5	4	0	26.1	35.0
1982	5	5	0	25.6	35.0
1982	5	6	0	25.0	34.4
1982	5	7	0	27.6	35.3
1982	5	8	9	22.2	34.2
1982	5	9	3	25.0	33.9
1982	5	10	21	22.8	33.9
1982	5	11	27	21.4	34.2
1982	5	12	48	19.4	34.4
1982	5	13	0	23.4	33.4
1982	5	14	0	27.2	34.4
1982	5	15	7	22.1	32.8
1982	5	16	0	26.7	33.4
1982	5	17	0	23.4	33.6
1982	5	18	0	24.0	34.7
1982	5	19	0	25.0	34.8
1982	5	20	0	25.6	35.6
1982	5	21	0	25.6	-99.9
1982	5	22	0	26.7	36.1
1982	5	23	0	26.0	36.7
1982	5	24	0	26.1	38.3
1982	5	25	0	28.0	37.2
1982	5	26	0	28.2	35.4
1982	5	27	3	27.1	33.9
1982	5	28	0	26.6	35.0
1982	5	29	8	23.3	34.2
1982	5	30	6	25.0	32.2
1982	5	31	3	25.6	34.4
1982	6	1	0	28.1	35.6
1982	6	2	0	29.2	36.6
1982	6	3	39	24.6	33.9
1982	6	4	4	24.4	32.1
1982	6	5	0	26.6	33.2
1982	6	6	0	27.2	34.6
1982	6	7	0	27.1	34.3
1982	6	8	0	27.5	33.7
1982	6	9	0	27.4	34.6
1982	6	10	2	27.2	28.3
1982	6	11	7	24.2	27.1
1982	6	12	13	24.5	32.2
1982	6	13	6	26.4	32.2
1982	6	14	0	25.8	30.7
1982	6	15	0	26.5	30.1
1982	6	16	2	26.4	31.9
1982	6	17	3	26.1	29.3
1982	6	18	10	25.6	27.5
1982	6	19	146	25.2	29.2
1982	6	20	21	24.9	29.6
1982	6	21	0	26.3	30.4
1982	6	22	1	26.1	31.8
1982	6	23	1	26.7	30.0
1982	6	24	31	24.4	32.7
1982	6	25	35	25.1	29.4
1982	6	26	1	27.2	33.8
1982	6	27	1	26.4	26.9
1982	6	28	40	22.1	31.7
1982	6	29	46	24.7	32.8
1982	6	30	105	23.6	31.1
1982	7	1	0	27.2	31.1
1982	7	2	0	27.2	32.8
1982	7	3	19	22.9	32.9
1982	7	4	0	28.8	31.4
1982	7	5	0	28.3	33.3
1982	7	6	12	25.0	32.9
1982	7	7	0	28.1	32.9
1982	7	8	0	27.2	32.7
1982	7	9	0	27.8	32.8
1982	7	10	0	27.2	30.3
1982	7	11	0	26.7	30.2
1982	7	12	5	25.8	31.0
1982	7	13	16	25.0	32.2
1982	7	14	0	27.3	32.8
1982	7	15	0	27.2	32.8
1982	7	16	0	28.1	32.9
1982	7	17	0	28.3	34.8
1982	7	18	0	28.3	34.4
1982	7	19	0	28.2	33.3
1982	7	20	2	27.5	31.1
1982	7	21	12	26.1	31.5
1982	7	22	13	26.7	30.4
1982	7	23	1	26.4	30.0
1982	7	24	7	26.1	31.1
1982	7	25	5	26.7	31.6
1982	7	26	28	25.0	32.2
1982	7	27	0	27.1	31.7
1982	7	28	5	25.8	30.3
1982	7	29	2	26.6	31.1
1982	7	30	8	26.9	30.6
1982	7	31	1	26.2	31.8
1982	8	1	21	25.3	32.2
1982	8	2	21	24.9	27.1
1982	8	3	77	25.0	28.4
1982	8	4	1	26.4	31.0
1982	8	5	0	26.1	31.4
1982	8	6	0	26.9	31.8
1982	8	7	2	26.1	30.0
1982	8	8	1	25.6	27.8
1982	8	9	37	24.4	28.3
1982	8	10	9	25.0	31.9
1982	8	11	0	27.2	32.8
1982	8	12	25	24.7	32.8
1982	8	13	18	24.3	32.5
1982	8	14	27	24.6	30.3
1982	8	15	1	26.9	31.1
1982	8	16	0	27.1	32.2
1982	8	17	0	27.5	33.2
1982	8	18	3	26.9	31.7
1982	8	19	4	26.4	30.1
1982	8	20	2	26.7	31.8
1982	8	21	5	26.9	32.1
1982	8	22	18	25.6	31.1
1982	8	23	23	25.3	29.0
1982	8	24	28	25.6	30.8
1982	8	25	0	27.1	31.1
1982	8	26	0	27.5	32.5
1982	8	27	0	27.6	32.7
1982	8	28	0	27.3	31.4
1982	8	29	0	26.5	28.8
1982	8	30	23	24.4	30.8
1982	8	31	0	26.6	30.6
1982	9	1	30	24.3	33.1
1982	9	2	0	27.2	33.9
1982	9	3	0	28.4	31.7
1982	9	4	0	27.7	31.9
1982	9	5	18	25.6	32.8
1982	9	6	0	27.2	33.3
1982	9	7	5	26.0	32.9
1982	9	8	1	27.8	34.8
1982	9	9	22	24.4	32.6
1982	9	10	3	26.4	30.7
1982	9	11	23	25.4	31.3
1982	9	12	11	25.4	31.1
1982	9	13	11	25.3	31.6
1982	9	14	22	25.4	30.0
1982	9	15	8	25.2	29.9
1982	9	16	10	24.2	33.1
1982	9	17	0	26.0	33.9
1982	9	18	0	25.4	31.6
1982	9	19	0	24.4	32.8
1982	9	20	0	26.4	32.8
1982	9	21	0	26.9	32.4
1982	9	22	0	26.7	33.5
1982	9	23	0	26.3	33.7
1982	9	24	0	26.2	34.2
1982	9	25	1	26.7	31.4
1982	9	26	0	27.5	31.8
1982	9	27	0	25.3	30.7
1982	9	28	82	23.0	25.7
1982	9	29	10	24.1	30.6
1982	9	30	1	25.4	32.8
1982	10	1	0	25.8	32.6
1982	10	2	0	23.3	31.8
1982	10	3	0	25.0	31.4
1982	10	4	1	25.3	30.7
1982	10	5	0	23.6	32.2
1982	10	6	0	25.3	32.8
1982	10	7	0	23.3	32.8
1982	10	8	0	24.8	32.8
1982	10	9	0	25.6	31.4
1982	10	10	0	23.9	31.9
1982	10	11	0	23.3	31.7
1982	10	12	0	22.8	31.9
1982	10	13	0	23.2	32.7
1982	10	14	0	23.1	32.8
1982	10	15	0	22.6	32.2
1982	10	16	25	25.4	33.6
1982	10	17	0	24.7	34.4
1982	10	18	0	24.9	34.0
1982	10	19	0	23.3	32.8
1982	10	20	0	23.3	33.3
1982	10	21	0	25.3	33.8
1982	10	22	75	21.5	33.9
1982	10	23	0	24.4	30.6
1982	10	24	45	22.5	28.4
1982	10	25	0	22.2	30.3
1982	10	26	0	21.1	30.6
1982	10	27	0	21.4	31.1
1982	10	28	0	21.1	30.3
1982	10	29	0	18.9	31.1
1982	10	30	0	21.1	31.7
1982	10	31	0	20.6	31.5
1982	11	1	0	20.3	31.2
1982	11	2	0	20.3	32.1
1982	11	3	0	20.6	31.8
1982	11	4	0	20.4	30.0
1982	11	5	0	18.9	30.0
1982	11	6	0	17.8	31.1
1982	11	7	1	21.2	29.2
1982	11	8	0	18.9	29.3
1982	11	9	0	20.7	29.0
1982	11	10	1	21.8	22.2
1982	11	11	33	18.9	21.0
1982	11	12	16	19.4	25.0
1982	11	13	0	17.5	26.9
1982	11	14	0	16.9	27.1
1982	11	15	0	18.9	27.4
1982	11	16	0	17.2	28.4
1982	11	17	0	17.2	29.3
1982	11	18	0	16.9	30.3
1982	11	19	0	16.7	30.0
1982	11	20	0	17.2	29.4
1982	11	21	0	17.2	28.7
1982	11	22	0	18.2	28.4
1982	11	23	0	18.3	28.6
1982	11	24	0	19.2	27.9
1982	11	25	0	15.6	26.7
1982	11	26	0	12.8	26.7
1982	11	27	0	14.3	26.7
1982	11	28	0	13.1	26.4
1982	11	29	0	15.4	25.7
1982	11	30	0	14.1	24.9
1982	12	1	0	12.8	25.0
1982	12	2	0	11.8	25.6
1982	12	3	0	12.4	26.1
1982	12	4	0	14.0	27.1
1982	12	5	0	14.0	26.4
1982	12	6	0	13.8	26.0
1982	12	7	0	12.3	25.4
1982	12	8	0	12.3	25.9
1982	12	9	0	13.9	26.9
1982	12	10	0	13.4	25.2
1982	12	11	0	13.9	27.2
1982	12	12	0	14.2	26.0
1982	12	13	0	15.0	25.7
1982	12	14	0	15.6	26.1
1982	12	15	0	15.4	27.2
1982	12	16	0	15.3	27.2
1982	12	17	0	14.8	26.7
1982	12	18	0	12.9	25.3
1982	12	19	0	12.6	25.6
1982	12	20	0	12.5	25.0
1982	12	21	0	13.1	25.0
1982	12	22	0	13.3	25.8
1982	12	23	0	13.1	25.7
1982	12	24	0	14.0	24.8
1982	12	25	0	16.1	25.0
1982	12	26	0	14.6	25.6
1982	12	27	0	14.6	25.4
1982	12	28	0	11.1	24.4
1982	12	29	0	14.0	24.4
1982	12	30	0	13.8	25.6
1982	12	31	0	13.9	21.1
1983	1	1	0	10.3	22.3
1983	1	2	0	10.0	22.9
1983	1	3	1	12.8	21.4
1983	1	4	0	11.4	23.3
1983	1	5	0	10.1	23.8
1983	1	6	0	10.3	22.2
1983	1	7	0	10.6	22.8
1983	1	8	0	10.0	23.4
1983	1	9	0	15.0	23.7
1983	1	10	7	17.5	24.9
1983	1	11	0	13.9	22.2
1983	1	12	0	10.3	22.9
1983	1	13	0	10.6	23.6
1983	1	14	0	13.2	23.9
1983	1	15	0	11.7	24.0
1983	1	16	0	11.1	23.9
1983	1	17	0	11.1	23.9
1983	1	18	0	14.3	25.3
1983	1	19	0	12.2	24.4
1983	1	20	0	13.9	26.4
1983	1	21	0	13.7	26.2
1983	1	22	0	12.1	26.5
1983	1	23	0	11.4	26.7
1983	1	24	0	14.2	26.1
1983	1	25	0	13.1	27.2
1983	1	26	0	13.6	27.8
1983	1	27	0	12.8	27.2
1983	1	28	0	12.8	28.1
1983	1	29	0	17.2	21.9
1983	1	30	6	16.1	25.0
1983	2	1	0	13.3	21.3
1983	2	2	0	13.1	22.8
1983	2	3	0	12.2	24.3
1983	2	4	0	11.4	23.3
1983	2	5	0	9.4	22.9
1983	2	6	0	9.3	23.3
1983	2	7	0	7.8	23.9
1983	2	8	0	10.3	25.6
1983	2	9	0	13.9	24.3
1983	2	10	0	13.4	27.2
1983	2	11	0	13.3	27.2
1983	2	12	0	13.3	26.7
1983	2	13	0	12.1	27.8
1983	2	14	0	14.0	29.4
1983	2	15	0	19.4	30.1
1983	2	16	0	17.5	31.7
1983	2	17	0	18.3	30.0
1983	2	18	0	17.2	28.9
1983	2	19	0	17.8	29.7
1983	2	20	0	17.5	28.6
1983	2	21	0	15.4	30.0
1983	2	22	7	15.8	22.4
1983	2	23	3	14.7	28.1
1983	2	24	1	17.5	29.0
1983	2	25	10	17.1	27.2
1983	2	26	40	15.8	27.1
1983	2	27	0	18.3	27.6
1983	2	28	0	14.3	27.0
1983	3	1	0	15.8	29.6
1983	3	2	0	21.1	30.2
1983	3	3	2	21.7	30.0
1983	3	4	4	18.9	31.1
1983	3	5	0	21.4	30.3
1983	3	6	0	18.4	28.0
1983	3	7	0	18.3	29.9
1983	3	8	0	20.8	30.0
1983	3	9	0	20.3	31.7
1983	3	10	0	19.7	32.8
1983	3	11	0	22.2	34.7
1983	3	12	0	22.8	36.2
1983	3	13	0	23.9	34.2
1983	3	14	0	19.7	33.3
1983	3	15	0	20.9	31.8
1983	3	16	3	17.8	26.1
1983	3	17	31	18.9	30.0
1983	3	18	0	23.1	31.7
1983	3	19	72	19.4	32.3
1983	3	20	0	24.7	30.0
1983	3	21	26	19.2	30.6
1983	3	22	0	22.8	30.0
1983	3	23	0	17.3	29.2
1983	3	24	0	17.2	30.0
1983	3	25	0	16.7	30.5
1983	3	26	0	22.2	33.8
1983	3	27	0	16.7	32.5
1983	3	28	0	25.6	33.3
1983	3	29	0	23.3	33.5
1983	3	30	0	25.3	33.3
1983	3	31	0	22.8	33.9
1983	4	1	0	22.8	34.3
1983	4	2	0	24.6	34.2
1983	4	3	0	25.8	35.8
1983	4	4	0	26.4	36.9
1983	4	5	0	26.7	37.7
1983	4	6	0	25.6	35.4
1983	4	7	0	24.4	-99.9
1983	4	8	0	26.1	36.4
1983	4	9	0	26.4	35.0
1983	4	10	16	19.3	32.2
1983	4	11	54	17.9	29.4
1983	4	12	0	21.9	31.9
1983	4	13	0	20.8	30.6
1983	4	14	61	19.3	32.2
1983	4	15	0	24.4	31.3
1983	4	16	0	20.8	28.7
1983	4	17	0	20.3	31.7
1983	4	18	0	22.2	31.9
1983	4	19	0	22.8	31.4
1983	4	20	0	21.7	33.1
1983	4	21	0	21.4	34.1
1983	4	22	0	24.3	33.6
1983	4	23	0	22.3	33.2
1983	4	24	11	20.6	28.0
1983	4	25	0	20.6	32.5
1983	4	26	73	18.7	30.6
1983	4	27	0	25.0	32.5
1983	4	28	78	19.4	28.8
1983	4	29	9	23.3	32.8
1983	4	30	16	20.8	33.6
1983	5	1	3	23.3	27.8
1983	5	2	38	20.8	25.8
1983	5	3	28	20.8	31.6
1983	5	4	44	21.7	30.1
1983	5	5	16	24.4	32.5
1983	5	6	45	21.7	30.8
1983	5	7	0	23.3	33.3
1983	5	8	24	21.7	30.3
1983	5	9	0	24.2	30.0
1983	5	10	0	23.7	30.2
1983	5	11	43	20.7	30.2
1983	5	12	1	24.0	32.3
1983	5	13	0	23.6	32.5
1983	5	14	0	26.1	31.5
1983	5	15	0	24.8	32.9
1983	5	16	4	25.3	33.4
1983	5	17	0	26.9	31.3
1983	5	18	2	23.1	32.4
1983	5	19	0	26.5	32.7
1983	5	20	53	22.2	33.3
1983	5	21	27	22.2	30.7
1983	5	22	1	24.2	33.4
1983	5	23	18	21.9	31.9
1983	5	24	1	23.6	32.7
1983	5	25	0	27.2	34.6
1983	5	26	0	26.8	33.3
1983	5	27	0	27.5	35.6
1983	5	28	0	28.6	36.4
1983	5	29	0	28.2	35.0
1983	5	30	0	28.3	36.1
1983	5	31	0	29.3	36.1
1983	6	1	0	28.3	32.8
1983	6	2	0	28.1	33.1
1983	6	3	0	27.8	32.2
1983	6	4	5	26.7	32.8
1983	6	5	0	27.8	33.8
1983	6	6	16	23.9	34.4
1983	6	7	0	28.8	35.0
1983	6	8	24	22.2	35.3
1983	6	9	4	24.4	33.9
1983	6	10	2	26.7	34.0
1983	6	11	0	27.8	33.9
1983	6	12	14	22.8	35.6
1983	6	13	2	27.1	32.8
1983	6	14	54	23.9	31.4
1983	6	15	0	26.4	34.0
1983	6	16	0	27.8	33.1
1983	6	17	64	23.9	31.6
1983	6	18	40	24.7	33.1
1983	6	19	42	21.9	33.4
1983	6	20	8	24.2	33.2
1983	6	21	3	26.2	33.9
1983	6	22	0	28.1	33.3
1983	6	23	0	27.8	32.5
1983	6	24	0	27.7	32.5
1983	6	25	0	26.7	32.2
1983	6	26	1	26.1	30.0
1983	6	27	10	26.4	31.1
1983	6	28	9	24.3	30.8
1983	6	29	0	27.0	30.8
1983	6	30	2	26.9	31.4
1983	7	1	0	27.2	32.0
1983	7	2	6	26.6	30.3
1983	7	3	4	25.8	30.6
1983	7	4	45	25.3	28.1
1983	7	5	21	23.9	30.6
1983	7	6	0	26.4	31.4
1983	7	7	0	26.8	32.5
1983	7	8	0	27.2	33.6
1983	7	9	0	27.8	32.8
1983	7	10	0	28.1	32.2
1983	7	11	0	27.8	33.0
1983	7	12	0	28.3	34.1
1983	7	13	0	28.6	34.4
1983	7	14	0	28.8	33.3
1983	7	15	0	28.6	32.4
1983	7	16	0	28.3	33.9
1983	7	17	0	28.3	33.1
1983	7	18	2	27.2	33.3
1983	7	19	0	27.3	32.8
1983	7	20	2	26.9	33.2
1983	7	21	1	26.4	31.1
1983	7	22	18	25.2	31.1
1983	7	23	40	25.0	31.7
1983	7	24	4	26.1	30.6
1983	7	25	0	26.9	31.1
1983	7	26	1	26.7	30.6
1983	7	27	25	25.6	31.4
1983	7	28	6	26.4	30.8
1983	7	29	0	27.2	30.8
1983	7	30	4	25.8	32.2
1983	7	31	0	26.9	31.4
1983	8	1	1	26.9	31.8
1983	8	2	0	26.7	31.3
1983	8	3	28	25.3	26.4
1983	8	4	133	24.7	28.2
1983	8	5	66	24.7	26.9
1983	8	6	20	23.1	30.3
1983	8	7	8	25.4	33.2
1983	8	8	0	28.0	33.3
1983	8	9	0	27.9	31.8
1983	8	10	1	26.7	31.7
1983	8	11	2	25.1	31.5
1983	8	12	1	27.2	31.1
1983	8	13	0	27.2	31.3
1983	8	14	3	26.7	31.1
1983	8	15	4	26.1	32.3
1983	8	16	6	27.1	32.2
1983	8	17	7	27.8	33.6
1983	8	18	2	27.5	32.6
1983	8	19	2	26.7	31.9
1983	8	20	0	26.9	32.9
1983	8	21	0	27.8	32.8
1983	8	22	1	28.1	30.2
1983	8	23	41	24.7	26.5
1983	8	24	59	24.0	28.1
1983	8	25	25	24.2	29.6
1983	8	26	11	24.6	31.1
1983	8	27	0	26.7	32.2
1983	8	28	0	26.9	32.0
1983	8	29	0	26.4	32.1
1983	8	30	0	27.2	31.3
1983	8	31	16	25.4	31.7
1983	9	1	0	27.2	30.3
1983	9	2	0	26.4	31.3
1983	9	3	0	26.9	31.8
1983	9	4	1	26.5	29.7
1983	9	5	5	25.4	29.9
1983	9	6	11	25.3	27.3
1983	9	7	11	25.8	27.4
1983	9	8	122	24.3	31.7
1983	9	9	4	26.7	32.0
1983	9	10	2	26.9	31.1
1983	9	11	10	26.0	33.1
1983	9	12	0	26.0	30.4
1983	9	13	0	27.2	32.9
1983	9	14	22	26.2	31.9
1983	9	15	20	25.4	28.3
1983	9	16	17	25.0	29.2
1983	9	17	27	25.0	30.1
1983	9	18	3	26.4	29.7
1983	9	19	31	26.1	31.1
1983	9	20	0	26.8	32.2
1983	9	21	6	26.1	31.7
1983	9	22	0	26.7	31.9
1983	9	23	15	25.3	32.2
1983	9	24	0	26.4	32.2
1983	9	25	0	26.7	33.1
1983	9	26	0	26.9	33.0
1983	9	27	7	27.2	30.7
1983	9	28	8	25.3	32.3
1983	9	29	0	27.6	32.9
1983	9	30	0	26.4	31.9
1983	10	1	0	26.3	33.3
1983	10	2	0	27.5	32.6
1983	10	3	0	27.3	33.6
1983	10	4	0	26.8	33.6
1983	10	5	0	27.8	32.2
1983	10	6	13	23.3	28.3
1983	10	7	52	23.3	26.9
1983	10	8	7	25.2	29.4
1983	10	9	2	25.6	30.6
1983	10	10	12	23.9	27.2
1983	10	11	8	25.6	26.7
1983	10	12	14	23.9	31.2
1983	10	13	0	26.4	31.4
1983	10	14	0	25.0	31.7
1983	10	15	26	23.1	26.7
1983	10	16	1	24.6	30.6
1983	10	17	0	22.8	32.2
1983	10	18	0	19.4	29.8
1983	10	19	0	21.5	30.7
1983	10	20	0	21.4	31.8
1983	10	21	116	22.8	27.9
1983	10	22	0	23.9	30.6
1983	10	23	0	23.8	31.4
1983	10	24	0	25.8	32.2
1983	10	25	2	24.2	29.8
1983	10	26	0	21.1	30.4
1983	10	27	0	18.7	29.4
1983	10	28	0	21.7	31.1
1983	10	29	0	21.7	31.2
1983	10	30	0	21.1	31.8
1983	10	31	0	22.9	32.9
1983	11	1	0	22.1	32.8
1983	11	2	0	23.1	31.0
1983	11	3	0	21.1	30.3
1983	11	4	0	20.6	30.8
1983	11	5	0	19.7	31.3
1983	11	6	0	20.8	31.1
1983	11	7	0	20.6	29.3
1983	11	8	0	21.1	29.7
1983	11	9	0	23.9	27.2
1983	11	10	0	22.9	28.6
1983	11	11	0	20.8	29.1
1983	11	12	0	19.6	29.2
1983	11	13	0	19.2	-99.9
1983	11	16	0	18.5	30.8
1983	11	17	0	18.1	31.4
1983	11	18	0	17.4	30.3
1983	11	19	0	18.8	30.7
1983	11	20	0	18.4	30.8
1983	11	21	0	17.1	31.0
1983	11	22	0	16.8	30.5
1983	11	23	0	19.8	30.3
1983	11	24	0	21.1	30.2
1983	11	25	0	17.7	29.3
1983	11	26	0	17.4	31.7
1983	11	27	0	18.3	30.5
1983	11	28	0	16.3	30.4
1983	11	29	0	16.2	30.3
1983	11	30	0	16.2	28.0
1983	12	1	0	15.6	28.4
1983	12	2	0	15.9	28.6
1983	12	3	0	15.7	27.6
1983	12	4	0	14.9	28.8
1983	12	5	0	16.0	27.5
1983	12	6	0	14.8	27.3
1983	12	7	0	15.0	26.5
1983	12	8	0	17.4	26.5
1983	12	9	0	17.7	26.1
1983	12	10	0	16.1	26.2
1983	12	11	0	14.2	26.5
1983	12	12	0	14.0	26.4
1983	12	13	0	13.9	26.8
1983	12	14	0	13.3	27.4
1983	12	15	0	13.5	27.2
1983	12	16	0	13.6	26.5
1983	12	17	0	13.1	26.4
1983	12	18	0	13.0	26.8
1983	12	19	0	13.1	25.5
1983	12	20	0	12.2	27.0
1983	12	21	0	13.6	27.5
1983	12	22	0	14.6	28.4
1983	12	23	0	14.8	28.7
1983	12	24	0	16.7	27.6
1983	12	25	0	12.8	25.0
1983	12	26	1	16.3	17.0
1983	12	27	16	14.6	20.8
1983	12	28	1	11.1	21.0
1983	12	29	0	11.1	21.7
1983	12	30	0	9.8	21.8
1983	12	31	0	9.4	22.7
1984	1	1	0	12.1	24.3
1984	1	2	0	11.7	24.8
1984	1	3	0	16.8	25.5
1984	1	4	0	13.1	25.4
1984	1	5	0	13.4	25.5
1984	1	6	0	12.7	26.2
1984	1	7	0	13.3	26.4
1984	1	8	0	13.5	26.5
1984	1	9	0	13.8	26.3
1984	1	10	0	15.8	25.4
1984	1	11	0	13.8	25.6
1984	1	12	0	12.1	26.0
1984	1	13	0	12.9	26.5
1984	1	14	0	14.7	21.9
1984	1	15	0	10.8	26.0
1984	1	16	0	14.4	25.3
1984	1	17	6	15.6	23.3
1984	1	18	0	9.6	22.1
1984	1	19	0	9.9	23.3
1984	1	20	0	11.4	24.0
1984	1	21	1	13.1	24.5
1984	1	22	0	11.6	25.0
1984	1	23	0	14.8	18.1
1984	1	24	6	13.0	24.3
1984	1	25	0	11.6	24.5
1984	1	26	0	11.8	25.6
1984	1	27	0	12.4	25.7
1984	1	28	0	14.9	24.3
1984	1	29	0	17.0	27.2
1984	1	30	0	14.4	26.1
1984	1	31	0	9.9	25.2
1984	2	1	0	11.5	26.6
1984	2	2	0	11.9	28.1
1984	2	3	0	14.8	29.2
1984	2	4	0	16.2	29.0
1984	2	5	0	15.8	27.3
1984	2	6	0	13.4	24.1
1984	2	7	0	16.9	23.3
1984	2	8	0	16.1	22.6
1984	2	9	1	13.5	26.7
1984	2	10	0	12.4	27.4
1984	2	11	0	14.1	27.0
1984	2	12	0	15.6	29.1
1984	2	13	0	17.8	28.5
1984	2	14	0	16.4	24.4
1984	2	15	0	17.2	23.0
1984	2	16	0	13.7	28.4
1984	2	17	0	14.2	29.7
1984	2	18	0	15.6	30.5
1984	2	19	0	17.5	31.8
1984	2	20	0	18.7	33.0
1984	2	21	0	19.9	30.4
1984	2	22	0	18.9	30.7
1984	2	23	0	16.4	25.3
1984	2	24	0	12.2	25.4
1984	2	25	0	12.1	25.8
1984	2	26	0	11.7	27.3
1984	2	27	0	12.5	27.8
1984	2	28	0	13.8	28.2
1984	2	29	0	13.9	30.0
1984	3	1	0	14.2	30.3
1984	3	2	0	15.8	32.1
1984	3	3	0	16.6	31.8
1984	3	4	0	16.1	32.0
1984	3	5	0	17.6	31.4
1984	3	6	0	18.7	32.3
1984	3	7	0	18.9	33.3
1984	3	8	0	16.9	33.5
1984	3	9	0	18.8	34.9
1984	3	10	0	18.9	34.8
1984	3	11	0	21.0	34.7
1984	3	12	0	20.4	36.4
1984	3	13	0	23.1	34.6
1984	3	14	0	24.7	35.3
1984	3	15	1	24.2	32.5
1984	3	16	0	23.0	36.5
1984	3	17	0	22.9	37.0
1984	3	18	0	22.8	38.0
1984	3	19	0	23.1	37.5
1984	3	20	0	23.6	34.5
1984	3	21	0	19.4	35.2
1984	3	22	0	19.4	35.3
1984	3	23	0	20.0	36.3
1984	3	24	0	23.3	36.0
1984	3	25	0	23.9	35.6
1984	3	26	4	23.7	35.0
1984	3	27	0	21.4	32.5
1984	3	28	0	21.7	34.0
1984	3	29	0	25.4	35.5
1984	3	30	0	24.7	36.6
1984	3	31	0	25.4	35.2
1984	4	1	0	25.4	37.5
1984	4	2	0	25.4	37.6
1984	4	3	0	25.8	37.2
1984	4	4	0	26.2	35.0
1984	4	5	0	26.0	37.0
1984	4	6	0	26.4	35.4
1984	4	7	0	25.8	35.3
1984	4	8	71	18.2	31.8
1984	4	9	0	22.8	34.0
1984	4	10	13	20.6	30.6
1984	4	11	7	21.9	33.6
1984	4	12	0	23.0	34.5
1984	4	13	0	23.1	35.6
1984	4	14	0	24.7	35.8
1984	4	15	0	24.7	35.0
1984	4	16	0	25.3	34.0
1984	4	17	0	27.2	35.5
1984	4	18	0	27.1	35.0
1984	4	19	0	27.1	36.2
1984	4	20	0	27.4	34.6
1984	4	21	2	23.6	34.2
1984	4	22	0	26.9	35.1
1984	4	23	0	24.7	36.1
1984	4	24	0	25.7	31.9
1984	4	25	0	24.1	32.5
1984	4	26	0	24.6	35.6
1984	4	27	9	23.2	34.0
1984	4	28	0	22.6	33.2
1984	4	29	21	21.4	31.3
1984	4	30	1	24.2	26.9
1984	5	1	39	18.9	33.4
1984	5	2	1	23.4	34.2
1984	5	3	7	23.3	30.5
1984	5	4	14	22.5	34.0
1984	5	5	0	26.0	33.4
1984	5	6	13	24.1	29.8
1984	5	7	0	24.0	24.5
1984	5	8	14	19.8	28.0
1984	5	9	19	21.2	30.8
1984	5	10	91	19.9	27.7
1984	5	11	44	21.0	30.2
1984	5	12	27	22.5	28.5
1984	5	13	14	22.8	23.4
1984	5	14	44	21.5	27.4
1984	5	15	91	21.6	29.2
1984	5	16	38	23.2	32.5
1984	5	17	0	25.1	33.0
1984	5	18	0	27.6	33.6
1984	5	19	0	27.9	33.6
1984	5	20	0	27.8	33.7
1984	5	21	0	27.8	33.6
1984	5	22	0	28.3	33.8
1984	5	23	0	28.3	33.6
1984	5	24	0	28.6	32.2
1984	5	25	36	23.3	29.0
1984	5	26	76	24.7	30.4
1984	5	27	78	24.7	32.5
1984	5	28	60	25.0	32.8
1984	5	29	0	27.1	34.0
1984	5	30	1	27.5	34.3
1984	5	31	0	27.8	35.8
1984	6	1	0	28.4	35.8
1984	6	2	0	28.1	34.4
1984	6	3	5	25.4	29.8
1984	6	4	44	24.7	26.8
1984	6	5	77	23.9	29.2
1984	6	6	68	23.9	27.0
1984	6	7	102	22.9	30.3
1984	6	8	2	25.6	31.3
1984	6	9	2	26.9	31.7
1984	6	10	11	26.9	32.8
1984	6	11	0	28.3	35.1
1984	6	12	55	25.0	34.1
1984	6	13	0	28.1	31.6
1984	6	14	14	26.1	30.7
1984	6	15	23	25.6	30.7
1984	6	16	13	26.1	28.6
1984	6	17	5	26.0	29.6
1984	6	18	7	25.0	31.5
1984	6	19	50	25.9	31.5
1984	6	20	8	25.0	31.5
1984	6	21	3	27.0	32.1
1984	6	22	19	25.8	32.0
1984	6	23	19	25.8	29.0
1984	6	24	7	25.6	30.6
1984	6	25	7	25.8	28.0
1984	6	26	63	24.7	27.5
1984	6	27	31	24.6	30.8
1984	6	28	1	25.2	30.2
1984	6	29	0	26.0	31.0
1984	6	30	1	26.0	31.0
1984	7	1	4	26.4	31.3
1984	7	2	5	25.8	32.2
1984	7	3	1	26.8	31.4
1984	7	4	1	27.3	32.2
1984	7	5	0	27.1	31.6
1984	7	6	9	26.4	31.2
1984	7	7	1	27.1	29.6
1984	7	8	22	26.1	30.7
1984	7	9	13	25.5	30.5
1984	7	10	39	25.7	29.2
1984	7	11	60	24.4	28.3
1984	7	12	4	24.5	31.0
1984	7	13	1	26.4	32.2
1984	7	14	1	26.8	30.7
1984	7	15	151	23.3	27.4
1984	7	16	50	23.3	31.4
1984	7	17	2	26.2	32.5
1984	7	18	16	25.1	30.5
1984	7	19	2	26.4	31.7
1984	7	20	4	26.5	30.3
1984	7	21	4	26.4	32.4
1984	7	22	1	27.2	31.4
1984	7	23	84	24.7	28.5
1984	7	24	102	24.9	29.0
1984	7	25	3	25.6	31.0
1984	7	26	1	26.7	32.1
1984	7	27	7	27.1	31.8
1984	7	28	0	27.6	32.0
1984	7	29	25	25.8	30.8
1984	7	30	45	26.9	31.6
1984	7	31	36	25.3	32.3
1984	8	1	6	25.8	30.2
1984	8	2	26	24.9	30.0
1984	8	3	3	26.1	31.9
1984	8	4	1	27.1	31.5
1984	8	5	4	26.0	30.0
1984	8	6	44	24.9	33.0
1984	8	7	27	23.6	32.1
1984	8	8	4	26.4	32.2
1984	8	9	2	26.6	30.3
1984	8	10	0	26.7	31.6
1984	8	11	1	27.5	32.7
1984	8	12	0	29.0	33.2
1984	8	13	3	26.4	35.4
1984	8	14	8	26.3	33.0
1984	8	15	5	26.9	33.3
1984	8	16	10	25.9	31.0
1984	8	17	16	26.2	29.0
1984	8	18	33	24.5	30.3
1984	8	19	2	26.7	31.6
1984	8	20	3	27.2	31.0
1984	8	21	4	27.4	30.7
1984	8	22	5	26.4	31.7
1984	8	23	0	27.5	31.7
1984	8	24	4	26.2	29.4
1984	8	25	42	25.0	29.3
1984	8	26	9	25.6	29.0
1984	8	27	10	25.6	32.0
1984	8	28	14	24.8	29.4
1984	8	29	11	26.2	30.0
1984	8	30	14	26.1	31.6
1984	8	31	0	27.1	31.3
1984	9	1	0	27.3	31.7
1984	9	2	60	24.4	27.7
1984	9	3	24	23.9	30.2
1984	9	4	88	23.9	28.6
1984	9	5	17	23.3	28.0
1984	9	6	35	24.4	29.5
1984	9	7	12	24.9	31.1
1984	9	8	7	24.9	33.1
1984	9	9	0	27.2	31.8
1984	9	10	1	25.6	30.6
1984	9	11	4	26.6	31.8
1984	9	12	1	24.9	30.2
1984	9	13	3	25.6	32.0
1984	9	14	0	27.0	32.2
1984	9	15	1	27.2	29.3
1984	9	16	62	22.8	24.2
1984	9	17	88	22.2	30.0
1984	9	18	64	22.7	31.0
1984	9	19	0	26.1	30.4
1984	9	20	1	26.1	31.3
1984	9	21	0	25.6	32.5
1984	9	22	0	25.6	32.3
1984	9	23	10	26.1	33.5
1984	9	24	0	26.0	33.7
1984	9	25	0	25.4	34.0
1984	9	26	0	26.7	33.5
1984	9	27	0	25.0	34.5
1984	9	28	0	26.1	33.5
1984	9	29	0	26.0	34.5
1984	9	30	0	27.1	34.4
1984	10	1	0	26.9	33.3
1984	10	2	0	27.5	32.2
1984	10	3	3	26.4	31.5
1984	10	4	3	26.3	30.4
1984	10	5	0	26.1	29.3
1984	10	6	3	26.4	33.6
1984	10	7	0	27.1	34.0
1984	10	8	0	25.4	32.7
1984	10	9	0	25.9	32.6
1984	10	10	0	26.5	33.1
1984	10	11	0	25.6	33.5
1984	10	12	0	25.9	32.4
1984	10	13	0	27.0	30.8
1984	10	14	6	25.4	28.4
1984	10	15	4	24.9	30.2
1984	10	16	1	25.1	33.4
1984	10	17	0	26.4	33.0
1984	10	18	0	26.9	32.7
1984	10	19	0	28.2	31.2
1984	10	20	0	26.8	33.5
1984	10	21	15	26.0	33.0
1984	10	22	5	23.2	30.0
1984	10	23	18	24.7	31.0
1984	10	24	0	24.2	32.2
1984	10	25	0	24.1	31.9
1984	10	26	0	24.1	31.4
1984	10	27	0	23.6	31.6
1984	10	28	0	23.3	31.0
1984	10	29	0	23.7	31.8
1984	10	30	0	24.2	30.5
1984	10	31	0	24.3	31.5
1984	11	1	0	21.2	31.1
1984	11	2	0	22.3	30.7
1984	11	3	0	20.1	30.6
1984	11	4	0	18.9	31.6
1984	11	5	0	20.3	31.8
1984	11	6	0	21.1	30.0
1984	11	7	0	20.7	31.8
1984	11	8	0	20.0	31.0
1984	11	9	0	21.1	30.2
1984	11	10	0	18.1	29.7
1984	11	11	0	17.3	29.4
1984	11	12	0	18.8	30.4
1984	11	13	0	19.9	28.9
1984	11	14	0	17.3	29.5
1984	11	15	0	17.8	29.4
1984	11	16	0	18.2	29.0
1984	11	17	0	17.8	30.0
1984	11	18	0	17.3	29.7
1984	11	19	0	16.3	29.4
1984	11	20	0	17.4	29.0
1984	11	21	0	16.7	29.0
1984	11	22	0	17.1	29.1
1984	11	23	0	17.1	29.4
1984	11	24	0	19.2	30.8
1984	11	25	0	19.8	29.6
1984	11	26	0	18.4	28.2
1984	11	27	0	15.8	28.4
1984	11	28	0	17.2	29.5
1984	11	29	0	17.4	28.8
1984	11	30	0	15.7	29.4
1984	12	1	0	16.6	29.6
1984	12	2	0	18.1	29.8
1984	12	3	0	16.7	28.2
1984	12	4	0	15.1	27.5
1984	12	5	0	16.1	28.5
1984	12	6	0	16.4	28.5
1984	12	7	0	16.4	28.7
1984	12	8	0	15.8	28.0
1984	12	9	0	15.6	27.2
1984	12	10	0	15.0	27.4
1984	12	11	0	16.1	27.5
1984	12	12	0	16.3	27.1
1984	12	13	0	16.8	29.4
1984	12	14	0	19.9	30.0
1984	12	15	0	15.7	25.7
1984	12	16	0	12.8	24.5
1984	12	17	0	12.8	25.8
1984	12	18	0	13.4	25.6
1984	12	19	0	12.6	24.8
1984	12	20	0	11.2	25.0
1984	12	21	0	12.8	25.7
1984	12	22	0	12.6	25.5
1984	12	23	0	14.2	26.3
1984	12	24	0	13.2	25.1
1984	12	25	0	13.7	24.2
1984	12	26	0	13.6	23.8
1984	12	27	0	14.3	26.1
1984	12	28	0	13.4	25.8
1984	12	29	0	12.2	26.0
1984	12	30	0	12.0	26.2
1984	12	31	0	13.1	26.4
1985	1	1	0	13.1	21.1
1985	1	2	4	16.1	29.0
1985	1	3	0	15.7	26.5
1985	1	4	0	15.5	26.8
1985	1	5	0	14.3	26.3
1985	1	6	0	15.4	26.0
1985	1	7	3	16.8	25.2
1985	1	8	1	16.1	25.2
1985	1	9	0	18.9	26.2
1985	1	10	0	14.3	24.6
1985	1	11	0	12.4	25.7
1985	1	12	0	12.8	26.0
1985	1	13	0	12.2	24.5
1985	1	14	0	12.6	25.2
1985	1	15	0	12.5	24.8
1985	1	16	0	15.2	22.5
1985	1	17	0	12.5	24.7
1985	1	18	0	12.3	24.5
1985	1	19	0	11.6	26.0
1985	1	20	0	12.5	25.8
1985	1	21	0	13.3	27.2
1985	1	22	0	13.4	27.2
1985	1	23	0	15.4	27.0
1985	1	24	0	14.3	26.4
1985	1	25	0	15.6	27.6
1985	1	26	0	14.0	27.8
1985	1	27	0	13.1	28.4
1985	1	28	0	16.0	28.8
1985	1	29	0	16.1	27.6
1985	1	30	0	17.1	29.4
1985	1	31	0	17.8	29.4
1985	2	1	0	19.6	26.2
1985	2	2	0	15.0	28.0
1985	2	3	0	13.7	28.5
1985	2	4	0	13.8	27.6
1985	2	5	0	14.8	29.0
1985	2	6	0	19.8	28.7
1985	2	7	0	16.2	26.5
1985	2	8	0	12.3	28.4
1985	2	9	0	13.9	28.5
1985	2	10	0	13.7	29.8
1985	2	11	0	15.2	29.5
1985	2	12	0	16.0	31.0
1985	2	13	0	15.0	29.2
1985	2	14	0	15.3	27.5
1985	2	15	1	18.9	23.5
1985	2	16	0	16.1	27.5
1985	2	17	0	15.9	27.8
1985	2	18	0	14.8	28.2
1985	2	19	0	13.9	30.0
1985	2	20	0	14.0	31.6
1985	2	21	0	16.1	31.9
1985	2	22	0	16.1	30.7
1985	2	23	0	16.1	29.6
1985	2	24	0	15.6	32.0
1985	2	25	0	18.1	31.5
1985	2	26	0	20.6	32.4
1985	2	27	0	21.4	31.4
1985	2	28	0	18.6	29.8
1985	3	1	0	19.6	32.0
1985	3	2	0	21.7	33.0
1985	3	3	0	22.9	33.6
1985	3	4	0	23.3	34.0
1985	3	5	0	22.9	32.4
1985	3	6	0	22.9	32.8
1985	3	7	0	23.6	35.5
1985	3	8	0	23.8	35.0
1985	3	9	0	24.1	33.3
1985	3	10	0	22.4	36.5
1985	3	11	0	22.8	36.2
1985	3	12	0	20.7	36.4
1985	3	13	0	22.4	-99.9
1985	3	14	0	22.9	37.1
1985	3	15	0	23.8	36.4
1985	3	16	0	25.2	36.0
1985	3	17	0	23.3	36.0
1985	3	18	0	24.3	33.0
1985	3	19	0	26.6	35.0
1985	3	20	8	22.8	34.5
1985	3	21	0	24.3	34.7
1985	3	22	0	25.1	34.5
1985	3	23	0	23.9	34.0
1985	3	24	41	19.6	32.5
1985	3	25	91	18.2	29.3
1985	3	26	23	17.1	29.5
1985	3	27	0	22.1	32.2
1985	3	28	6	21.9	32.0
1985	3	29	26	20.4	31.0
1985	3	30	0	25.7	34.0
1985	3	31	0	23.9	33.8
1985	4	1	0	25.6	33.2
1985	4	2	0	25.9	34.3
1985	4	3	0	26.1	33.5
1985	4	4	0	24.3	35.6
1985	4	5	0	25.2	35.5
1985	4	6	0	25.8	35.7
1985	4	7	1	23.1	35.0
1985	4	8	6	23.9	31.6
1985	4	9	25	21.0	34.8
1985	4	10	0	26.4	34.0
1985	4	11	0	27.1	35.8
1985	4	12	0	26.8	35.4
1985	4	13	0	26.8	35.2
1985	4	14	0	26.5	35.5
1985	4	15	0	27.2	35.2
1985	4	16	0	26.1	33.5
1985	4	17	45	19.8	33.8
1985	4	18	27	21.1	33.0
1985	4	19	0	25.1	33.5
1985	4	20	7	23.4	33.0
1985	4	21	0	26.4	31.5
1985	4	22	11	23.9	32.7
1985	4	23	0	26.9	34.3
1985	4	24	0	26.6	35.2
1985	4	25	0	27.2	32.2
1985	4	26	0	25.0	35.0
1985	4	27	9	22.3	34.7
1985	4	28	32	18.2	27.0
1985	4	29	12	21.7	28.8
1985	4	30	1	22.8	30.0
1985	5	1	0	21.0	31.2
1985	5	2	0	23.7	30.5
1985	5	3	25	21.4	32.0
1985	5	4	10	24.0	33.7
1985	5	5	20	20.3	27.0
1985	5	6	24	20.0	26.4
1985	5	7	12	19.6	30.5
1985	5	8	0	23.4	32.7
1985	5	9	0	25.1	34.4
1985	5	10	0	24.4	33.9
1985	5	11	0	26.5	33.0
1985	5	12	12	22.7	31.0
1985	5	13	21	21.2	29.3
1985	5	14	22	22.3	34.0
1985	5	15	56	21.0	30.5
1985	5	16	3	23.3	34.2
1985	5	17	0	25.8	34.2
1985	5	18	0	25.6	34.8
1985	5	19	0	26.8	35.1
1985	5	20	0	26.9	33.1
1985	5	21	0	27.1	31.0
1985	5	22	23	25.0	33.3
1985	5	23	0	26.7	30.8
1985	5	24	0	26.6	32.2
1985	5	25	6	23.3	30.1
1985	5	26	42	23.9	35.0
1985	5	27	12	25.4	33.8
1985	5	28	8	24.2	33.0
1985	5	29	4	24.7	33.6
1985	5	30	0	27.8	33.5
1985	5	31	0	27.5	33.6
1985	6	1	0	28.1	32.5
1985	6	2	20	23.9	33.5
1985	6	3	1	27.9	34.3
1985	6	4	21	23.4	30.5
1985	6	5	14	27.1	31.2
1985	6	6	0	27.1	29.6
1985	6	7	3	25.4	33.3
1985	6	8	2	27.7	34.0
1985	6	9	0	28.4	33.8
1985	6	10	58	23.6	29.8
1985	6	11	2	24.6	32.0
1985	6	12	6	27.2	35.0
1985	6	13	0	28.6	32.5
1985	6	14	1	27.3	32.2
1985	6	15	14	25.7	29.8
1985	6	16	13	25.7	26.5
1985	6	17	92	25.6	30.5
1985	6	18	11	23.1	30.5
1985	6	19	12	22.8	29.0
1985	6	20	18	23.1	31.8
1985	6	21	1	27.2	32.5
1985	6	22	0	27.1	33.2
1985	6	23	0	26.8	33.8
1985	6	24	13	26.7	33.0
1985	6	25	8	26.6	31.7
1985	6	26	10	26.6	31.5
1985	6	27	1	27.7	31.5
1985	6	28	5	26.8	30.5
1985	6	29	11	26.4	30.6
1985	6	30	62	24.9	30.2
1985	7	1	6	25.9	30.0
1985	7	2	12	26.0	31.5
1985	7	3	2	26.2	29.8
1985	7	4	1	26.1	31.0
1985	7	5	21	25.1	29.8
1985	7	6	4	25.6	29.5
1985	7	7	8	26.2	29.5
1985	7	8	4	26.7	31.2
1985	7	9	5	26.2	28.5
1985	7	10	28	24.8	29.3
1985	7	11	14	26.1	30.8
1985	7	12	1	26.6	31.1
1985	7	13	2	26.4	31.5
1985	7	14	0	26.6	31.0
1985	7	15	1	26.0	29.5
1985	7	16	5	25.6	30.5
1985	7	17	11	25.7	29.2
1985	7	18	12	25.1	31.5
1985	7	19	0	26.4	32.0
1985	7	20	0	27.1	32.0
1985	7	21	3	26.2	30.7
1985	7	22	31	24.0	28.3
1985	7	23	32	24.7	31.8
1985	7	24	0	26.9	30.0
1985	7	25	40	23.4	28.0
1985	7	26	14	23.9	30.2
1985	7	27	0	26.6	32.2
1985	7	28	0	27.2	31.0
1985	7	29	4	26.4	32.8
1985	7	30	0	26.9	34.3
1985	7	31	1	27.3	34.1
1985	8	1	14	24.8	32.2
1985	8	2	1	26.0	28.7
1985	8	3	8	25.6	32.2
1985	8	4	0	27.0	33.0
1985	8	5	0	26.6	32.1
1985	8	6	2	25.6	31.2
1985	8	7	12	24.8	28.3
1985	8	8	19	25.6	29.8
1985	8	9	14	26.1	32.2
1985	8	10	0	27.5	34.0
1985	8	11	1	28.6	33.4
1985	8	12	21	26.7	34.7
1985	8	13	26	24.8	33.5
1985	8	14	0	27.7	32.5
1985	8	15	1	27.3	32.0
1985	8	16	2	27.8	32.1
1985	8	17	9	26.1	33.0
1985	8	18	2	27.5	32.0
1985	8	19	1	27.2	32.0
1985	8	20	2	27.5	32.0
1985	8	21	1	27.2	29.5
1985	8	22	69	27.4	29.9
1985	8	23	21	26.2	30.8
1985	8	24	0	26.9	31.7
1985	8	25	68	25.8	32.2
1985	8	26	11	26.3	31.5
1985	8	27	11	26.4	31.6
1985	8	28	1	26.7	31.6
1985	8	29	0	27.2	32.0
1985	8	30	0	26.8	32.4
1985	8	31	0	26.9	31.3
1985	9	1	12	25.4	32.0
1985	9	2	3	26.4	31.8
1985	9	3	5	26.2	29.8
1985	9	4	56	25.4	31.5
1985	9	5	9	25.0	32.0
1985	9	6	1	26.9	33.2
1985	9	7	5	26.7	32.3
1985	9	8	57	26.0	31.5
1985	9	9	0	27.4	32.0
1985	9	10	0	27.1	30.8
1985	9	11	6	25.0	32.3
1985	9	12	0	26.8	32.5
1985	9	13	1	26.6	32.8
1985	9	14	18	24.1	31.8
1985	9	15	12	24.5	29.2
1985	9	16	6	25.6	32.8
1985	9	17	0	26.2	33.2
1985	9	18	0	26.4	34.1
1985	9	19	0	26.6	35.0
1985	9	20	1	26.0	28.3
1985	9	21	60	23.8	30.7
1985	9	22	5	26.1	32.0
1985	9	23	2	26.8	30.5
1985	9	24	17	24.4	28.5
1985	9	25	0	24.9	33.2
1985	9	26	0	26.2	32.0
1985	9	27	28	25.1	31.5
1985	9	28	0	26.4	32.0
1985	9	29	0	26.2	32.0
1985	9	30	2	26.2	33.0
1985	10	1	5	23.0	33.0
1985	10	2	0	26.1	33.5
1985	10	3	0	26.4	33.5
1985	10	4	0	26.0	33.5
1985	10	5	0	26.1	34.0
1985	10	6	0	25.7	33.0
1985	10	7	0	24.9	33.7
1985	10	8	0	26.4	32.5
1985	10	9	0	25.5	33.2
1985	10	10	0	24.5	34.5
1985	10	11	0	26.7	33.7
1985	10	12	0	27.1	32.9
1985	10	13	4	26.1	35.5
1985	10	14	0	26.9	35.5
1985	10	15	0	26.1	33.5
1985	10	16	6	25.6	29.5
1985	10	17	64	24.4	30.5
1985	10	18	0	25.3	32.5
1985	10	19	0	23.9	31.0
1985	10	20	0	23.6	30.5
1985	10	21	0	21.0	31.6
1985	10	22	0	21.4	32.0
1985	10	23	0	21.3	32.0
1985	10	24	0	20.7	32.3
1985	10	25	0	20.6	32.0
1985	10	26	0	21.1	32.6
1985	10	27	0	22.4	32.0
1985	10	28	0	19.7	31.0
1985	10	29	0	20.0	30.7
1985	10	30	0	20.6	31.5
1985	10	31	0	20.4	31.7
1985	11	1	0	20.7	30.0
1985	11	2	0	21.0	31.7
1985	11	3	0	20.9	32.5
1985	11	4	0	21.3	31.3
1985	11	5	0	21.4	31.0
1985	11	6	0	20.9	31.0
1985	11	7	0	21.7	30.8
1985	11	8	0	18.8	30.7
1985	11	9	0	18.9	30.5
1985	11	10	0	19.8	31.1
1985	11	11	0	19.0	30.3
1985	11	12	0	19.3	29.5
1985	11	13	0	17.4	29.3
1985	11	14	0	15.9	29.7
1985	11	15	0	17.5	32.0
1985	11	16	0	18.8	33.3
1985	11	17	0	21.2	31.5
1985	11	18	0	23.3	31.0
1985	11	19	0	23.1	28.5
1985	11	20	0	19.3	29.0
1985	11	21	0	17.1	29.2
1985	11	22	0	16.6	30.0
1985	11	23	0	16.7	30.6
1985	11	24	0	16.2	30.0
1985	11	25	0	16.5	29.0
1985	11	26	0	16.8	28.1
1985	11	27	0	16.7	28.5
1985	11	28	0	15.9	29.0
1985	11	29	0	16.7	29.0
1985	11	30	0	16.1	29.4
1985	12	1	0	16.9	29.0
1985	12	2	0	16.3	29.0
1985	12	3	0	14.9	28.7
1985	12	4	0	16.2	27.4
1985	12	5	0	15.5	27.5
1985	12	6	0	14.0	27.4
1985	12	7	0	15.2	28.1
1985	12	8	0	15.5	28.2
1985	12	9	0	15.1	29.4
1985	12	10	0	15.6	27.5
1985	12	11	0	15.0	27.3
1985	12	12	0	14.8	28.5
1985	12	13	0	14.6	28.3
1985	12	14	0	15.8	28.0
1985	12	15	0	15.6	29.0
1985	12	16	0	16.7	28.7
1985	12	17	0	16.9	29.1
1985	12	18	0	17.8	29.5
1985	12	19	0	17.8	29.1
1985	12	20	0	15.0	28.6
1985	12	21	0	13.4	27.8
1985	12	22	0	13.1	29.0
1985	12	23	0	13.7	30.6
1985	12	24	0	15.8	29.5
1985	12	25	0	15.7	29.5
1985	12	26	0	15.3	29.5
1985	12	27	0	14.8	28.4
1985	12	28	0	18.4	25.7
1985	12	29	10	13.6	24.5
1985	12	30	0	12.4	23.0
1985	12	31	0	11.9	23.4
1986	1	1	0	12.2	23.3
1986	1	2	0	13.9	-99.9
1986	1	3	0	13.3	25.2
1986	1	4	0	13.2	23.0
1986	1	5	0	11.6	24.5
1986	1	6	0	13.3	25.4
1986	1	7	0	13.6	26.9
1986	1	8	0	14.2	26.0
1986	1	9	0	16.2	27.0
1986	1	10	0	17.7	25.5
1986	1	11	0	14.4	27.3
1986	1	12	0	16.9	26.4
1986	1	13	0	17.7	28.0
1986	1	14	0	12.0	28.0
1986	1	15	0	12.5	22.2
1986	1	16	20	14.5	22.1
1986	1	17	2	11.7	23.8
1986	1	18	0	10.6	25.3
1986	1	19	0	11.7	26.3
1986	1	20	0	12.2	27.1
1986	1	21	0	11.7	27.4
1986	1	22	0	12.8	27.2
1986	1	23	0	13.6	27.2
1986	1	24	0	13.7	27.6
1986	1	25	0	13.5	27.2
1986	1	26	0	12.6	28.5
1986	1	27	0	15.8	28.1
1986	1	28	0	12.8	29.1
1986	1	29	0	15.0	28.6
1986	1	30	0	15.8	30.0
1986	1	31	0	19.6	29.7
1986	2	1	0	19.5	28.4
1986	2	2	0	16.6	28.5
1986	2	3	0	15.0	28.5
1986	2	4	0	13.3	27.4
1986	2	5	0	14.9	29.2
1986	2	6	0	17.3	28.6
1986	2	7	0	15.8	30.5
1986	2	8	0	18.3	30.9
1986	2	9	0	18.0	30.5
1986	2	10	0	16.6	31.6
1986	2	11	0	16.6	29.3
1986	2	12	0	18.8	29.0
1986	2	13	0	16.6	30.0
1986	2	14	0	18.6	30.3
1986	2	15	0	20.6	27.5
1986	2	16	0	16.6	27.8
1986	2	17	0	14.5	27.2
1986	2	18	0	13.4	26.7
1986	2	19	0	12.8	27.8
1986	2	20	0	13.6	29.4
1986	2	21	0	15.4	31.2
1986	2	22	0	16.2	31.6
1986	2	23	0	19.0	32.3
1986	2	24	0	17.6	29.7
1986	2	25	0	15.5	29.7
1986	2	26	0	14.9	30.0
1986	2	27	0	15.0	30.2
1986	2	28	0	14.4	30.2
1986	3	1	0	16.3	31.3
1986	3	2	0	17.8	27.5
1986	3	3	0	16.4	30.8
1986	3	4	0	16.1	32.7
1986	3	5	0	17.3	33.0
1986	3	6	0	18.6	32.1
1986	3	7	9	18.9	32.0
1986	3	8	0	19.4	33.4
1986	3	9	0	22.0	33.9
1986	3	10	0	21.1	36.0
1986	3	11	0	21.9	36.5
1986	3	12	0	22.8	37.5
1986	3	13	0	23.8	36.8
1986	3	14	0	24.1	36.6
1986	3	15	0	22.0	37.5
1986	3	16	10	21.3	35.0
1986	3	17	0	18.3	33.3
1986	3	18	0	17.3	34.3
1986	3	19	0	20.6	35.0
1986	3	20	0	22.1	35.4
1986	3	21	0	21.8	34.0
1986	3	22	0	18.9	35.3
1986	3	23	0	21.4	37.5
1986	3	24	0	22.1	37.1
1986	3	25	0	22.8	33.4
1986	3	26	4	21.8	35.3
1986	3	27	0	19.8	36.8
1986	3	28	0	20.7	38.0
1986	3	29	0	23.4	39.5
1986	3	30	0	25.1	39.5
1986	3	31	0	26.3	38.8
1986	4	1	30	19.0	34.4
1986	4	2	0	25.3	34.4
1986	4	3	0	25.1	30.8
1986	4	4	22	18.3	31.4
1986	4	5	0	22.1	30.2
1986	4	6	14	19.4	31.8
1986	4	7	0	21.8	34.2
1986	4	8	1	21.7	34.0
1986	4	9	20	21.1	31.5
1986	4	10	1	22.4	34.0
1986	4	11	2	23.1	33.8
1986	4	12	0	22.7	34.2
1986	4	13	0	21.3	33.7
1986	4	14	0	25.6	36.1
1986	4	15	5	26.0	36.6
1986	4	16	0	26.9	38.0
1986	4	17	0	26.6	36.0
1986	4	18	0	26.7	36.5
1986	4	19	30	25.1	35.0
1986	4	20	0	23.3	36.0
1986	4	21	49	21.4	31.2
1986	4	22	0	22.0	34.2
1986	4	23	0	22.8	35.0
1986	4	24	0	24.4	32.5
1986	4	25	57	20.8	32.0
1986	4	26	0	22.1	32.5
1986	4	27	12	20.5	29.2
1986	4	28	2	21.1	31.3
1986	4	29	2	21.2	33.2
1986	4	30	0	20.0	29.5
1986	5	1	11	20.8	33.7
1986	5	2	0	23.7	33.5
1986	5	3	0	26.6	35.2
1986	5	4	8	21.6	28.5
1986	5	5	9	24.1	35.0
1986	5	6	22	20.7	30.0
1986	5	7	5	21.1	29.6
1986	5	8	0	21.7	32.0
1986	5	9	0	24.0	34.6
1986	5	10	0	24.6	35.8
1986	5	11	0	26.2	35.0
1986	5	12	1	22.9	33.6
1986	5	13	0	23.9	33.8
1986	5	14	10	22.8	34.3
1986	5	15	0	27.2	33.5
1986	5	16	19	20.7	30.6
1986	5	17	0	22.9	32.9
1986	5	18	24	22.2	33.0
1986	5	19	49	20.8	32.2
1986	5	20	13	22.8	32.6
1986	5	21	0	26.8	34.0
1986	5	22	0	24.8	35.4
1986	5	23	0	25.0	36.4
1986	5	24	0	25.0	37.2
1986	5	25	0	27.1	35.7
1986	5	26	19	22.2	35.4
1986	5	27	1	22.0	34.0
1986	5	28	0	24.7	35.0
1986	5	29	0	26.1	35.2
1986	5	30	0	26.8	35.4
1986	5	31	0	27.0	35.9
1986	6	1	0	27.2	36.4
1986	6	2	0	27.6	36.5
1986	6	3	23	22.7	35.8
1986	6	4	0	26.7	36.4
1986	6	5	0	28.1	36.1
1986	6	6	0	28.6	35.8
1986	6	7	0	28.6	36.5
1986	6	8	0	28.9	36.8
1986	6	9	0	28.9	35.4
1986	6	10	21	23.9	35.4
1986	6	11	0	26.7	35.0
1986	6	12	0	26.9	34.8
1986	6	13	9	25.3	35.0
1986	6	14	16	27.2	32.8
1986	6	15	15	26.0	33.0
1986	6	16	1	26.7	32.0
1986	6	17	0	26.7	31.2
1986	6	18	1	26.7	33.2
1986	6	19	0	27.2	33.3
1986	6	20	4	26.8	33.2
1986	6	21	4	26.5	29.5
1986	6	22	11	26.0	31.6
1986	6	23	6	26.5	32.8
1986	6	24	1	26.6	33.4
1986	6	25	2	26.2	29.4
1986	6	26	12	25.8	31.3
1986	6	27	40	26.0	30.0
1986	6	28	12	26.1	31.0
1986	6	29	5	25.4	28.8
1986	6	30	121	24.7	31.0
1986	7	1	80	25.0	31.5
1986	7	2	2	25.8	34.0
1986	7	3	0	27.4	34.5
1986	7	4	0	26.0	33.4
1986	7	5	18	25.8	32.1
1986	7	6	0	26.4	33.0
1986	7	7	0	26.7	28.5
1986	7	8	5	26.3	31.2
1986	7	9	0	27.2	33.5
1986	7	10	24	26.2	33.8
1986	7	11	1	27.0	32.9
1986	7	12	0	27.5	33.0
1986	7	13	0	27.4	32.5
1986	7	14	3	27.0	31.3
1986	7	15	10	27.0	33.4
1986	7	16	1	27.4	32.8
1986	7	17	0	27.0	32.5
1986	7	18	0	27.2	29.8
1986	7	19	10	26.5	32.7
1986	7	20	0	27.0	32.2
1986	7	21	10	26.1	32.8
1986	7	22	9	25.6	28.2
1986	7	23	113	25.0	31.1
1986	7	24	2	25.0	29.8
1986	7	25	28	25.0	29.5
1986	7	26	56	23.9	29.3
1986	7	27	29	24.9	30.2
1986	7	28	0	24.7	32.8
1986	7	29	32	23.9	32.2
1986	7	30	8	26.0	32.0
1986	7	31	2	26.5	32.5
1986	8	1	0	26.8	32.6
1986	8	2	0	27.2	32.2
1986	8	3	2	25.6	33.3
1986	8	4	6	26.0	33.8
1986	8	5	12	25.6	32.5
1986	8	6	8	26.5	30.0
1986	8	7	1	25.1	34.0
1986	8	8	0	27.0	34.0
1986	8	9	28	26.8	35.0
1986	8	10	1	25.6	36.0
1986	8	11	1	27.2	34.5
1986	8	12	12	26.2	33.0
1986	8	13	0	26.9	30.3
1986	8	14	3	26.4	31.4
1986	8	15	10	26.7	33.2
1986	8	16	1	26.3	32.8
1986	8	17	1	27.5	33.5
1986	8	18	0	27.8	33.9
1986	8	19	1	26.7	33.6
1986	8	20	1	27.0	31.8
1986	8	21	18	26.1	32.7
1986	8	22	5	26.7	30.0
1986	8	23	12	26.2	32.8
1986	8	24	7	26.9	33.0
1986	8	25	0	27.6	30.2
1986	8	26	30	25.6	31.0
1986	8	27	5	25.8	34.0
1986	8	28	1	27.4	35.5
1986	8	29	0	28.0	34.2
1986	8	30	5	27.0	35.5
1986	8	31	0	27.4	34.1
1986	9	1	25	25.3	33.4
1986	9	2	0	26.7	34.0
1986	9	3	1	27.2	33.6
1986	9	4	11	25.4	31.7
1986	9	5	3	26.0	33.8
1986	9	6	0	26.8	33.1
1986	9	7	3	26.8	34.3
1986	9	8	40	26.0	32.0
1986	9	9	68	25.6	32.0
1986	9	10	21	25.6	30.9
1986	9	11	20	25.0	30.0
1986	9	12	9	24.6	31.0
1986	9	13	0	26.1	32.2
1986	9	14	0	26.4	33.0
1986	9	15	3	26.2	33.4
1986	9	16	0	26.8	32.7
1986	9	17	4	25.6	30.5
1986	9	18	1	25.9	34.0
1986	9	19	0	26.7	34.4
1986	9	20	0	25.3	34.5
1986	9	21	0	25.6	32.5
1986	9	22	0	26.4	30.0
1986	9	23	65	23.9	30.8
1986	9	24	10	23.3	31.0
1986	9	25	2	24.4	27.0
1986	9	26	37	23.0	24.0
1986	9	27	145	21.4	25.0
1986	9	28	176	21.7	28.4
1986	9	29	2	23.4	25.0
1986	9	30	41	23.3	28.4
1986	10	1	27	24.4	30.8
1986	10	2	4	25.0	30.0
1986	10	3	35	24.0	31.8
1986	10	4	0	26.1	30.3
1986	10	5	0	24.9	29.3
1986	10	6	2	24.6	27.8
1986	10	7	74	23.4	29.0
1986	10	8	11	24.1	27.5
1986	10	9	48	24.0	30.8
1986	10	10	0	24.0	31.1
1986	10	11	0	23.9	30.2
1986	10	12	2	24.4	32.4
1986	10	13	1	24.1	32.5
1986	10	14	0	22.5	30.8
1986	10	15	6	23.3	30.1
1986	10	16	27	20.6	32.5
1986	10	17	0	25.0	32.5
1986	10	18	0	22.5	31.9
1986	10	19	0	23.4	32.1
1986	10	20	0	22.8	31.5
1986	10	21	0	21.9	31.7
1986	10	22	0	21.9	31.7
1986	10	23	0	21.7	32.5
1986	10	24	0	20.7	32.5
1986	10	25	0	21.4	33.2
1986	10	26	0	21.9	33.2
1986	10	27	0	22.1	32.4
1986	10	28	0	21.6	31.0
1986	10	29	0	21.1	32.2
1986	10	30	0	22.9	33.9
1986	10	31	0	25.3	33.0
1986	11	1	0	23.9	32.3
1986	11	2	0	23.3	33.1
1986	11	3	0	24.0	31.9
1986	11	4	0	24.0	32.7
1986	11	5	0	25.4	27.8
1986	11	6	7	23.9	29.3
1986	11	7	0	24.7	31.0
1986	11	8	0	23.8	28.4
1986	11	9	74	21.2	22.8
1986	11	10	91	18.3	27.4
1986	11	11	0	20.7	28.0
1986	11	12	0	18.3	29.0
1986	11	13	0	19.1	29.0
1986	11	14	0	18.6	29.2
1986	11	15	0	18.3	29.6
1986	11	16	0	18.6	30.2
1986	11	17	0	18.3	29.8
1986	11	18	0	19.7	31.2
1986	11	19	0	19.9	29.4
1986	11	20	0	17.8	28.8
1986	11	21	0	17.9	28.6
1986	11	22	0	17.8	29.5
1986	11	23	0	18.1	29.7
1986	11	24	0	18.2	29.0
1986	11	25	0	17.3	29.5
1986	11	26	0	17.5	29.2
1986	11	27	0	16.8	30.0
1986	11	28	0	16.2	29.2
1986	11	29	0	16.8	29.4
1986	11	30	0	15.3	29.3
1986	12	1	0	15.6	28.4
1986	12	2	0	15.6	26.9
1986	12	3	0	15.6	29.0
1986	12	4	0	15.7	27.8
1986	12	5	0	15.6	27.4
1986	12	6	0	15.6	28.2
1986	12	7	0	15.0	28.2
1986	12	8	0	14.2	28.2
1986	12	9	0	14.4	27.8
1986	12	10	0	15.2	27.8
1986	12	11	0	16.7	28.0
1986	12	12	0	15.3	28.2
1986	12	13	0	18.0	28.2
1986	12	14	0	19.4	26.3
1986	12	15	0	17.2	27.8
1986	12	16	0	15.6	27.5
1986	12	17	0	17.8	27.5
1986	12	18	0	16.1	28.0
1986	12	19	0	16.8	29.0
1986	12	20	0	15.4	28.0
1986	12	21	0	17.4	26.2
1986	12	22	0	13.9	25.3
1986	12	23	0	12.2	25.6
1986	12	24	0	12.2	26.1
1986	12	25	0	14.1	27.4
1986	12	26	0	13.9	27.7
1986	12	27	0	12.5	28.0
1986	12	28	0	16.2	21.8
1986	12	29	3	13.8	25.1
1986	12	30	0	11.7	26.1
1986	12	31	0	12.2	24.0
1987	1	1	0	12.2	24.2
1987	1	2	0	8.8	24.4
1987	1	3	0	9.4	23.8
1987	1	4	0	11.4	26.2
1987	1	5	0	11.2	26.9
1987	1	6	0	10.8	27.1
1987	1	7	0	11.0	23.8
1987	1	8	0	13.6	27.3
1987	1	9	0	14.4	28.2
1987	1	10	0	14.4	28.0
1987	1	11	0	15.8	28.2
1987	1	12	2	18.3	26.8
1987	1	13	2	15.1	27.6
1987	1	14	0	13.3	27.1
1987	1	15	0	14.7	26.8
1987	1	16	0	12.8	26.9
1987	1	17	0	12.2	27.7
1987	1	18	0	13.9	28.4
1987	1	19	0	13.9	27.5
1987	1	20	0	12.8	24.9
1987	1	21	0	11.8	17.0
1987	1	22	0	12.7	24.8
1987	1	23	0	13.6	27.2
1987	1	24	0	13.6	26.8
1987	1	25	0	12.8	27.4
1987	1	26	0	13.1	28.7
1987	1	27	0	13.4	29.8
1987	1	28	0	13.0	28.5
1987	1	29	0	13.5	27.7
1987	1	30	0	14.1	29.0
1987	1	31	0	14.2	28.6
1987	2	1	0	13.9	29.4
1987	2	2	0	16.3	29.2
1987	2	3	0	18.4	24.8
1987	2	4	0	15.8	27.7
1987	2	5	0	15.6	21.6
1987	2	6	0	12.8	27.2
1987	2	7	0	14.7	29.0
1987	2	8	0	13.3	29.7
1987	2	9	0	13.0	29.5
1987	2	10	0	14.4	29.3
1987	2	11	0	14.9	29.0
1987	2	12	0	14.8	30.3
1987	2	13	0	15.5	30.8
1987	2	14	0	15.5	30.8
1987	2	15	0	16.7	31.7
1987	2	16	0	16.7	31.8
1987	2	17	0	16.7	31.7
1987	2	18	0	17.3	31.6
1987	2	19	0	18.4	32.5
1987	2	20	0	17.1	31.5
1987	2	21	0	15.7	32.8
1987	2	22	0	17.2	33.0
1987	2	23	0	18.3	34.0
1987	2	24	0	17.9	33.2
1987	2	25	0	17.4	33.7
1987	2	26	0	19.7	35.0
1987	2	27	0	22.3	28.8
1987	2	28	0	18.8	30.8
1987	3	1	0	18.0	30.1
1987	3	2	0	18.8	32.0
1987	3	3	0	16.7	32.0
1987	3	4	0	17.1	31.2
1987	3	5	15	17.2	29.8
1987	3	6	0	16.7	31.7
1987	3	7	0	19.3	32.5
1987	3	8	0	16.2	31.5
1987	3	9	1	20.3	31.6
1987	3	10	0	20.0	32.2
1987	3	11	0	19.1	27.4
1987	3	12	0	18.3	27.2
1987	3	13	1	17.2	27.2
1987	3	14	0	18.3	30.5
1987	3	15	0	17.2	30.5
1987	3	16	0	20.0	31.9
1987	3	17	0	22.8	35.3
1987	3	18	0	24.2	35.7
1987	3	19	0	22.8	35.2
1987	3	20	0	24.0	36.2
1987	3	21	16	19.3	33.3
1987	3	22	0	23.9	34.4
1987	3	23	0	23.3	35.5
1987	3	24	0	23.9	36.7
1987	3	25	0	21.5	36.2
1987	3	26	0	23.3	39.0
1987	3	27	0	23.0	37.0
1987	3	28	0	25.0	38.6
1987	3	29	0	24.2	36.0
1987	3	30	0	24.5	34.0
1987	3	31	0	24.5	34.0
1987	4	1	0	25.0	35.6
1987	4	2	0	25.6	38.0
1987	4	3	0	26.1	-99.9
1987	4	4	0	26.4	39.5
1987	4	5	0	26.0	38.2
1987	4	6	0	26.4	39.0
1987	4	7	0	23.9	36.0
1987	4	8	0	25.6	36.0
1987	4	9	0	26.7	35.9
1987	4	10	0	27.4	33.5
1987	4	11	15	22.5	34.5
1987	4	12	1	24.7	36.8
1987	4	13	0	26.8	35.8
1987	4	14	51	22.1	34.5
1987	4	15	16	22.1	35.2
1987	4	16	0	24.9	34.9
1987	4	17	0	25.8	36.2
1987	4	18	18	20.4	35.3
1987	4	19	0	24.2	32.6
1987	4	20	8	20.8	33.1
1987	4	21	0	23.2	35.8
1987	4	22	0	25.0	33.8
1987	4	23	0	26.5	30.2
1987	4	24	5	21.7	28.6
1987	4	25	34	21.2	24.8
1987	4	26	67	18.9	28.7
1987	4	27	0	23.1	26.5
1987	4	28	13	20.6	25.8
1987	4	29	2	19.6	31.0
1987	4	30	0	23.2	30.0
1987	5	1	56	18.9	30.5
1987	5	2	0	23.0	32.2
1987	5	3	11	20.5	27.8
1987	5	4	1	21.7	30.5
1987	5	5	0	22.3	32.3
1987	5	6	0	21.0	31.0
1987	5	7	0	23.6	29.2
1987	5	8	2	23.0	34.2
1987	5	9	0	25.6	35.0
1987	5	10	0	26.6	34.5
1987	5	11	1	23.8	36.5
1987	5	12	0	26.5	37.6
1987	5	13	0	27.2	38.0
1987	5	14	0	26.7	-99.9
1987	5	15	0	26.1	38.0
1987	5	16	0	26.8	36.7
1987	5	17	0	27.5	37.0
1987	5	18	0	27.8	38.0
1987	5	19	0	21.1	36.5
1987	5	20	7	22.8	35.6
1987	5	21	17	24.3	34.5
1987	5	22	1	23.9	35.0
1987	5	23	0	25.4	35.8
1987	5	24	0	23.9	35.5
1987	5	25	13	22.3	35.5
1987	5	26	0	28.2	36.1
1987	5	27	0	24.7	36.6
1987	5	28	0	26.1	35.5
1987	5	29	0	25.8	36.5
1987	5	30	0	28.3	36.0
1987	5	31	0	27.8	35.5
1987	6	1	0	28.1	34.8
1987	6	2	0	28.2	32.8
1987	6	3	0	25.6	32.8
1987	6	4	15	25.9	29.5
1987	6	5	128	24.5	30.1
1987	6	6	25	25.5	34.2
1987	6	7	0	26.9	34.3
1987	6	8	0	28.3	29.0
1987	6	9	5	26.1	34.4
1987	6	10	9	27.2	34.1
1987	6	11	1	26.9	34.6
1987	6	12	0	27.1	35.3
1987	6	13	0	28.8	35.3
1987	6	14	1	28.7	35.4
1987	6	15	0	28.6	35.0
1987	6	16	0	28.9	37.0
1987	6	17	0	29.0	36.8
1987	6	18	2	29.5	-99.9
1987	6	19	16	-99.9	31.9
1987	6	20	22	26.5	-99.9
1987	6	21	3	-99.9	-99.9
1987	6	22	17	24.4	30.7
1987	6	23	47	26.0	32.0
1987	6	24	20	25.6	34.0
1987	6	25	5	27.0	32.9
1987	6	26	0	27.5	34.4
1987	6	27	0	28.0	35.0
1987	6	28	0	26.7	35.0
1987	6	29	0	28.1	35.2
1987	6	30	0	28.3	34.0
1987	7	1	0	28.8	33.0
1987	7	2	7	25.7	33.0
1987	7	3	20	25.0	33.2
1987	7	4	2	27.2	33.0
1987	7	5	24	26.7	32.3
1987	7	6	40	26.0	31.0
1987	7	7	19	26.9	32.4
1987	7	8	49	26.1	31.5
1987	7	9	6	26.7	31.1
1987	7	10	1	26.8	30.2
1987	7	11	4	26.2	30.8
1987	7	12	4	26.5	31.4
1987	7	13	8	26.0	30.0
1987	7	14	8	26.1	30.8
1987	7	15	22	26.4	34.1
1987	7	16	0	27.2	32.8
1987	7	17	6	27.7	31.8
1987	7	18	2	27.2	32.5
1987	7	19	14	25.8	32.1
1987	7	20	8	26.1	30.8
1987	7	21	2	27.2	32.0
1987	7	22	11	27.4	32.7
1987	7	23	2	28.3	32.0
1987	7	24	13	26.9	30.0
1987	7	25	89	25.5	28.4
1987	7	26	59	25.4	26.1
1987	7	27	30	24.2	31.6
1987	7	28	14	25.6	31.0
1987	7	29	33	25.9	32.2
1987	7	30	21	26.1	31.5
1987	7	31	8	25.6	26.5
1987	8	1	128	23.1	28.1
1987	8	2	44	22.6	30.5
1987	8	3	2	25.6	31.5
1987	8	4	0	26.6	32.3
1987	8	5	0	27.2	31.5
1987	8	6	0	25.9	32.5
1987	8	7	1	26.7	33.8
1987	8	8	0	27.4	34.0
1987	8	9	0	27.4	33.9
1987	8	10	0	27.8	34.0
1987	8	11	1	27.8	32.0
1987	8	12	12	26.7	33.3
1987	8	13	0	27.4	33.0
1987	8	14	2	26.6	31.2
1987	8	15	0	27.5	32.0
1987	8	16	0	27.2	32.3
1987	8	17	1	26.7	33.2
1987	8	18	28	26.5	34.7
1987	8	19	0	29.0	31.3
1987	8	20	8	26.4	30.5
1987	8	21	9	25.9	32.5
1987	8	22	31	26.1	31.5
1987	8	23	2	26.5	33.0
1987	8	24	3	28.5	33.7
1987	8	25	9	26.5	29.5
1987	8	26	7	26.1	27.4
1987	8	27	138	25.4	28.2
1987	8	28	30	25.0	30.2
1987	8	29	5	26.1	31.5
1987	8	30	1	26.7	32.7
1987	8	31	0	27.1	32.0
1987	9	1	0	26.9	32.5
1987	9	2	0	27.2	33.4
1987	9	3	1	27.2	30.1
1987	9	4	38	26.1	31.0
1987	9	5	2	27.4	33.0
1987	9	6	5	27.2	32.8
1987	9	7	7	27.4	32.5
1987	9	8	0	27.4	32.8
1987	9	9	0	27.2	32.9
1987	9	10	1	26.7	32.7
1987	9	11	9	26.1	30.0
1987	9	12	17	25.0	31.5
1987	9	13	14	27.3	32.2
1987	9	14	0	27.7	33.3
1987	9	15	1	27.4	33.5
1987	9	16	0	27.5	34.4
1987	9	17	0	27.4	34.6
1987	9	18	0	27.3	34.5
1987	9	19	0	27.8	32.3
1987	9	20	24	26.8	33.2
1987	9	21	0	26.8	32.2
1987	9	22	22	25.1	30.0
1987	9	23	73	24.4	31.0
1987	9	24	8	25.8	30.2
1987	9	25	82	25.0	29.0
1987	9	26	7	26.1	32.0
1987	9	27	0	27.1	31.8
1987	9	28	0	26.7	31.3
1987	9	29	47	23.3	33.1
1987	9	30	5	24.8	32.5
1987	10	1	0	25.6	32.5
1987	10	2	0	25.0	34.0
1987	10	3	0	26.7	34.2
1987	10	4	0	26.3	35.0
1987	10	5	0	27.0	35.0
1987	10	6	0	27.3	34.3
1987	10	7	0	26.4	32.0
1987	10	8	16	25.6	30.0
1987	10	9	37	24.0	28.0
1987	10	10	3	24.4	31.3
1987	10	11	0	25.2	32.0
1987	10	12	0	24.7	32.4
1987	10	13	0	24.2	33.1
1987	10	14	0	24.9	33.4
1987	10	15	0	25.6	33.3
1987	10	16	0	25.8	33.2
1987	10	17	0	25.7	35.1
1987	10	18	0	27.3	34.0
1987	10	19	0	26.7	34.9
1987	10	20	0	26.9	27.8
1987	10	21	48	22.4	31.3
1987	10	22	0	19.6	30.5
1987	10	23	0	19.6	30.8
1987	10	24	0	21.1	31.6
1987	10	25	0	21.7	32.8
1987	10	26	0	23.6	32.7
1987	10	27	0	23.6	32.8
1987	10	28	0	21.7	31.9
1987	10	29	0	20.7	31.5
1987	10	30	0	21.1	31.2
1987	10	31	0	21.7	31.2
1987	11	1	0	22.2	31.3
1987	11	2	0	22.2	31.3
1987	11	3	0	23.2	30.4
1987	11	4	0	23.3	27.4
1987	11	5	0	22.1	31.3
1987	11	6	0	20.0	31.1
1987	11	7	0	20.2	31.0
1987	11	8	0	19.4	32.5
1987	11	9	0	20.3	33.0
1987	11	10	0	20.2	32.5
1987	11	11	0	21.1	32.5
1987	11	12	0	20.6	33.0
1987	11	13	0	25.4	29.1
1987	11	14	0	23.4	29.2
1987	11	15	0	24.6	28.4
1987	11	16	7	21.2	27.6
1987	11	17	0	18.8	29.3
1987	11	18	0	18.3	29.7
1987	11	19	0	16.7	29.7
1987	11	20	0	19.2	30.0
1987	11	21	0	18.3	29.5
1987	11	22	0	18.4	30.5
1987	11	23	0	18.3	30.2
1987	11	24	0	19.3	29.7
1987	11	25	0	19.6	29.8
1987	11	26	0	19.1	30.4
1987	11	27	0	18.9	29.2
1987	11	28	0	18.1	29.0
1987	11	29	0	15.8	29.7
1987	11	30	0	16.2	28.7
1987	12	1	0	16.7	29.0
1987	12	2	0	17.5	29.0
1987	12	3	0	16.7	29.0
1987	12	4	0	16.3	28.8
1987	12	5	0	16.4	27.7
1987	12	6	0	16.0	28.0
1987	12	7	0	16.2	28.6
1987	12	8	0	16.1	28.8
1987	12	9	0	15.6	29.2
1987	12	10	0	15.6	28.1
1987	12	11	0	16.2	28.0
1987	12	12	0	15.4	28.8
1987	12	13	2	19.7	23.0
1987	12	14	31	17.2	25.0
1987	12	15	0	15.3	26.8
1987	12	16	0	15.6	27.3
1987	12	17	0	15.1	27.5
1987	12	18	0	15.4	26.2
1987	12	19	0	15.6	26.9
1987	12	20	0	15.3	28.0
1987	12	21	0	15.0	22.8
1987	12	22	0	14.4	27.5
1987	12	23	0	13.9	27.2
1987	12	24	0	13.6	26.6
1987	12	25	0	13.4	26.1
1987	12	26	0	13.8	28.2
1987	12	27	0	12.7	28.1
1987	12	28	0	13.2	28.5
1987	12	29	0	12.5	26.3
1987	12	30	0	12.1	25.5
1987	12	31	0	12.2	26.0
1988	1	1	0	12.9	26.7
1988	1	2	0	12.9	26.0
1988	1	3	0	14.5	27.5
1988	1	4	0	15.8	27.2
1988	1	5	0	15.4	27.8
1988	1	6	0	16.7	28.7
1988	1	7	0	15.6	27.4
1988	1	8	0	14.0	26.8
1988	1	9	0	13.9	26.3
1988	1	10	0	14.1	26.8
1988	1	11	0	13.3	27.2
1988	1	12	0	13.3	28.0
1988	1	13	0	14.2	28.5
1988	1	14	0	15.8	27.5
1988	1	15	0	14.4	27.5
1988	1	16	0	16.3	27.5
1988	1	17	0	14.9	25.9
1988	1	18	0	12.8	26.7
1988	1	19	0	12.9	26.8
1988	1	20	0	14.0	26.7
1988	1	21	0	12.8	27.0
1988	1	22	0	11.7	28.0
1988	1	23	0	11.7	29.2
1988	1	24	0	12.2	27.9
1988	1	25	0	15.0	28.5
1988	1	26	0	14.6	26.0
1988	1	27	0	9.6	24.9
1988	1	28	0	11.2	26.4
1988	1	29	0	12.3	26.2
1988	1	30	0	11.1	27.1
1988	1	31	0	11.7	27.9
1988	2	1	0	11.7	28.0
1988	2	2	0	13.9	28.0
1988	2	3	0	14.3	27.9
1988	2	4	0	15.9	29.8
1988	2	5	0	15.5	30.5
1988	2	6	0	15.2	31.0
1988	2	7	0	15.2	29.8
1988	2	8	0	14.9	29.7
1988	2	9	0	14.7	30.8
1988	2	10	0	15.2	31.0
1988	2	11	0	15.1	32.0
1988	2	12	0	15.3	31.9
1988	2	13	0	16.4	32.3
1988	2	14	0	17.3	32.6
1988	2	15	0	17.9	28.8
1988	2	16	0	17.7	30.5
1988	2	17	6	18.8	29.0
1988	2	18	0	16.7	29.0
1988	2	19	0	14.4	30.2
1988	2	20	0	13.6	30.8
1988	2	21	0	14.9	31.2
1988	2	22	0	18.1	32.8
1988	2	23	0	18.9	26.8
1988	2	24	30	17.4	28.8
1988	2	25	1	19.8	28.9
1988	2	26	7	16.7	29.0
1988	2	27	0	17.0	30.5
1988	2	28	0	18.9	29.8
1988	2	29	0	22.3	31.8
1988	3	1	0	22.9	30.5
1988	3	2	38	19.2	29.2
1988	3	3	0	17.5	30.2
1988	3	4	0	18.4	29.5
1988	3	5	0	18.6	30.7
1988	3	6	0	20.6	32.0
1988	3	7	0	22.2	33.0
1988	3	8	0	20.3	33.0
1988	3	9	0	24.6	32.0
1988	3	10	0	20.6	32.8
1988	3	11	0	23.9	33.8
1988	3	12	12	19.7	29.0
1988	3	13	0	21.7	31.7
1988	3	14	0	20.8	28.5
1988	3	15	6	19.6	31.0
1988	3	16	0	17.2	31.8
1988	3	17	0	20.3	33.4
1988	3	18	0	25.2	32.6
1988	3	19	16	20.6	29.5
1988	3	20	2	20.6	32.4
1988	3	21	0	19.2	31.8
1988	3	22	0	17.2	32.7
1988	3	23	0	16.9	33.9
1988	3	24	0	18.8	34.0
1988	3	25	0	20.0	35.0
1988	3	26	0	23.3	36.2
1988	3	27	0	23.6	35.8
1988	3	28	0	25.6	35.0
1988	3	29	0	17.8	35.5
1988	3	30	0	21.0	37.0
1988	3	31	0	23.0	37.0
1988	4	1	0	23.8	38.2
1988	4	2	0	24.4	35.2
1988	4	3	0	26.1	37.0
1988	4	4	0	24.9	39.0
1988	4	5	0	24.9	38.2
1988	4	6	0	25.8	38.0
1988	4	7	0	26.1	38.7
1988	4	8	0	27.2	-99.9
1988	4	9	0	26.8	37.2
1988	4	10	0	27.2	38.0
1988	4	11	0	26.1	37.7
1988	4	12	3	26.3	37.0
1988	4	13	0	26.7	39.0
1988	4	14	0	24.4	38.0
1988	4	15	26	23.3	32.0
1988	4	16	122	18.9	31.8
1988	4	17	1	22.3	32.0
1988	4	18	0	23.8	33.0
1988	4	19	0	26.0	35.2
1988	4	20	0	25.4	34.8
1988	4	21	14	21.7	31.3
1988	4	22	64	20.5	30.5
1988	4	23	0	24.2	35.0
1988	4	24	0	22.8	34.5
1988	4	25	0	26.0	35.6
1988	4	26	23	21.2	33.6
1988	4	27	0	25.9	35.5
1988	4	28	0	26.4	34.5
1988	4	29	28	21.1	28.2
1988	4	30	1	22.4	32.2
1988	5	1	0	22.4	33.2
1988	5	2	0	24.4	34.7
1988	5	3	0	26.1	33.8
1988	5	4	1	25.0	35.0
1988	5	5	0	25.8	36.2
1988	5	6	0	24.6	34.0
1988	5	7	4	22.8	33.4
1988	5	8	1	23.7	36.0
1988	5	9	51	24.6	34.3
1988	5	10	5	28.1	34.5
1988	5	11	1	26.6	35.2
1988	5	12	0	25.6	33.4
1988	5	13	1	25.4	32.9
1988	5	14	5	23.4	33.4
1988	5	15	0	23.1	30.0
1988	5	16	21	25.0	30.0
1988	5	17	1	23.9	32.7
1988	5	18	0	26.0	31.8
1988	5	19	2	25.1	31.6
1988	5	20	4	25.6	32.0
1988	5	21	59	25.6	31.7
1988	5	22	82	25.3	31.5
1988	5	23	93	23.4	34.0
1988	5	24	35	23.9	34.4
1988	5	25	32	24.3	34.5
1988	5	26	21	25.2	34.0
1988	5	27	0	28.4	34.3
1988	5	28	0	28.3	34.5
1988	5	29	6	22.2	30.2
1988	5	30	86	21.7	30.8
1988	5	31	2	24.0	29.0
1988	6	1	8	24.2	33.8
1988	6	2	0	26.2	36.8
1988	6	3	8	26.0	35.3
1988	6	4	37	25.0	35.7
1988	6	5	0	27.3	36.7
1988	6	6	0	28.6	36.8
1988	6	7	51	25.6	32.5
1988	6	8	53	24.2	33.6
1988	6	9	1	26.8	33.7
1988	6	10	4	26.6	30.1
1988	6	11	15	24.7	31.0
1988	6	12	7	24.7	27.8
1988	6	13	78	22.7	27.5
1988	6	14	64	23.3	28.8
1988	6	15	18	24.1	27.1
1988	6	16	11	24.9	25.7
1988	6	17	28	24.3	28.5
1988	6	18	56	24.4	33.4
1988	6	19	0	27.3	34.1
1988	6	20	0	27.8	34.9
1988	6	21	0	27.5	33.2
1988	6	22	6	26.7	32.0
1988	6	23	2	27.1	30.1
1988	6	24	23	24.4	29.0
1988	6	25	48	25.0	32.7
1988	6	26	17	26.1	28.5
1988	6	27	37	25.3	29.2
1988	6	28	6	25.8	31.5
1988	6	29	2	26.7	34.3
1988	6	30	0	26.7	35.0
1988	7	1	0	27.8	33.7
1988	7	2	2	27.3	31.6
1988	7	3	4	27.2	33.0
1988	7	4	16	25.6	32.2
1988	7	5	14	25.7	29.2
1988	7	6	23	25.0	32.8
1988	7	7	40	25.4	31.0
1988	7	8	18	25.2	29.2
1988	7	9	24	25.1	29.2
1988	7	10	4	26.0	31.2
1988	7	11	9	26.2	31.7
1988	7	12	26	26.2	32.5
1988	7	13	2	26.7	32.2
1988	7	14	3	27.7	34.2
1988	7	15	14	25.8	30.8
1988	7	16	6	25.8	35.2
1988	7	17	2	26.7	33.1
1988	7	18	0	28.0	32.4
1988	7	19	2	27.3	33.4
1988	7	20	1	27.3	35.0
1988	7	21	0	27.9	33.2
1988	7	22	10	27.2	32.0
1988	7	23	7	25.2	30.5
1988	7	24	2	26.4	31.8
1988	7	25	0	27.8	33.0
1988	7	26	16	26.8	31.4
1988	7	27	6	26.4	31.9
1988	7	28	3	27.4	32.6
1988	7	29	0	26.8	32.9
1988	7	30	0	26.8	32.0
1988	7	31	1	26.9	34.1
1988	8	1	2	27.4	33.3
1988	8	2	0	27.5	33.2
1988	8	3	1	26.7	30.2
1988	8	4	6	26.7	32.0
1988	8	5	3	26.7	33.0
1988	8	6	4	27.8	31.2
1988	8	7	0	27.2	33.0
1988	8	8	0	27.6	32.6
1988	8	9	1	26.8	29.6
1988	8	10	0	26.7	31.1
1988	8	11	6	26.8	30.8
1988	8	12	34	25.8	32.1
1988	8	13	2	27.9	30.5
1988	8	14	10	26.7	30.3
1988	8	15	2	25.7	30.2
1988	8	16	0	27.3	33.4
1988	8	17	3	27.8	32.2
1988	8	18	0	27.3	31.0
1988	8	19	0	27.2	33.0
1988	8	20	2	27.6	32.5
1988	8	21	3	27.4	33.5
1988	8	22	22	25.4	30.8
1988	8	23	20	24.9	31.1
1988	8	24	3	27.3	33.2
1988	8	25	4	26.8	32.0
1988	8	26	0	27.5	31.8
1988	8	27	0	27.6	31.9
1988	8	28	0	27.6	30.8
1988	8	29	40	25.2	30.2
1988	8	30	1	25.3	32.7
1988	8	31	0	27.2	34.1
1988	9	1	0	27.4	34.0
1988	9	2	0	27.2	32.6
1988	9	3	20	26.3	29.8
1988	9	4	11	25.7	31.0
1988	9	5	0	27.7	29.0
1988	9	6	42	24.4	30.8
1988	9	7	1	25.8	33.3
1988	9	8	0	27.1	31.8
1988	9	9	18	25.4	30.3
1988	9	10	15	25.3	32.7
1988	9	11	29	25.0	34.0
1988	9	12	0	27.6	33.8
1988	9	13	1	28.0	30.2
1988	9	14	0	26.7	33.8
1988	9	15	1	26.7	33.9
1988	9	16	6	25.2	29.2
1988	9	17	17	25.9	33.0
1988	9	18	0	27.5	35.1
1988	9	19	2	27.7	36.0
1988	9	20	11	25.2	34.2
1988	9	21	0	27.6	33.4
1988	9	22	0	27.8	33.6
1988	9	23	0	28.2	33.8
1988	9	24	0	27.2	34.0
1988	9	25	13	27.2	35.8
1988	9	26	0	28.3	34.3
1988	9	27	0	27.9	34.8
1988	9	28	0	28.4	35.0
1988	9	29	1	25.3	32.5
1988	9	30	8	26.0	34.7
1988	10	1	0	27.0	33.8
1988	10	2	6	26.6	31.3
1988	10	3	3	26.1	33.4
1988	10	4	4	26.7	33.8
1988	10	5	17	24.4	33.3
1988	10	6	2	28.2	32.2
1988	10	7	8	24.7	32.7
1988	10	8	0	21.7	32.6
1988	10	9	0	22.9	32.5
1988	10	10	0	23.2	33.0
1988	10	11	0	25.6	34.8
1988	10	12	0	27.2	35.1
1988	10	13	5	23.8	32.2
1988	10	14	4	24.8	33.4
1988	10	15	0	25.0	33.2
1988	10	16	0	24.1	33.2
1988	10	17	0	24.7	33.8
1988	10	18	0	26.1	34.0
1988	10	19	35	23.5	26.5
1988	10	20	129	22.0	29.0
1988	10	21	0	21.9	31.2
1988	10	22	0	22.1	31.3
1988	10	23	0	21.9	32.4
1988	10	24	0	22.2	32.7
1988	10	25	0	22.7	32.5
1988	10	26	0	21.3	33.0
1988	10	27	0	21.9	33.0
1988	10	28	0	20.9	33.5
1988	10	29	0	21.4	33.8
1988	10	30	0	22.2	33.1
1988	10	31	0	22.2	33.6
1988	11	1	0	20.6	32.3
1988	11	2	0	21.1	31.0
1988	11	3	0	21.9	31.4
1988	11	4	0	22.8	31.2
1988	11	5	0	21.7	31.2
1988	11	6	0	22.1	30.9
1988	11	7	0	20.4	31.1
1988	11	8	0	21.1	31.8
1988	11	9	0	21.1	32.3
1988	11	10	0	20.4	33.0
1988	11	11	0	19.5	32.2
1988	11	12	0	20.8	32.1
1988	11	13	0	19.2	32.7
1988	11	14	0	18.4	32.4
1988	11	15	0	17.9	32.2
1988	11	16	0	17.5	31.8
1988	11	17	0	16.8	31.0
1988	11	18	0	18.4	30.6
1988	11	19	0	18.9	31.7
1988	11	20	0	21.1	30.2
1988	11	21	1	21.1	30.7
1988	11	22	0	18.9	31.0
1988	11	23	0	18.9	31.8
1988	11	24	0	18.8	31.2
1988	11	25	0	17.8	30.5
1988	11	26	0	15.6	30.0
1988	11	27	0	16.3	30.4
1988	11	28	0	20.8	23.0
1988	11	29	17	20.0	22.4
1988	11	30	135	19.6	21.6
1988	12	1	2	20.2	23.1
1988	12	2	1	17.7	27.2
1988	12	3	0	18.7	29.3
1988	12	4	0	18.5	28.6
1988	12	5	0	19.2	28.4
1988	12	6	0	20.1	28.2
1988	12	7	0	17.3	28.0
1988	12	8	0	16.9	27.0
1988	12	9	0	16.2	28.0
1988	12	10	0	15.6	28.7
1988	12	11	0	15.9	28.5
1988	12	12	0	17.2	28.3
1988	12	13	0	16.7	27.7
1988	12	14	0	16.2	27.1
1988	12	15	0	16.0	26.2
1988	12	16	0	14.3	26.8
1988	12	17	0	13.8	26.8
1988	12	18	0	14.2	27.2
1988	12	19	0	14.1	27.0
1988	12	20	0	15.4	28.2
1988	12	21	0	15.7	27.7
1988	12	22	0	14.7	28.0
1988	12	23	0	15.1	27.5
1988	12	24	0	15.0	28.1
1988	12	25	0	13.9	28.0
1988	12	26	0	14.9	28.0
1988	12	27	0	15.0	26.4
1988	12	28	0	16.4	27.2
1988	12	29	0	13.4	26.2
1988	12	30	0	13.1	26.4
1988	12	31	0	14.4	25.7
1989	1	1	0	14.7	26.4
1989	1	2	0	14.6	27.8
1989	1	3	0	14.6	27.4
1989	1	4	0	14.5	26.0
1989	1	5	0	13.2	25.9
1989	1	6	0	12.8	26.4
1989	1	7	0	13.1	26.8
1989	1	8	0	15.0	26.9
1989	1	9	0	13.4	27.9
1989	1	10	0	13.3	23.4
1989	1	11	0	9.7	23.0
1989	1	12	0	9.4	21.7
1989	1	13	0	6.8	22.4
1989	1	14	0	10.1	23.6
1989	1	15	0	9.6	24.3
1989	1	16	0	9.9	24.7
1989	1	17	0	11.0	24.4
1989	1	18	0	9.8	23.8
1989	1	19	0	10.1	24.2
1989	1	20	0	9.8	25.0
1989	1	21	0	10.2	25.0
1989	1	22	0	11.1	24.4
1989	1	23	0	10.6	24.4
1989	1	24	0	11.0	24.8
1989	1	25	0	10.8	26.0
1989	1	26	0	9.4	26.7
1989	1	27	0	8.9	26.4
1989	1	28	0	10.8	26.1
1989	1	29	0	10.7	26.5
1989	1	30	0	10.4	27.1
1989	1	31	0	11.1	26.9
1989	2	1	0	11.6	27.8
1989	2	2	0	14.7	28.2
1989	2	3	0	15.7	28.3
1989	2	4	0	15.2	27.4
1989	2	5	0	15.3	30.6
1989	2	6	0	19.7	29.9
1989	2	7	0	20.8	30.7
1989	2	8	0	17.7	30.0
1989	2	9	0	13.5	29.4
1989	2	10	0	14.8	28.7
1989	2	11	0	14.4	28.8
1989	2	12	0	16.4	27.6
1989	2	13	0	12.1	28.1
1989	2	14	0	14.4	30.1
1989	2	15	6	18.0	29.4
1989	2	16	0	16.3	30.0
1989	2	17	0	17.0	30.8
1989	2	18	0	18.0	29.4
1989	2	19	25	17.8	29.0
1989	2	20	1	12.1	22.7
1989	2	21	0	11.7	25.5
1989	2	22	0	12.9	26.8
1989	2	23	0	16.2	28.2
1989	2	24	0	14.0	28.0
1989	2	25	0	14.3	28.5
1989	2	26	0	14.6	29.7
1989	2	27	0	15.3	31.3
1989	2	28	0	16.1	32.6
1989	3	1	0	19.7	33.0
1989	3	2	0	18.4	33.7
1989	3	3	0	16.7	31.8
1989	3	4	0	15.6	30.8
1989	3	5	0	14.6	31.7
1989	3	6	0	16.1	32.6
1989	3	7	0	17.3	34.1
1989	3	8	0	19.2	33.8
1989	3	9	0	19.9	33.9
1989	3	10	0	19.0	33.8
1989	3	11	0	20.8	31.2
1989	3	12	0	19.6	30.0
1989	3	13	0	17.8	32.5
1989	3	14	0	20.5	31.6
1989	3	15	0	20.4	33.8
1989	3	16	0	19.4	34.6
1989	3	17	0	20.6	34.2
1989	3	18	0	20.4	34.0
1989	3	19	0	21.6	35.5
1989	3	20	0	22.0	35.2
1989	3	21	0	21.2	33.9
1989	3	22	0	24.4	36.2
1989	3	23	0	24.9	37.2
1989	3	24	0	25.4	36.6
1989	3	25	0	24.6	36.6
1989	3	26	0	24.2	37.2
1989	3	27	0	22.2	37.2
1989	3	28	0	22.0	34.7
1989	3	29	0	21.7	29.2
1989	3	30	0	18.7	31.5
1989	3	31	0	20.0	34.6
1989	4	1	0	22.3	33.3
1989	4	2	0	25.3	36.6
1989	4	3	0	25.4	37.2
1989	4	4	0	25.8	35.8
1989	4	5	0	24.8	36.6
1989	4	6	0	23.2	37.0
1989	4	7	0	20.6	36.8
1989	4	8	0	22.7	37.0
1989	4	9	0	24.9	35.3
1989	4	10	0	25.4	37.2
1989	4	11	0	26.4	36.5
1989	4	12	6	24.8	36.6
1989	4	13	0	25.9	37.2
1989	4	14	0	25.3	37.7
1989	4	15	0	25.4	37.5
1989	4	16	0	25.8	37.4
1989	4	17	0	26.7	35.4
1989	4	18	0	25.7	35.8
1989	4	19	0	26.1	37.2
1989	4	20	0	26.7	37.6
1989	4	21	0	26.6	37.0
1989	4	22	0	26.4	38.4
1989	4	23	0	27.4	36.9
1989	4	24	0	27.2	37.0
1989	4	25	0	27.3	36.6
1989	4	26	0	27.5	37.0
1989	4	27	45	21.4	35.2
1989	4	28	15	23.4	32.8
1989	4	29	0	22.7	29.5
1989	4	30	19	22.1	30.3
1989	5	1	0	24.4	33.3
1989	5	2	0	26.6	34.5
1989	5	3	2	26.6	34.8
1989	5	4	0	26.8	37.6
1989	5	5	0	27.7	35.8
1989	5	6	0	28.5	38.2
1989	5	7	0	28.1	37.5
1989	5	8	0	27.8	39.4
1989	5	9	0	27.7	38.8
1989	5	10	0	27.7	36.3
1989	5	11	0	27.5	35.8
1989	5	12	0	26.7	36.4
1989	5	13	0	25.0	34.5
1989	5	14	28	21.8	32.5
1989	5	15	0	27.5	32.4
1989	5	16	5	23.6	31.6
1989	5	17	17	23.3	29.8
1989	5	18	3	25.6	33.8
1989	5	19	24	25.6	36.0
1989	5	20	0	26.9	34.5
1989	5	21	1	27.7	34.0
1989	5	22	30	24.7	33.3
1989	5	23	5	26.4	35.1
1989	5	24	0	27.9	35.7
1989	5	25	32	24.4	33.5
1989	5	26	1	27.2	32.8
1989	5	27	4	25.0	31.2
1989	5	28	16	23.9	28.7
1989	5	29	38	22.8	33.8
1989	5	30	0	27.5	29.8
1989	5	31	22	21.1	34.3
1989	6	1	0	27.4	34.8
1989	6	2	41	22.7	34.0
1989	6	3	0	27.4	31.2
1989	6	4	23	23.0	32.3
1989	6	5	0	27.5	33.6
1989	6	6	47	22.1	34.2
1989	6	7	63	23.2	33.8
1989	6	8	1	26.7	35.3
1989	6	9	0	27.9	34.7
1989	6	10	0	28.8	36.5
1989	6	11	2	28.8	33.0
1989	6	12	33	25.9	33.8
1989	6	13	2	25.2	-99.9
1989	6	14	18	25.6	29.0
1989	6	15	34	25.3	27.6
1989	6	16	31	25.6	34.0
1989	6	17	0	26.9	31.7
1989	6	18	0	26.1	32.5
1989	6	19	0	26.8	32.5
1989	6	20	10	26.0	32.3
1989	6	21	0	26.1	30.8
1989	6	22	0	25.3	32.4
1989	6	23	1	26.7	33.8
1989	6	24	0	27.8	33.9
1989	6	25	0	28.0	32.9
1989	6	26	0	27.7	33.8
1989	6	27	0	27.8	33.1
1989	6	28	1	27.1	32.9
1989	6	29	4	26.8	31.8
1989	6	30	8	26.2	31.4
1989	7	1	2	27.5	33.0
1989	7	2	46	25.7	30.5
1989	7	3	15	25.7	31.8
1989	7	4	6	26.2	31.7
1989	7	5	1	26.2	32.1
1989	7	6	27	25.7	31.3
1989	7	7	2	26.7	30.6
1989	7	8	8	26.0	31.0
1989	7	9	4	26.1	33.2
1989	7	10	0	27.2	34.1
1989	7	11	24	26.3	32.5
1989	7	12	51	24.4	33.5
1989	7	13	9	25.6	31.0
1989	7	14	0	25.8	31.0
1989	7	15	32	25.6	33.4
1989	7	16	0	26.7	33.6
1989	7	17	0	27.3	34.0
1989	7	18	1	27.8	33.9
1989	7	19	4	25.0	33.8
1989	7	20	8	27.2	33.1
1989	7	21	8	27.3	34.0
1989	7	22	5	27.1	33.5
1989	7	23	0	27.3	33.2
1989	7	24	2	26.0	32.4
1989	7	25	0	27.2	34.0
1989	7	26	0	27.9	32.7
1989	7	27	0	26.9	31.7
1989	7	28	2	26.0	28.8
1989	7	29	40	25.4	26.8
1989	7	30	50	25.1	28.0
1989	7	31	0	24.7	30.2
1989	8	1	1	25.3	30.2
1989	8	2	1	26.0	33.2
1989	8	3	1	26.3	32.0
1989	8	4	0	26.9	32.5
1989	8	5	0	27.3	33.0
1989	8	6	0	27.1	32.0
1989	8	7	2	26.9	33.0
1989	8	8	0	27.1	31.5
1989	8	9	1	26.7	31.4
1989	8	10	5	26.2	33.0
1989	8	11	7	26.1	32.9
1989	8	12	8	25.6	31.8
1989	8	13	1	27.3	32.7
1989	8	14	0	27.2	33.0
1989	8	15	0	27.5	31.9
1989	8	16	0	27.3	31.7
1989	8	17	0	26.7	32.3
1989	8	18	1	26.9	33.4
1989	8	19	0	27.2	34.6
1989	8	20	0	27.3	34.5
1989	8	21	0	27.7	32.6
1989	8	22	22	25.7	33.4
1989	8	23	0	27.7	34.1
1989	8	24	0	26.9	32.0
1989	8	25	2	27.1	33.3
1989	8	26	0	27.3	35.2
1989	8	27	0	27.7	35.5
1989	8	28	0	27.8	34.8
1989	8	29	0	27.4	34.0
1989	8	30	7	25.4	33.1
1989	8	31	0	27.2	32.5
1989	9	1	1	27.0	33.0
1989	9	2	1	27.3	35.3
1989	9	3	0	28.1	35.3
1989	9	4	1	27.2	34.6
1989	9	5	59	24.4	29.1
1989	9	6	38	24.4	33.8
1989	9	7	12	24.7	34.0
1989	9	8	0	27.7	34.8
1989	9	9	0	28.3	33.3
1989	9	10	10	27.8	31.9
1989	9	11	30	25.1	32.2
1989	9	12	1	26.2	31.0
1989	9	13	4	26.4	30.5
1989	9	14	5	26.1	30.5
1989	9	15	15	25.4	33.8
1989	9	16	0	27.3	34.0
1989	9	17	0	27.4	34.0
1989	9	18	0	27.3	33.3
1989	9	19	12	25.1	31.4
1989	9	20	1	26.2	31.4
1989	9	21	1	25.4	32.6
1989	9	22	1	26.4	28.4
1989	9	23	4	25.1	29.4
1989	9	24	6	24.4	31.6
1989	9	25	0	25.5	31.0
1989	9	26	43	24.9	28.2
1989	9	27	16	25.0	28.2
1989	9	28	36	24.4	30.0
1989	9	29	8	25.3	31.6
1989	9	30	0	26.3	32.7
1989	10	1	0	26.8	34.5
1989	10	2	0	27.6	35.0
1989	10	3	0	27.2	34.6
1989	10	4	0	27.2	35.4
1989	10	5	0	27.3	32.2
1989	10	6	0	26.7	32.6
1989	10	7	26	25.0	33.3
1989	10	8	1	24.6	30.4
1989	10	9	39	24.7	32.0
1989	10	10	5	24.8	26.4
1989	10	11	10	23.7	29.4
1989	10	12	7	24.7	31.0
1989	10	13	0	24.0	32.8
1989	10	14	0	25.4	34.3
1989	10	15	0	25.8	35.1
1989	10	16	0	26.7	33.7
1989	10	17	1	25.7	29.5
1989	10	18	33	23.6	25.0
1989	10	19	118	22.5	30.7
1989	10	20	0	24.4	29.8
1989	10	21	0	22.7	31.8
1989	10	22	0	-99.9	31.5
1989	10	23	0	23.6	30.0
1989	10	24	0	24.4	27.5
1989	10	25	0	24.2	28.9
1989	10	26	0	22.9	31.0
1989	10	27	0	22.8	31.6
1989	10	28	0	23.0	32.0
1989	10	29	0	20.0	32.4
1989	10	30	0	19.8	31.7
1989	10	31	0	23.1	31.8
1989	11	1	0	22.6	30.5
1989	11	2	0	21.8	32.0
1989	11	3	0	20.6	32.2
1989	11	4	0	21.2	32.0
1989	11	5	0	22.3	32.7
1989	11	6	0	22.8	33.4
1989	11	7	0	20.8	31.8
1989	11	8	0	18.2	29.5
1989	11	9	0	18.7	29.3
1989	11	10	0	18.0	30.0
1989	11	11	0	18.3	30.1
1989	11	12	0	19.1	29.0
1989	11	13	0	19.4	29.8
1989	11	14	0	19.0	30.0
1989	11	15	0	18.1	30.5
1989	11	16	0	20.2	30.8
1989	11	17	0	22.2	30.1
1989	11	18	0	20.8	30.7
1989	11	19	0	15.6	30.0
1989	11	20	0	17.5	29.0
1989	11	21	0	18.1	29.5
1989	11	22	0	17.1	29.0
1989	11	23	0	16.2	29.8
1989	11	24	0	16.1	28.5
1989	11	25	0	16.2	30.0
1989	11	26	0	15.9	30.2
1989	11	27	0	16.1	30.2
1989	11	28	0	17.4	28.8
1989	11	29	0	18.3	29.2
1989	11	30	0	15.8	28.6
1989	12	1	0	15.8	28.2
1989	12	2	0	15.3	28.8
1989	12	3	0	12.7	30.0
1989	12	4	0	12.5	28.6
1989	12	5	0	12.0	27.6
1989	12	6	0	12.3	27.3
1989	12	7	0	11.5	27.6
1989	12	8	0	11.8	27.4
1989	12	9	0	12.1	27.4
1989	12	10	0	12.9	26.8
1989	12	11	0	13.0	26.9
1989	12	12	0	13.0	26.5
1989	12	13	0	13.8	26.6
1989	12	14	0	12.6	26.6
1989	12	15	0	12.3	27.0
1989	12	16	0	14.9	28.3
1989	12	17	0	13.6	29.4
1989	12	18	0	14.7	28.2
1989	12	19	0	14.0	27.6
1989	12	20	0	13.1	26.8
1989	12	21	0	12.8	27.4
1989	12	22	0	14.6	27.1
1989	12	23	0	15.4	27.0
1989	12	24	0	16.7	26.6
1989	12	25	0	14.6	27.4
1989	12	26	0	14.8	18.7
1989	12	27	12	13.3	23.0
1989	12	28	0	11.8	24.5
1989	12	29	0	11.0	23.6
1989	12	30	0	11.7	23.1
1989	12	31	0	12.5	22.7
1990	1	1	0	11.4	23.5
1990	1	2	0	11.4	23.4
1990	1	3	0	11.2	24.0
1990	1	4	0	11.4	23.6
1990	1	5	0	11.4	23.5
1990	1	6	0	11.4	23.6
1990	1	7	0	12.6	24.9
1990	1	8	0	12.2	24.1
1990	1	9	0	10.7	23.7
1990	1	10	0	10.7	23.5
1990	1	11	0	10.9	21.6
1990	1	12	0	10.9	25.0
1990	1	13	0	13.4	25.5
1990	1	14	0	13.0	25.1
1990	1	15	0	13.8	26.2
1990	1	16	0	13.5	25.2
1990	1	17	0	14.8	24.8
1990	1	18	0	13.6	25.5
1990	1	19	0	14.4	24.6
1990	1	20	0	15.0	25.3
1990	1	21	0	16.2	27.6
1990	1	22	0	17.8	26.4
1990	1	23	0	17.7	25.2
1990	1	24	0	18.4	27.5
1990	1	25	0	17.2	27.6
1990	1	26	0	17.7	28.0
1990	1	27	0	17.8	28.0
1990	1	28	0	19.2	28.1
1990	1	29	0	18.2	28.0
1990	1	30	0	18.8	27.8
1990	1	31	0	15.6	28.2
1990	2	1	0	15.0	28.0
1990	2	2	0	18.8	28.4
1990	2	3	0	15.6	28.5
1990	2	4	0	15.0	27.5
1990	2	5	0	15.8	27.7
1990	2	6	0	16.2	28.7
1990	2	7	0	17.2	29.0
1990	2	8	0	16.5	28.0
1990	2	9	0	17.4	29.6
1990	2	10	0	18.5	30.4
1990	2	11	0	19.5	27.5
1990	2	12	0	16.7	28.5
1990	2	13	0	17.3	29.0
1990	2	14	0	19.2	23.5
1990	2	15	8	15.0	26.0
1990	2	16	0	16.4	25.5
1990	2	17	0	18.6	25.4
1990	2	18	0	17.3	27.5
1990	2	19	2	18.5	27.1
1990	2	20	0	18.5	28.5
1990	2	21	0	17.4	27.2
1990	2	22	0	17.4	23.6
1990	2	23	12	16.8	26.8
1990	2	24	0	16.7	27.9
1990	2	25	0	17.5	28.3
1990	2	26	14	17.6	23.5
1990	2	27	0	18.5	28.2
1990	2	28	0	20.6	29.5
1990	3	1	0	21.4	27.0
1990	3	2	3	21.0	27.7
1990	3	3	3	19.2	24.6
1990	3	4	0	16.5	25.2
1990	3	5	0	15.2	27.5
1990	3	6	0	18.8	22.5
1990	3	7	0	15.0	27.4
1990	3	8	0	16.6	29.6
1990	3	9	0	18.2	29.6
1990	3	10	0	19.8	29.0
1990	3	11	0	19.2	29.9
1990	3	12	0	22.5	25.6
1990	3	13	4	16.0	26.7
1990	3	14	0	18.0	28.6
1990	3	15	0	18.3	29.8
1990	3	16	0	18.0	29.9
1990	3	17	0	18.7	34.0
1990	3	18	0	21.3	34.6
1990	3	19	0	21.0	33.5
1990	3	20	0	23.2	33.5
1990	3	21	0	23.8	33.6
1990	3	22	0	25.4	33.5
1990	3	23	3	25.5	33.4
1990	3	24	79	19.1	24.5
1990	3	25	42	19.4	22.9
1990	3	26	12	18.2	28.0
1990	3	27	0	20.8	28.0
1990	3	28	2	20.1	24.0
1990	3	29	3	19.4	26.5
1990	3	30	0	20.2	31.4
1990	3	31	0	21.6	31.0
1990	4	1	33	19.5	26.3
1990	4	2	24	17.9	30.5
1990	4	3	0	23.2	30.0
1990	4	4	1	19.4	25.8
1990	4	5	12	15.5	26.5
1990	4	6	0	18.7	28.4
1990	4	7	0	21.6	29.6
1990	4	8	0	22.0	30.9
1990	4	9	5	22.1	33.0
1990	4	10	0	25.0	34.0
1990	4	11	0	24.2	33.5
1990	4	12	0	26.1	33.5
1990	4	13	0	26.0	34.0
1990	4	14	0	25.5	33.4
1990	4	15	12	22.2	33.0
1990	4	16	0	26.0	33.4
1990	4	17	0	23.7	33.4
1990	4	18	0	22.5	33.8
1990	4	19	0	26.0	33.2
1990	4	20	28	19.5	32.5
1990	4	21	10	18.9	33.8
1990	4	22	0	27.4	34.5
1990	4	23	0	27.0	34.5
1990	4	24	7	24.0	34.5
1990	4	25	0	23.8	32.3
1990	4	26	9	21.5	31.0
1990	4	27	1	22.2	31.1
1990	4	28	0	25.8	32.0
1990	4	29	12	21.0	32.0
1990	4	30	0	23.7	33.4
1990	5	1	0	23.6	31.8
1990	5	2	0	24.5	34.0
1990	5	3	1	23.2	33.4
1990	5	4	0	26.4	33.0
1990	5	5	29	20.9	33.0
1990	5	6	0	25.5	34.3
1990	5	7	0	26.6	33.8
1990	5	8	0	25.5	34.0
1990	5	9	0	26.6	33.8
1990	5	10	0	25.6	33.2
1990	5	11	0	25.2	34.5
1990	5	12	0	25.8	34.2
1990	5	13	17	25.3	32.6
1990	5	14	9	24.7	29.5
1990	5	15	51	23.7	24.8
1990	5	16	18	21.3	32.7
1990	5	17	0	25.3	34.5
1990	5	18	0	26.8	35.3
1990	5	19	0	27.4	34.7
1990	5	20	10	23.9	31.8
1990	5	21	10	22.5	33.8
1990	5	22	0	27.6	32.5
1990	5	23	34	21.2	34.3
1990	5	24	0	28.4	35.4
1990	5	25	0	25.2	31.2
1990	5	26	11	25.0	32.0
1990	5	27	3	25.0	32.0
1990	5	28	0	27.0	30.5
1990	5	29	1	24.7	28.5
1990	5	30	8	23.5	33.4
1990	5	31	0	27.6	30.6
1990	6	1	0	25.0	30.0
1990	6	2	24	23.6	31.6
1990	6	3	5	26.4	33.4
1990	6	4	0	27.9	33.5
1990	6	5	0	27.0	31.5
1990	6	6	33	23.5	31.8
1990	6	7	0	27.6	34.2
1990	6	8	0	28.7	34.0
1990	6	9	39	24.0	30.7
1990	6	10	24	24.5	31.8
1990	6	11	0	26.4	33.8
1990	6	12	0	28.0	33.6
1990	6	13	40	25.2	32.6
1990	6	14	1	27.6	31.4
1990	6	15	0	26.8	31.6
1990	6	16	11	27.4	33.4
1990	6	17	2	27.4	33.0
1990	6	18	3	27.8	33.2
1990	6	19	3	27.3	31.8
1990	6	20	14	27.0	31.2
1990	6	21	8	27.4	32.5
1990	6	22	1	27.9	31.5
1990	6	23	2	28.1	31.0
1990	6	24	17	26.2	32.6
1990	6	25	1	26.8	32.7
1990	6	26	0	27.5	31.5
1990	6	27	1	27.0	30.5
1990	6	28	0	26.8	33.3
1990	6	29	0	27.0	34.0
1990	6	30	0	28.2	31.0
1990	7	1	0	27.3	32.7
1990	7	2	2	26.7	31.2
1990	7	3	10	26.0	30.0
1990	7	4	48	25.0	30.7
1990	7	5	52	25.2	30.1
1990	7	6	80	25.5	31.5
1990	7	7	3	26.5	31.4
1990	7	8	16	26.5	28.0
1990	7	9	33	25.2	28.7
1990	7	10	9	25.5	32.3
1990	7	11	11	26.1	31.6
1990	7	12	7	26.5	31.0
1990	7	13	1	25.7	30.8
1990	7	14	6	25.8	30.8
1990	7	15	1	25.7	30.9
1990	7	16	1	26.6	30.6
1990	7	17	22	25.1	32.0
1990	7	18	0	27.0	31.5
1990	7	19	9	25.8	31.5
1990	7	20	9	26.2	31.0
1990	7	21	48	25.5	30.8
1990	7	22	10	26.5	32.0
1990	7	23	2	27.0	32.4
1990	7	24	0	26.6	31.6
1990	7	25	17	25.7	32.7
1990	7	26	26	25.4	31.0
1990	7	27	2	26.0	30.2
1990	7	28	94	26.0	30.2
1990	7	29	39	25.5	30.7
1990	7	30	8	26.2	30.7
1990	7	31	1	27.2	32.6
1990	8	1	0	26.7	30.7
1990	8	2	13	26.2	30.4
1990	8	3	4	26.8	29.8
1990	8	4	36	25.7	31.7
1990	8	5	0	27.0	30.6
1990	8	6	11	25.8	30.7
1990	8	7	14	26.1	30.2
1990	8	8	3	26.4	32.2
1990	8	9	0	27.3	32.5
1990	8	10	0	27.6	31.1
1990	8	11	0	27.6	32.9
1990	8	12	0	28.4	32.6
1990	8	13	0	26.7	32.5
1990	8	14	11	25.8	32.2
1990	8	15	0	26.2	31.7
1990	8	16	20	26.4	31.5
1990	8	17	5	26.7	31.5
1990	8	18	1	26.7	32.5
1990	8	19	0	27.3	35.3
1990	8	20	57	25.4	33.4
1990	8	21	0	27.4	31.5
1990	8	22	7	25.7	32.2
1990	8	23	0	27.7	33.4
1990	8	24	0	28.0	32.7
1990	8	25	0	28.6	30.2
1990	8	26	8	24.7	32.5
1990	8	27	30	27.7	33.2
1990	8	28	6	26.3	32.6
1990	8	29	1	27.9	32.8
1990	8	30	0	27.2	33.8
1990	8	31	0	28.4	34.4
1990	9	1	0	27.7	34.8
1990	9	2	7	26.5	31.7
1990	9	3	0	26.3	30.5
1990	9	4	0	26.5	30.2
1990	9	5	31	26.3	31.0
1990	9	6	7	26.0	32.2
1990	9	7	1	26.0	32.0
1990	9	8	0	27.0	32.0
1990	9	9	0	27.0	33.3
1990	9	10	75	26.0	32.7
1990	9	11	49	25.8	32.4
1990	9	12	0	27.2	31.6
1990	9	13	0	26.9	32.5
1990	9	14	1	26.0	33.0
1990	9	15	0	27.3	33.5
1990	9	16	0	27.5	33.3
1990	9	17	0	26.5	31.2
1990	9	18	9	25.6	28.8
1990	9	19	0	25.7	31.3
1990	9	20	2	26.6	33.0
1990	9	21	0	26.8	33.5
1990	9	22	2	26.2	33.5
1990	9	23	0	27.2	32.0
1990	9	24	0	27.0	32.0
1990	9	25	1	26.4	31.0
1990	9	26	18	25.0	31.9
1990	9	27	0	26.5	31.2
1990	9	28	18	24.0	31.5
1990	9	29	25	24.0	31.7
1990	9	30	1	25.5	31.3
1990	10	1	1	25.8	29.9
1990	10	2	2	25.5	29.1
1990	10	3	3	25.8	29.0
1990	10	4	33	24.8	26.2
1990	10	5	7	24.8	32.5
1990	10	6	0	26.2	34.0
1990	10	7	0	26.3	30.5
1990	10	8	27	24.0	26.2
1990	10	9	54	24.2	26.0
1990	10	10	54	23.7	26.8
1990	10	11	0	23.0	31.2
1990	10	12	0	24.2	31.5
1990	10	13	0	24.8	31.5
1990	10	14	0	24.4	32.4
1990	10	15	0	25.5	30.7
1990	10	16	0	24.5	29.5
1990	10	17	0	22.7	31.1
1990	10	18	0	22.8	31.6
1990	10	19	0	22.8	31.7
1990	10	20	0	22.5	31.2
1990	10	21	0	22.3	31.1
1990	10	22	0	22.6	31.5
1990	10	23	0	23.0	31.0
1990	10	24	0	24.0	30.2
1990	10	25	0	22.8	30.2
1990	10	26	0	20.8	28.1
1990	10	27	0	22.9	29.2
1990	10	28	0	22.4	30.7
1990	10	29	0	20.0	30.2
1990	10	30	0	20.0	30.5
1990	10	31	0	22.0	30.2
1990	11	1	0	21.5	30.0
1990	11	2	0	22.0	31.2
1990	11	3	0	26.0	30.5
1990	11	4	1	23.5	24.5
1990	11	5	28	23.0	28.4
1990	11	6	6	23.7	31.3
1990	11	7	0	24.2	29.0
1990	11	8	0	25.0	31.0
1990	11	9	0	22.8	32.0
1990	11	10	0	25.0	31.5
1990	11	11	1	24.5	30.5
1990	11	12	67	21.0	30.5
1990	11	13	0	25.0	32.3
1990	11	14	0	24.0	32.8
1990	11	15	0	22.8	31.6
1990	11	16	0	20.5	29.3
1990	11	17	0	21.3	30.0
1990	11	18	0	21.0	29.8
1990	11	19	0	20.0	29.4
1990	11	20	0	20.8	30.2
1990	11	21	0	20.0	30.4
1990	11	22	0	20.5	30.4
1990	11	23	0	21.0	29.5
1990	11	24	0	20.5	30.4
1990	11	25	0	20.8	29.5
1990	11	26	0	20.0	27.7
1990	11	27	0	18.0	28.0
1990	11	28	0	17.7	27.1
1990	11	29	0	17.0	27.2
1990	11	30	0	15.7	27.5
1990	12	1	0	14.8	27.7
1990	12	2	0	18.5	28.4
1990	12	3	0	18.8	28.5
1990	12	4	0	17.5	27.5
1990	12	5	0	16.0	27.2
1990	12	6	0	17.7	28.0
1990	12	7	0	16.4	28.6
1990	12	8	0	15.7	28.5
1990	12	9	0	16.0	28.0
1990	12	10	0	17.0	27.5
1990	12	11	0	16.4	28.0
1990	12	12	0	16.5	27.3
1990	12	13	0	16.2	26.7
1990	12	14	0	16.7	27.0
1990	12	15	0	15.5	25.3
1990	12	16	0	15.7	25.5
1990	12	17	0	18.4	23.4
1990	12	18	6	18.0	20.7
1990	12	19	0	15.0	26.3
1990	12	20	0	15.5	26.2
1990	12	21	0	15.8	26.1
1990	12	22	0	14.7	25.2
1990	12	23	0	15.2	25.9
1990	12	24	0	15.2	25.4
1990	12	25	0	15.1	25.5
1990	12	26	0	13.2	25.5
1990	12	27	0	14.0	26.2
1990	12	28	0	14.0	26.0
1990	12	29	0	16.0	27.1
1990	12	30	0	15.3	26.7
1990	12	31	0	15.0	26.8
1991	1	1	0	15.2	25.6
1991	1	2	0	16.6	23.3
1991	1	3	2	16.0	19.6
1991	1	4	24	13.2	21.6
1991	1	5	0	11.9	22.1
1991	1	6	0	12.6	23.5
1991	1	7	0	13.4	24.2
1991	1	8	0	13.5	24.5
1991	1	9	0	13.5	25.5
1991	1	10	0	16.5	22.5
1991	1	11	0	16.8	24.7
1991	1	12	0	16.6	24.5
1991	1	13	1	17.4	24.0
1991	1	14	0	15.5	24.0
1991	1	15	0	15.0	23.0
1991	1	16	0	13.2	23.2
1991	1	17	0	10.9	23.4
1991	1	18	0	11.8	23.5
1991	1	19	0	11.0	23.4
1991	1	20	0	12.7	22.7
1991	1	21	0	10.0	23.0
1991	1	22	0	10.7	24.2
1991	1	23	0	11.8	25.6
1991	1	24	0	13.7	24.4
1991	1	25	0	11.4	24.0
1991	1	26	0	13.4	25.2
1991	1	27	0	12.5	26.5
1991	1	28	0	13.4	28.0
1991	1	29	0	15.2	27.4
1991	1	30	0	16.2	28.0
1991	1	31	0	16.7	27.6
1991	2	1	0	16.8	28.5
1991	2	2	0	19.4	27.6
1991	2	3	0	19.2	24.5
1991	2	4	3	17.5	22.5
1991	2	5	5	15.3	26.0
1991	2	6	0	14.5	25.8
1991	2	7	0	14.6	27.0
1991	2	8	0	17.2	28.6
1991	2	9	0	17.4	28.5
1991	2	10	0	16.5	28.6
1991	2	11	0	17.0	28.6
1991	2	12	0	18.6	30.2
1991	2	13	0	20.4	30.3
1991	2	14	0	15.7	28.2
1991	2	15	0	16.7	28.8
1991	2	16	0	16.2	26.6
1991	2	17	0	14.2	27.7
1991	2	18	0	16.0	29.2
1991	2	19	0	17.0	29.8
1991	2	20	0	17.4	30.3
1991	2	21	0	17.6	30.2
1991	2	22	0	16.7	30.8
1991	2	23	0	18.4	31.6
1991	2	24	0	20.2	31.7
1991	2	25	0	19.2	33.0
1991	2	26	0	21.0	33.0
1991	2	27	0	19.8	30.0
1991	2	28	0	19.2	31.0
1991	3	1	10	18.4	27.8
1991	3	2	0	20.6	29.6
1991	3	3	2	19.7	30.2
1991	3	4	0	19.0	30.8
1991	3	5	0	20.5	31.7
1991	3	6	0	20.8	30.0
1991	3	7	0	21.4	30.2
1991	3	8	0	18.6	31.0
1991	3	9	0	19.4	32.0
1991	3	10	0	23.0	33.0
1991	3	11	0	23.0	31.8
1991	3	12	0	23.2	33.0
1991	3	13	0	20.0	31.6
1991	3	14	14	20.4	31.7
1991	3	15	0	23.0	32.4
1991	3	16	0	22.7	33.6
1991	3	17	0	22.6	35.2
1991	3	18	0	24.4	36.0
1991	3	19	0	23.2	36.5
1991	3	20	0	24.1	36.8
1991	3	21	0	26.0	35.5
1991	3	22	0	26.2	35.5
1991	3	23	0	22.0	31.6
1991	3	24	0	22.2	29.8
1991	3	25	1	19.6	31.2
1991	3	26	0	20.0	33.0
1991	3	27	0	23.0	33.5
1991	3	28	4	23.6	34.2
1991	3	29	12	22.6	34.0
1991	3	30	3	22.0	32.3
1991	3	31	0	23.6	33.5
1991	4	1	19	22.4	32.7
1991	4	2	0	26.3	33.5
1991	4	3	0	26.7	34.2
1991	4	4	0	26.0	33.4
1991	4	5	0	26.5	33.5
1991	4	6	0	24.0	29.6
1991	4	7	0	23.6	32.6
1991	4	8	0	21.8	34.2
1991	4	9	12	21.7	31.6
1991	4	10	2	21.7	32.5
1991	4	11	3	19.0	32.5
1991	4	12	0	23.0	34.6
1991	4	13	0	23.8	34.5
1991	4	14	0	23.0	34.6
1991	4	15	0	26.0	35.0
1991	4	16	0	25.8	36.8
1991	4	17	0	26.4	37.0
1991	4	18	0	26.4	36.6
1991	4	19	0	24.2	37.2
1991	4	20	0	25.5	-99.9
1991	4	21	0	25.4	34.7
1991	4	22	0	26.4	35.0
1991	4	23	2	24.2	35.0
1991	4	24	1	22.0	33.6
1991	4	25	0	26.0	34.2
1991	4	26	0	26.0	35.0
1991	4	27	0	24.4	35.2
1991	4	28	0	26.5	30.0
1991	4	29	1	24.0	27.2
1991	4	30	13	21.8	32.7
1991	5	1	0	24.8	34.2
1991	5	2	0	25.4	33.6
1991	5	3	0	27.7	33.8
1991	5	4	28	20.7	33.3
1991	5	5	0	24.4	31.0
1991	5	6	54	20.4	32.5
1991	5	7	0	24.5	34.0
1991	5	8	0	26.0	34.2
1991	5	9	50	22.0	33.0
1991	5	10	29	20.0	32.7
1991	5	11	0	24.6	31.0
1991	5	12	24	20.5	32.4
1991	5	13	0	26.0	33.0
1991	5	14	36	20.4	30.9
1991	5	15	7	22.4	32.1
1991	5	16	6	20.9	30.5
1991	5	17	9	21.0	33.0
1991	5	18	66	21.6	29.8
1991	5	19	14	21.0	29.7
1991	5	20	0	21.6	30.2
1991	5	21	0	25.5	27.6
1991	5	22	49	22.4	31.2
1991	5	23	11	22.6	33.0
1991	5	24	0	25.0	29.4
1991	5	25	0	25.0	33.2
1991	5	26	0	27.6	29.6
1991	5	27	1	23.5	27.6
1991	5	28	123	22.0	29.2
1991	5	29	6	24.0	33.4
1991	5	30	10	24.5	33.5
1991	5	31	6	24.0	32.0
1991	6	1	6	26.2	28.4
1991	6	2	57	23.0	28.0
1991	6	3	26	23.4	32.6
1991	6	4	0	25.9	33.6
1991	6	5	0	27.0	31.0
1991	6	6	11	24.4	30.2
1991	6	7	10	25.4	31.2
1991	6	8	0	26.0	31.5
1991	6	9	0	27.4	29.7
1991	6	10	5	25.5	32.5
1991	6	11	1	25.5	28.0
1991	6	12	67	25.4	31.8
1991	6	13	36	25.3	31.5
1991	6	14	19	26.6	31.5
1991	6	15	11	26.5	30.6
1991	6	16	2	26.5	32.5
1991	6	17	27	24.4	31.2
1991	6	18	23	22.8	27.6
1991	6	19	5	24.4	31.2
1991	6	20	0	27.2	33.5
1991	6	21	0	27.8	34.0
1991	6	22	0	28.0	34.0
1991	6	23	0	28.5	33.0
1991	6	24	0	28.4	33.4
1991	6	25	5	23.5	30.5
1991	6	26	0	25.4	32.5
1991	6	27	0	27.6	33.6
1991	6	28	0	28.0	32.6
1991	6	29	0	27.0	32.1
1991	6	30	9	25.4	32.6
1991	7	1	0	27.2	32.0
1991	7	2	6	26.6	33.0
1991	7	3	0	28.4	31.5
1991	7	4	19	26.3	32.0
1991	7	5	42	26.0	28.5
1991	7	6	40	26.0	32.0
1991	7	7	20	25.0	33.2
1991	7	8	0	26.7	31.7
1991	7	9	7	27.0	32.6
1991	7	10	5	27.0	32.8
1991	7	11	0	27.1	32.6
1991	7	12	0	27.0	33.1
1991	7	13	0	27.4	33.5
1991	7	14	0	27.9	33.4
1991	7	15	0	28.0	33.5
1991	7	16	0	27.9	31.5
1991	7	17	1	26.6	31.7
1991	7	18	27	24.6	31.4
1991	7	19	23	25.3	29.4
1991	7	20	37	25.4	30.8
1991	7	21	10	25.5	29.3
1991	7	22	22	25.6	29.5
1991	7	23	11	26.5	32.0
1991	7	24	0	27.2	32.8
1991	7	25	2	26.8	33.6
1991	7	26	0	28.6	35.0
1991	7	27	0	27.6	33.3
1991	7	28	0	27.7	33.2
1991	7	29	0	27.0	31.0
1991	7	30	31	26.0	32.6
1991	7	31	15	25.7	32.6
1991	8	1	1	27.2	32.4
1991	8	2	9	25.7	30.0
1991	8	3	52	25.4	28.1
1991	8	4	32	24.6	31.4
1991	8	5	14	26.6	32.6
1991	8	6	17	26.0	31.4
1991	8	7	0	26.5	32.6
1991	8	8	0	26.8	31.6
1991	8	9	3	26.6	31.8
1991	8	10	2	26.8	32.2
1991	8	11	0	27.0	31.4
1991	8	12	2	27.2	31.7
1991	8	13	0	27.0	31.8
1991	8	14	2	26.3	32.2
1991	8	15	1	27.0	30.5
1991	8	16	29	25.0	30.8
1991	8	17	3	25.8	30.2
1991	8	18	6	26.5	32.0
1991	8	19	0	27.4	32.5
1991	8	20	0	27.8	36.2
1991	8	21	0	27.4	33.5
1991	8	22	6	26.6	31.4
1991	8	23	12	26.5	32.4
1991	8	24	27	25.9	31.8
1991	8	25	3	26.4	33.0
1991	8	26	53	25.5	32.0
1991	8	27	12	25.5	32.4
1991	8	28	4	26.0	32.3
1991	8	29	1	26.5	32.7
1991	8	30	0	27.4	33.0
1991	8	31	54	24.8	28.8
1991	9	1	10	24.6	30.5
1991	9	2	6	27.0	31.7
1991	9	3	64	25.0	30.0
1991	9	4	29	25.4	29.5
1991	9	5	69	24.5	30.2
1991	9	6	9	25.5	31.7
1991	9	7	37	24.5	29.6
1991	9	8	49	24.5	30.3
1991	9	9	8	26.5	28.0
1991	9	10	97	25.0	28.2
1991	9	11	28	25.0	31.7
1991	9	12	0	26.6	32.2
1991	9	13	6	26.0	28.4
1991	9	14	5	25.5	31.2
1991	9	15	47	24.2	27.0
1991	9	16	120	24.5	31.2
1991	9	17	0	26.2	32.5
1991	9	18	0	26.6	32.8
1991	9	19	0	28.0	33.4
1991	9	20	0	27.8	34.5
1991	9	21	0	28.0	32.5
1991	9	22	0	27.5	32.0
1991	9	23	0	26.6	29.8
1991	9	24	0	26.2	28.5
1991	9	25	33	24.6	28.5
1991	9	26	19	23.4	25.5
1991	9	27	53	24.0	30.3
1991	9	28	0	25.6	31.0
1991	9	29	0	26.5	32.4
1991	9	30	3	26.5	33.0
1991	10	1	0	26.6	33.5
1991	10	2	8	27.0	34.5
1991	10	3	26	24.5	37.0
1991	10	4	28	26.6	32.6
1991	10	5	15	25.4	32.0
1991	10	6	9	24.8	31.0
1991	10	7	30	24.3	30.0
1991	10	8	34	25.0	33.0
1991	10	9	0	25.6	31.6
1991	10	10	0	26.2	32.5
1991	10	11	0	26.0	32.5
1991	10	12	0	26.6	31.5
1991	10	13	52	24.4	25.8
1991	10	14	101	23.0	27.5
1991	10	15	48	24.0	27.2
1991	10	16	0	24.5	29.8
1991	10	17	0	24.4	31.4
1991	10	18	0	24.0	31.8
1991	10	19	0	22.6	32.2
1991	10	20	0	22.5	31.6
1991	10	21	0	22.0	31.0
1991	10	22	0	21.6	30.5
1991	10	23	0	22.6	31.6
1991	10	24	0	24.5	31.5
1991	10	25	10	24.0	31.8
1991	10	26	0	24.6	31.0
1991	10	27	0	25.5	31.5
1991	10	28	0	25.2	31.5
1991	10	29	0	24.6	29.0
1991	10	30	15	24.0	28.5
1991	10	31	16	22.0	23.6
1991	11	1	14	22.0	29.2
1991	11	2	0	22.2	29.6
1991	11	3	0	22.1	28.5
1991	11	4	0	23.0	30.2
1991	11	5	0	21.2	29.5
1991	11	6	0	21.2	30.0
1991	11	7	0	20.0	29.0
1991	11	8	0	19.2	28.5
1991	11	9	0	20.4	29.0
1991	11	10	0	19.5	29.5
1991	11	11	0	19.7	30.0
1991	11	12	0	20.2	29.1
1991	11	13	0	20.4	29.2
1991	11	14	0	19.7	28.0
1991	11	15	0	19.8	28.5
1991	11	16	0	19.8	27.8
1991	11	17	0	18.6	27.4
1991	11	18	0	20.5	29.2
1991	11	19	0	19.5	28.1
1991	11	20	0	18.4	26.8
1991	11	21	0	15.5	27.0
1991	11	22	0	15.4	27.5
1991	11	23	0	16.0	27.0
1991	11	24	0	16.4	26.8
1991	11	25	0	15.5	27.5
1991	11	26	0	16.5	27.2
1991	11	27	0	16.6	27.0
1991	11	28	0	17.2	27.5
1991	11	29	0	18.2	27.0
1991	11	30	0	16.8	26.0
1991	12	1	0	13.7	26.8
1991	12	2	0	14.1	26.5
1991	12	3	0	14.3	25.5
1991	12	4	0	14.5	25.0
1991	12	5	0	14.2	25.5
1991	12	6	0	14.8	25.0
1991	12	7	0	15.4	26.6
1991	12	8	0	15.5	27.0
1991	12	9	0	18.3	28.5
1991	12	10	0	18.5	29.3
1991	12	11	0	18.5	27.5
1991	12	12	0	16.6	27.8
1991	12	13	0	16.2	27.0
1991	12	14	0	16.0	26.0
1991	12	15	0	15.6	26.7
1991	12	16	0	15.3	26.0
1991	12	17	0	14.9	26.6
1991	12	18	0	14.0	25.2
1991	12	19	0	14.5	25.8
1991	12	20	0	13.5	26.5
1991	12	21	0	14.2	25.5
1991	12	22	0	15.0	25.6
1991	12	23	0	17.5	25.5
1991	12	24	0	20.1	22.7
1991	12	25	34	16.4	18.2
1991	12	26	39	15.5	17.5
1991	12	27	33	14.0	19.5
1991	12	28	0	11.8	20.2
1991	12	29	0	10.9	20.4
1991	12	30	0	10.5	20.0
1991	12	31	0	10.3	21.2
1992	1	1	0	12.8	20.5
1992	1	2	1	12.0	21.2
1992	1	3	0	10.8	20.6
1992	1	4	0	11.4	23.2
1992	1	5	0	12.0	23.0
1992	1	6	0	11.7	21.8
1992	1	7	0	11.5	23.2
1992	1	8	0	12.2	23.2
1992	1	9	0	13.0	23.2
1992	1	10	0	13.5	24.5
1992	1	11	0	13.0	24.8
1992	1	12	0	14.5	24.8
1992	1	13	0	14.0	22.5
1992	1	14	0	12.0	21.2
1992	1	15	0	12.7	23.8
1992	1	16	0	13.5	24.6
1992	1	17	0	15.0	23.4
1992	1	18	0	12.4	23.8
1992	1	19	0	13.4	23.4
1992	1	20	0	12.0	24.0
1992	1	21	0	12.7	25.2
1992	1	22	0	14.4	24.0
1992	1	23	0	14.0	24.6
1992	1	24	0	15.4	24.0
1992	1	25	0	13.6	25.1
1992	1	26	0	14.8	25.0
1992	1	27	0	14.8	26.4
1992	1	28	0	15.7	26.5
1992	1	29	0	16.0	27.4
1992	1	30	0	16.5	27.0
1992	1	31	0	17.5	27.1
1992	2	1	17	15.8	24.6
1992	2	2	0	17.4	26.4
1992	2	3	0	17.0	25.4
1992	2	4	0	14.3	24.8
1992	2	5	0	14.6	25.5
1992	2	6	0	15.3	26.4
1992	2	7	0	16.4	27.0
1992	2	8	23	17.0	24.2
1992	2	9	0	16.2	24.3
1992	2	10	0	17.0	25.6
1992	2	11	0	15.2	22.6
1992	2	12	0	13.0	22.8
1992	2	13	0	13.5	23.8
1992	2	14	0	16.0	27.5
1992	2	15	0	17.3	26.6
1992	2	16	0	15.7	24.6
1992	2	17	0	14.5	25.2
1992	2	18	4	16.7	25.2
1992	2	19	0	13.5	25.2
1992	2	20	0	13.8	26.6
1992	2	21	0	18.4	26.8
1992	2	22	2	16.8	26.0
1992	2	23	0	18.4	25.7
1992	2	24	1	19.0	24.9
1992	2	25	0	16.4	26.5
1992	2	26	0	15.5	26.5
1992	2	27	0	14.6	26.9
1992	2	28	0	19.5	24.3
1992	2	29	0	15.0	28.0
1992	3	1	0	18.5	30.0
1992	3	2	0	21.4	30.1
1992	3	3	0	18.7	29.0
1992	3	4	0	17.8	29.7
1992	3	5	0	18.4	31.4
1992	3	6	0	19.7	31.8
1992	3	7	0	22.2	31.4
1992	3	8	0	19.4	30.4
1992	3	9	0	18.4	30.7
1992	3	10	0	20.5	31.2
1992	3	11	0	22.0	32.2
1992	3	12	0	23.0	32.2
1992	3	13	0	23.2	31.5
1992	3	14	0	22.9	34.0
1992	3	15	0	22.8	33.1
1992	3	16	0	21.5	31.0
1992	3	17	0	18.0	32.0
1992	3	18	0	22.5	31.5
1992	3	19	0	23.7	31.3
1992	3	20	0	23.4	32.0
1992	3	21	0	23.3	31.5
1992	3	22	0	24.2	31.8
1992	3	23	0	24.6	33.5
1992	3	24	0	24.8	36.0
1992	3	25	0	24.6	35.6
1992	3	26	0	23.4	34.8
1992	3	27	0	23.4	35.5
1992	3	28	0	23.4	35.4
1992	3	29	0	24.0	36.2
1992	3	30	0	23.8	36.6
1992	3	31	0	26.2	34.5
1992	4	1	0	23.2	34.7
1992	4	2	0	22.3	35.0
1992	4	3	0	22.2	36.5
1992	4	4	0	24.2	37.0
1992	4	5	0	25.5	35.6
1992	4	6	0	25.5	34.4
1992	4	7	0	25.2	35.5
1992	4	8	0	26.0	36.1
1992	4	9	0	26.0	37.4
1992	4	10	0	25.7	37.0
1992	4	11	0	25.7	39.2
1992	4	12	0	26.0	36.5
1992	4	13	0	26.8	37.0
1992	4	14	0	26.5	37.5
1992	4	15	0	27.0	-99.9
1992	4	16	0	26.5	35.8
1992	4	17	0	25.0	36.0
1992	4	18	0	23.0	35.5
1992	4	19	0	25.8	35.3
1992	4	20	0	23.4	36.5
1992	4	21	0	26.4	36.0
1992	4	22	0	26.4	36.5
1992	4	23	0	26.6	36.5
1992	4	24	0	27.0	36.5
1992	4	25	0	26.0	38.2
1992	4	26	0	23.4	37.2
1992	4	27	25	20.2	33.5
1992	4	28	0	23.6	32.0
1992	4	29	0	23.4	35.4
1992	4	30	0	25.8	35.5
1992	5	1	10	21.8	34.2
1992	5	2	16	20.5	30.0
1992	5	3	10	20.7	26.6
1992	5	4	3	19.0	30.0
1992	5	5	0	21.5	32.4
1992	5	6	0	24.6	34.5
1992	5	7	2	25.3	35.5
1992	5	8	0	26.8	36.0
1992	5	9	0	26.6	34.8
1992	5	10	0	24.3	34.8
1992	5	11	0	24.2	36.2
1992	5	12	0	27.2	35.4
1992	5	13	0	26.8	35.9
1992	5	14	0	26.6	35.2
1992	5	15	8	22.8	34.4
1992	5	16	0	27.5	35.6
1992	5	17	1	24.2	35.0
1992	5	18	9	27.8	34.8
1992	5	19	0	26.2	35.2
1992	5	20	1	22.5	35.0
1992	5	21	22	21.4	29.4
1992	5	22	3	21.2	32.0
1992	5	23	0	24.5	30.5
1992	5	24	0	23.4	33.5
1992	5	25	0	25.8	32.6
1992	5	26	7	22.8	29.6
1992	5	27	9	21.3	31.0
1992	5	28	7	25.0	32.9
1992	5	29	0	26.7	35.4
1992	5	30	0	27.6	35.4
1992	5	31	45	23.2	34.5
1992	6	1	0	28.3	34.5
1992	6	2	0	27.0	35.5
1992	6	3	0	28.0	35.5
1992	6	4	0	28.0	35.8
1992	6	5	0	27.7	35.0
1992	6	6	0	27.2	35.0
1992	6	7	0	28.0	35.0
1992	6	8	0	23.0	33.0
1992	6	9	14	25.0	34.6
1992	6	10	0	24.8	32.5
1992	6	11	5	26.4	34.0
1992	6	12	0	27.0	33.5
1992	6	13	15	25.4	34.5
1992	6	14	7	25.3	33.8
1992	6	15	0	27.5	35.0
1992	6	16	0	28.4	34.5
1992	6	17	33	26.1	34.8
1992	6	18	0	27.0	33.7
1992	6	19	1	27.8	34.0
1992	6	20	1	27.3	34.0
1992	6	21	3	27.0	33.2
1992	6	22	0	26.9	32.8
1992	6	23	7	26.5	30.4
1992	6	24	25	26.9	32.0
1992	6	25	19	23.0	33.9
1992	6	26	0	26.6	33.5
1992	6	27	0	25.3	28.6
1992	6	28	2	26.2	31.2
1992	6	29	0	25.2	33.2
1992	6	30	0	27.5	33.5
1992	7	1	0	27.5	32.5
1992	7	2	0	27.6	33.5
1992	7	3	6	24.2	32.0
1992	7	4	37	25.9	32.7
1992	7	5	7	25.4	32.5
1992	7	6	28	24.0	30.5
1992	7	7	0	26.7	30.5
1992	7	8	15	25.6	32.8
1992	7	9	0	26.0	33.0
1992	7	10	2	26.5	29.8
1992	7	11	12	25.1	28.0
1992	7	12	47	25.0	31.6
1992	7	13	0	26.2	32.3
1992	7	14	0	26.8	32.8
1992	7	15	0	27.5	31.5
1992	7	16	4	25.8	27.1
1992	7	17	66	25.0	31.5
1992	7	18	10	25.8	29.8
1992	7	19	2	25.6	30.1
1992	7	20	67	25.0	30.4
1992	7	21	20	25.5	31.6
1992	7	22	12	25.5	31.5
1992	7	23	0	27.1	32.0
1992	7	24	18	25.2	33.8
1992	7	25	0	25.0	33.5
1992	7	26	2	26.2	33.5
1992	7	27	9	27.0	31.3
1992	7	28	9	25.6	30.4
1992	7	29	7	26.1	32.2
1992	7	30	0	27.0	32.6
1992	7	31	6	25.3	29.8
1992	8	1	14	25.4	30.0
1992	8	2	7	25.6	31.8
1992	8	3	7	26.0	30.4
1992	8	4	4	26.0	32.2
1992	8	5	0	27.2	30.0
1992	8	6	1	26.6	30.9
1992	8	7	90	24.3	31.0
1992	8	8	1	26.0	29.8
1992	8	9	4	24.9	32.4
1992	8	10	0	25.1	31.7
1992	8	11	0	26.4	31.2
1992	8	12	0	26.5	35.2
1992	8	13	0	25.6	33.7
1992	8	14	3	28.0	33.2
1992	8	15	0	28.0	32.6
1992	8	16	2	26.7	32.1
1992	8	17	0	27.0	32.4
1992	8	18	0	26.8	32.5
1992	8	19	0	27.2	32.1
1992	8	20	1	26.8	31.6
1992	8	21	3	26.7	31.8
1992	8	22	11	25.2	31.2
1992	8	23	2	26.5	30.6
1992	8	24	9	26.2	32.8
1992	8	25	0	27.6	32.8
1992	8	26	3	26.5	31.5
1992	8	27	8	26.4	30.2
1992	8	28	3	25.2	31.5
1992	8	29	9	26.5	32.9
1992	8	30	0	27.8	34.2
1992	8	31	0	26.5	33.4
1992	9	1	0	27.8	31.4
1992	9	2	0	26.8	33.0
1992	9	3	2	27.2	32.5
1992	9	4	0	25.8	34.0
1992	9	5	0	27.2	33.0
1992	9	6	0	27.2	33.5
1992	9	7	2	28.0	32.9
1992	9	8	0	26.9	32.3
1992	9	9	2	27.4	33.5
1992	9	10	0	26.5	32.0
1992	9	11	15	24.6	29.5
1992	9	12	21	24.2	28.1
1992	9	13	43	25.1	32.8
1992	9	14	0	26.4	33.5
1992	9	15	1	26.0	33.8
1992	9	16	0	25.6	34.5
1992	9	17	1	26.8	33.5
1992	9	18	0	25.6	32.6
1992	9	19	1	25.4	34.5
1992	9	20	0	25.4	34.2
1992	9	21	0	26.2	34.4
1992	9	22	0	26.4	35.0
1992	9	23	0	26.3	34.2
1992	9	24	0	26.6	31.3
1992	9	25	0	26.6	32.0
1992	9	26	10	25.6	30.7
1992	9	27	4	24.7	29.6
1992	9	28	4	25.5	27.5
1992	9	29	52	23.6	26.0
1992	9	30	0	24.3	31.0
1992	10	1	0	24.0	32.2
1992	10	2	0	24.4	33.0
1992	10	3	0	25.3	34.6
1992	10	4	0	26.1	30.6
1992	10	5	0	24.6	31.5
1992	10	6	1	25.4	31.7
1992	10	7	4	25.0	33.2
1992	10	8	0	25.2	33.5
1992	10	9	0	25.8	33.6
1992	10	10	0	26.0	32.8
1992	10	11	6	25.0	33.0
1992	10	12	0	26.2	32.2
1992	10	13	0	26.7	32.7
1992	10	14	8	26.2	30.0
1992	10	15	26	25.5	31.5
1992	10	16	1	24.6	30.3
1992	10	17	29	23.0	31.6
1992	10	18	0	24.2	31.5
1992	10	19	0	23.8	32.0
1992	10	20	0	25.0	29.2
1992	10	21	4	23.8	26.5
1992	10	22	4	23.0	30.5
1992	10	23	0	23.3	31.6
1992	10	24	0	20.6	31.6
1992	10	25	0	19.0	31.4
1992	10	26	0	19.6	30.9
1992	10	27	0	19.3	30.8
1992	10	28	0	20.6	32.2
1992	10	29	0	22.4	32.8
1992	10	30	0	21.2	33.1
1992	10	31	0	22.5	33.6
1992	11	1	0	23.5	32.5
1992	11	2	0	21.6	33.5
1992	11	3	0	21.0	32.5
1992	11	4	0	20.5	31.7
1992	11	5	0	20.5	31.2
1992	11	6	0	19.7	30.8
1992	11	7	0	20.2	30.7
1992	11	8	0	18.0	30.0
1992	11	9	0	17.8	30.3
1992	11	10	0	18.1	30.1
1992	11	11	0	20.2	29.0
1992	11	12	0	19.3	30.6
1992	11	13	0	17.8	30.7
1992	11	14	0	17.0	30.7
1992	11	15	0	16.8	30.0
1992	11	16	0	16.8	28.5
1992	11	17	0	17.6	28.4
1992	11	18	0	18.0	27.2
1992	11	19	0	20.8	28.8
1992	11	20	0	21.1	29.2
1992	11	21	0	19.8	30.6
1992	11	22	0	17.2	29.6
1992	11	23	0	16.3	30.5
1992	11	24	0	18.5	22.6
1992	11	25	2	16.6	25.8
1992	11	26	0	15.5	27.4
1992	11	27	0	15.0	28.0
1992	11	28	0	16.1	28.2
1992	11	29	0	17.2	28.5
1992	11	30	0	20.8	25.5
1992	12	1	0	18.4	26.4
1992	12	2	0	18.6	24.2
1992	12	3	0	15.8	26.0
1992	12	4	0	15.4	27.8
1992	12	5	0	16.1	27.0
1992	12	6	0	12.7	26.0
1992	12	7	0	12.2	26.2
1992	12	8	0	12.2	26.7
1992	12	9	0	12.2	26.4
1992	12	10	0	12.6	26.5
1992	12	11	0	11.8	26.5
1992	12	12	0	11.2	26.2
1992	12	13	0	11.6	26.2
1992	12	14	0	12.0	25.8
1992	12	15	0	11.2	26.0
1992	12	16	0	11.6	26.0
1992	12	17	0	10.9	25.5
1992	12	18	0	11.1	25.1
1992	12	19	0	10.4	25.0
1992	12	20	0	11.0	25.6
1992	12	21	0	10.5	25.8
1992	12	22	0	10.4	25.8
1992	12	23	0	11.5	26.1
1992	12	24	0	10.2	27.0
1992	12	25	0	9.7	27.8
1992	12	26	0	11.1	26.0
1992	12	27	0	12.1	25.8
1992	12	28	0	11.3	24.5
1992	12	29	0	11.6	26.0
1992	12	30	0	13.3	25.5
1992	12	31	0	12.2	25.5
1993	1	1	0	11.5	25.0
1993	1	2	0	13.2	22.2
1993	1	3	0	12.5	25.7
1993	1	4	0	14.2	25.0
1993	1	5	0	14.6	22.5
1993	1	6	0	13.5	25.0
1993	1	7	0	14.6	27.2
1993	1	8	0	17.2	27.0
1993	1	9	0	19.5	26.0
1993	1	10	0	17.2	22.8
1993	1	11	0	12.2	24.5
1993	1	12	0	14.3	24.5
1993	1	13	0	15.8	24.4
1993	1	14	0	10.6	22.8
1993	1	15	0	8.4	23.1
1993	1	16	0	9.4	24.4
1993	1	17	0	11.0	25.4
1993	1	18	0	11.5	25.6
1993	1	19	0	9.6	25.0
1993	1	20	0	8.6	21.7
1993	1	21	0	7.6	21.0
1993	1	22	0	7.2	22.6
1993	1	23	0	8.5	23.6
1993	1	24	0	7.9	23.5
1993	1	25	0	8.0	23.0
1993	1	26	0	8.5	23.6
1993	1	27	0	9.5	24.4
1993	1	28	0	10.6	25.0
1993	1	29	0	11.8	28.0
1993	1	30	0	17.0	28.6
1993	1	31	0	15.4	27.0
1993	2	1	0	16.4	26.4
1993	2	2	8	12.6	27.5
1993	2	3	0	13.5	28.5
1993	2	4	0	13.6	29.0
1993	2	5	0	13.6	29.5
1993	2	6	0	13.4	28.8
1993	2	7	0	13.3	29.4
1993	2	8	0	13.4	29.5
1993	2	9	0	15.8	29.0
1993	2	10	0	16.8	30.0
1993	2	11	0	14.4	30.0
1993	2	12	0	15.3	29.4
1993	2	13	0	19.6	29.5
1993	2	14	0	21.1	30.5
1993	2	15	0	22.0	30.8
1993	2	16	0	21.2	31.5
1993	2	17	0	22.4	32.0
1993	2	18	0	23.4	31.3
1993	2	19	22	18.8	31.6
1993	2	20	21	17.6	26.4
1993	2	21	0	19.7	24.7
1993	2	22	1	15.7	24.1
1993	2	23	0	11.4	25.7
1993	2	24	0	12.5	26.0
1993	2	25	0	14.0	27.7
1993	2	26	0	16.4	28.6
1993	2	27	0	21.0	29.1
1993	2	28	0	17.5	29.0
1993	3	1	0	17.8	30.5
1993	3	2	0	17.3	27.5
1993	3	3	0	16.6	31.0
1993	3	4	0	15.2	29.9
1993	3	5	0	16.8	29.5
1993	3	6	0	16.0	30.3
1993	3	7	0	13.7	29.3
1993	3	8	0	14.2	30.8
1993	3	9	0	17.3	32.0
1993	3	10	0	17.5	34.0
1993	3	11	0	21.0	33.8
1993	3	12	0	20.0	33.9
1993	3	13	0	21.5	34.4
1993	3	14	0	23.0	33.8
1993	3	15	1	22.6	34.6
1993	3	16	0	23.4	33.6
1993	3	17	0	19.0	32.3
1993	3	18	0	17.4	32.0
1993	3	19	0	19.0	33.2
1993	3	20	0	21.7	31.5
1993	3	21	0	19.6	30.5
1993	3	22	0	20.5	29.2
1993	3	23	23	20.2	26.8
1993	3	24	1	20.7	30.1
1993	3	25	0	22.0	24.2
1993	3	26	11	19.1	26.9
1993	3	27	52	20.0	29.7
1993	3	28	0	19.0	29.6
1993	3	29	0	16.6	30.1
1993	3	30	0	15.8	31.5
1993	3	31	0	16.4	32.8
1993	4	1	0	19.0	33.5
1993	4	2	0	24.0	32.4
1993	4	3	0	21.0	35.0
1993	4	4	0	23.2	35.5
1993	4	5	0	19.6	35.4
1993	4	6	0	22.6	36.6
1993	4	7	0	23.6	35.6
1993	4	8	0	25.2	37.0
1993	4	9	5	20.2	31.6
1993	4	10	0	24.2	33.6
1993	4	11	16	19.3	32.0
1993	4	12	19	19.6	28.6
1993	4	13	7	19.2	29.0
1993	4	14	0	21.6	32.0
1993	4	15	0	23.6	31.6
1993	4	16	6	20.6	32.4
1993	4	17	15	23.2	35.8
1993	4	18	0	25.5	34.4
1993	4	19	0	25.0	33.9
1993	4	20	0	25.5	33.4
1993	4	21	0	21.6	34.0
1993	4	22	0	24.0	34.2
1993	4	23	0	26.0	32.4
1993	4	24	26	21.5	32.0
1993	4	25	0	22.2	32.2
1993	4	26	0	25.6	32.7
1993	4	27	17	22.0	31.5
1993	4	28	0	25.0	32.5
1993	4	29	2	23.7	32.5
1993	4	30	0	24.2	27.8
1993	5	1	7	22.2	23.5
1993	5	2	42	21.5	28.3
1993	5	3	99	21.8	32.6
1993	5	4	25	22.5	32.5
1993	5	5	1	27.5	33.0
1993	5	6	4	25.5	32.7
1993	5	7	20	21.5	26.6
1993	5	8	42	19.8	29.0
1993	5	9	0	22.7	32.7
1993	5	10	92	21.0	32.1
1993	5	11	0	22.5	28.8
1993	5	12	15	21.3	34.0
1993	5	13	21	20.8	31.6
1993	5	14	41	21.5	32.5
1993	5	15	0	25.8	32.4
1993	5	16	21	20.6	29.0
1993	5	17	44	21.6	32.6
1993	5	18	6	21.0	26.8
1993	5	19	53	20.4	30.1
1993	5	20	0	23.8	32.2
1993	5	21	2	22.8	33.6
1993	5	22	0	25.0	34.2
1993	5	23	0	26.5	34.5
1993	5	24	0	26.6	34.0
1993	5	25	0	27.2	35.0
1993	5	26	0	27.8	34.2
1993	5	27	0	27.2	31.2
1993	5	28	0	26.3	31.1
1993	5	29	6	24.3	33.0
1993	5	30	13	25.4	32.0
1993	5	31	2	25.5	33.6
1993	6	1	0	24.6	26.8
1993	6	2	18	23.8	33.2
1993	6	3	28	23.2	32.2
1993	6	4	2	26.7	34.3
1993	6	5	0	24.2	33.5
1993	6	6	0	28.0	33.8
1993	6	7	30	23.1	32.5
1993	6	8	0	27.2	33.2
1993	6	9	99	23.6	33.8
1993	6	10	0	27.8	34.0
1993	6	11	0	28.2	33.7
1993	6	12	24	23.2	29.0
1993	6	13	11	24.5	31.4
1993	6	14	0	27.4	34.0
1993	6	15	1	26.8	32.5
1993	6	16	13	24.8	30.6
1993	6	17	38	26.0	28.0
1993	6	18	52	25.2	26.8
1993	6	19	120	24.8	27.8
1993	6	20	6	24.5	30.8
1993	6	21	0	27.0	32.5
1993	6	22	0	26.2	30.2
1993	6	23	1	25.8	31.5
1993	6	24	1	26.5	32.5
1993	6	25	0	26.6	29.3
1993	6	26	47	25.4	31.8
1993	6	27	10	25.5	32.8
1993	6	28	0	27.6	34.0
1993	6	29	0	28.6	33.5
1993	6	30	3	24.8	32.4
1993	7	1	1	27.0	29.5
1993	7	2	15	25.8	32.2
1993	7	3	54	24.6	32.4
1993	7	4	3	27.2	32.3
1993	7	5	0	27.6	32.3
1993	7	6	14	26.7	31.0
1993	7	7	28	24.0	31.7
1993	7	8	4	27.5	32.0
1993	7	9	0	27.0	30.7
1993	7	10	13	26.0	31.7
1993	7	11	4	25.6	31.8
1993	7	12	3	27.5	33.0
1993	7	13	2	28.0	33.2
1993	7	14	2	27.6	32.0
1993	7	15	3	25.6	29.2
1993	7	16	28	26.0	30.2
1993	7	17	23	25.0	31.0
1993	7	18	7	26.4	31.6
1993	7	19	0	27.4	31.4
1993	7	20	18	24.2	31.7
1993	7	21	72	23.5	31.5
1993	7	22	63	23.0	27.6
1993	7	23	18	25.7	27.0
1993	7	24	24	25.0	28.7
1993	7	25	14	25.6	32.4
1993	7	26	0	27.0	32.2
1993	7	27	2	26.0	32.0
1993	7	28	3	27.2	33.0
1993	7	29	0	27.0	33.0
1993	7	30	0	27.5	32.8
1993	7	31	3	27.4	32.0
1993	8	1	0	28.0	32.0
1993	8	2	8	27.4	31.4
1993	8	3	0	27.4	31.4
1993	8	4	4	27.0	30.2
1993	8	5	12	26.1	30.6
1993	8	6	17	25.2	31.3
1993	8	7	3	25.8	33.3
1993	8	8	1	26.8	32.4
1993	8	9	9	26.5	31.8
1993	8	10	38	26.3	31.5
1993	8	11	0	27.0	31.0
1993	8	12	5	26.0	30.3
1993	8	13	6	27.0	32.0
1993	8	14	2	27.4	32.0
1993	8	15	1	27.6	32.2
1993	8	16	0	27.4	31.0
1993	8	17	9	26.6	31.6
1993	8	18	3	26.7	32.5
1993	8	19	1	27.2	31.4
1993	8	20	17	26.2	29.0
1993	8	21	28	26.5	28.0
1993	8	22	35	25.2	30.3
1993	8	23	27	26.4	28.0
1993	8	24	115	24.6	28.5
1993	8	25	68	24.7	30.2
1993	8	26	15	25.2	31.4
1993	8	27	0	26.6	31.2
1993	8	28	8	26.0	31.6
1993	8	29	0	26.6	32.2
1993	8	30	0	27.0	31.2
1993	8	31	0	24.6	27.9
1993	9	1	44	24.2	28.6
1993	9	2	31	24.5	26.6
1993	9	3	140	24.2	25.9
1993	9	4	43	24.2	31.8
1993	9	5	0	25.6	32.2
1993	9	6	3	25.5	32.0
1993	9	7	0	26.0	30.6
1993	9	8	0	26.5	31.7
1993	9	9	2	27.0	32.7
1993	9	10	0	26.8	34.6
1993	9	11	0	26.5	35.3
1993	9	12	0	25.4	32.5
1993	9	13	2	26.5	32.5
1993	9	14	6	25.8	29.4
1993	9	15	9	25.6	33.1
1993	9	16	4	25.2	32.2
1993	9	17	3	26.0	32.9
1993	9	18	0	26.5	33.4
1993	9	19	0	26.6	34.8
1993	9	20	1	26.2	32.7
1993	9	21	1	26.5	31.0
1993	9	22	0	25.5	31.3
1993	9	23	4	25.2	30.8
1993	9	24	22	24.4	32.0
1993	9	25	0	25.8	29.7
1993	9	26	26	24.7	31.7
1993	9	27	0	26.8	32.3
1993	9	28	1	25.7	32.4
1993	9	29	21	25.0	28.0
1993	9	30	54	24.3	31.3
1993	10	1	0	26.2	32.5
1993	10	2	1	25.5	32.1
1993	10	3	0	25.8	31.5
1993	10	4	9	26.4	30.8
1993	10	5	4	25.0	32.9
1993	10	6	5	24.3	31.8
1993	10	7	34	25.5	33.0
1993	10	8	0	26.2	33.6
1993	10	9	0	26.2	33.6
1993	10	10	4	26.1	33.0
1993	10	11	0	26.2	32.2
1993	10	12	12	25.5	32.5
1993	10	13	2	25.6	31.5
1993	10	14	27	24.0	28.5
1993	10	15	13	24.0	29.2
1993	10	16	28	23.6	30.5
1993	10	17	22	23.2	31.4
1993	10	18	0	24.5	29.6
1993	10	19	25	23.6	30.6
1993	10	20	7	23.2	30.8
1993	10	21	23	22.8	31.8
1993	10	22	0	23.6	31.0
1993	10	23	0	23.0	31.0
1993	10	24	0	20.6	30.5
1993	10	25	0	21.4	31.1
1993	10	26	0	20.2	30.6
1993	10	27	0	21.4	32.1
1993	10	28	0	20.6	31.5
1993	10	29	0	19.2	31.5
1993	10	30	0	20.7	31.3
1993	10	31	1	23.6	31.0
1993	11	1	3	21.6	29.5
1993	11	2	0	21.5	30.8
1993	11	3	0	23.4	27.2
1993	11	4	15	19.0	29.2
1993	11	5	0	20.2	30.0
1993	11	6	0	20.8	30.4
1993	11	7	0	20.8	30.0
1993	11	8	0	19.0	29.8
1993	11	9	0	19.2	30.0
1993	11	10	0	20.0	30.4
1993	11	11	0	20.2	30.4
1993	11	12	0	19.4	30.3
1993	11	13	0	18.8	30.2
1993	11	14	0	19.8	30.0
1993	11	15	0	19.7	30.0
1993	11	16	0	19.7	29.7
1993	11	17	0	19.5	29.4
1993	11	18	0	20.4	29.4
1993	11	19	1	20.5	29.2
1993	11	20	0	20.0	29.4
1993	11	21	0	18.5	29.0
1993	11	22	0	18.0	29.5
1993	11	23	0	17.6	29.4
1993	11	24	0	17.9	29.6
1993	11	25	0	18.0	28.6
1993	11	26	0	17.0	29.0
1993	11	27	0	17.2	29.0
1993	11	28	0	15.7	27.6
1993	11	29	0	17.5	28.4
1993	11	30	0	15.5	29.2
1993	12	1	0	15.7	29.1
1993	12	2	0	15.4	29.0
1993	12	3	0	15.8	28.4
1993	12	4	0	15.3	27.5
1993	12	5	0	15.2	28.5
1993	12	6	0	15.2	28.3
1993	12	7	0	15.4	28.1
1993	12	8	0	15.5	28.0
1993	12	9	0	15.3	28.3
1993	12	10	0	15.3	28.7
1993	12	11	0	14.0	28.1
1993	12	12	0	15.4	27.5
1993	12	13	0	13.9	27.0
1993	12	14	0	14.7	26.5
1993	12	15	0	12.8	25.5
1993	12	16	0	11.4	26.0
1993	12	17	0	12.0	21.6
1993	12	18	0	12.5	27.2
1993	12	19	0	14.1	27.0
1993	12	20	0	14.0	26.5
1993	12	21	0	13.4	26.8
1993	12	22	0	12.0	26.8
1993	12	23	0	11.5	26.3
1993	12	24	0	11.8	27.0
1993	12	25	0	12.2	27.4
1993	12	26	0	10.6	26.6
1993	12	27	0	11.7	26.7
1993	12	28	0	12.5	26.6
1993	12	29	0	14.0	26.0
1993	12	30	0	14.0	26.5
1993	12	31	0	12.2	27.1
1994	1	1	0	13.4	26.5
1994	1	2	0	11.9	26.8
1994	1	3	0	13.6	26.8
1994	1	4	0	13.4	27.2
1994	1	5	0	12.2	26.4
1994	1	6	0	13.1	26.4
1994	1	7	0	12.0	26.0
1994	1	8	0	11.0	26.0
1994	1	9	0	11.2	26.0
1994	1	10	0	12.2	24.6
1994	1	11	0	14.5	26.6
1994	1	12	0	13.0	27.2
1994	1	13	0	13.6	28.9
1994	1	14	0	14.8	28.5
1994	1	15	0	15.0	27.5
1994	1	16	0	17.6	21.8
1994	1	17	2	12.2	22.4
1994	1	18	0	10.5	23.3
1994	1	19	0	12.0	24.8
1994	1	20	0	13.0	26.7
1994	1	21	0	13.5	26.1
1994	1	22	0	10.6	25.4
1994	1	23	0	9.0	25.5
1994	1	24	0	12.2	25.2
1994	1	25	0	11.8	25.4
1994	1	26	0	13.0	27.0
1994	1	27	0	13.7	27.6
1994	1	28	0	14.4	27.1
1994	1	29	0	15.0	28.5
1994	1	30	0	16.0	29.1
1994	1	31	11	16.6	22.0
1994	2	1	3	15.2	23.9
1994	2	2	7	12.8	18.4
1994	2	3	8	12.8	21.6
1994	2	4	0	12.3	25.4
1994	2	5	0	12.0	26.1
1994	2	6	0	12.5	27.4
1994	2	7	0	13.0	28.4
1994	2	8	0	13.5	28.2
1994	2	9	0	17.0	23.3
1994	2	10	1	13.6	25.3
1994	2	11	0	12.6	25.2
1994	2	12	0	11.5	25.7
1994	2	13	0	14.2	27.4
1994	2	14	0	13.0	27.5
1994	2	15	0	15.0	27.4
1994	2	16	0	14.5	28.6
1994	2	17	0	14.2	29.0
1994	2	18	0	16.0	29.6
1994	2	19	0	17.2	29.0
1994	2	20	0	13.0	29.7
1994	2	21	0	15.5	30.3
1994	2	22	19	18.2	22.0
1994	2	23	16	16.5	25.6
1994	2	24	0	12.5	25.2
1994	2	25	0	12.2	25.0
1994	2	26	0	12.6	26.8
1994	2	27	0	14.0	29.2
1994	2	28	0	18.2	31.0
1994	3	1	0	18.7	30.0
1994	3	2	0	14.0	29.6
1994	3	3	0	14.2	29.8
1994	3	4	0	14.4	30.4
1994	3	5	0	20.0	32.5
1994	3	6	0	22.6	33.3
1994	3	7	0	23.2	31.5
1994	3	8	0	17.1	31.0
1994	3	9	0	16.0	31.3
1994	3	10	0	14.0	31.5
1994	3	11	0	16.5	32.2
1994	3	12	0	16.5	32.8
1994	3	13	0	23.0	33.4
1994	3	14	0	22.8	32.4
1994	3	15	0	24.0	34.0
1994	3	16	0	24.0	34.6
1994	3	17	0	24.5	34.5
1994	3	18	0	23.0	35.0
1994	3	19	0	24.8	34.3
1994	3	20	0	25.1	34.5
1994	3	21	0	25.6	35.2
1994	3	22	0	25.5	34.6
1994	3	23	0	25.5	33.8
1994	3	24	0	24.4	34.2
1994	3	25	0	24.5	34.6
1994	3	26	0	23.6	33.2
1994	3	27	0	21.0	31.3
1994	3	28	37	18.8	31.5
1994	3	29	10	22.4	29.1
1994	3	30	47	20.3	26.6
1994	3	31	21	22.4	31.4
1994	4	1	0	24.0	32.2
1994	4	2	14	20.0	28.0
1994	4	3	19	18.0	29.0
1994	4	4	0	20.4	30.0
1994	4	5	0	21.6	31.0
1994	4	6	0	24.5	33.0
1994	4	7	0	26.2	33.8
1994	4	8	0	26.0	35.7
1994	4	9	0	24.5	36.0
1994	4	10	0	22.6	36.5
1994	4	11	0	24.4	36.0
1994	4	12	0	24.2	35.6
1994	4	13	0	20.5	37.1
1994	4	14	0	22.0	37.6
1994	4	15	0	23.9	37.2
1994	4	16	0	25.2	32.0
1994	4	17	0	25.3	35.4
1994	4	18	1	20.2	30.5
1994	4	19	0	23.2	33.6
1994	4	20	51	19.6	33.4
1994	4	21	30	20.0	32.0
1994	4	22	56	20.2	23.7
1994	4	23	21	21.0	30.0
1994	4	24	0	22.5	32.5
1994	4	25	9	22.0	33.5
1994	4	26	0	23.0	33.8
1994	4	27	0	23.5	32.4
1994	4	28	0	24.6	34.6
1994	4	29	0	25.4	35.4
1994	4	30	0	25.6	35.8
1994	5	1	0	24.4	35.4
1994	5	2	0	25.2	34.6
1994	5	3	0	26.2	36.1
1994	5	4	0	28.4	35.5
1994	5	5	0	28.5	35.5
1994	5	6	0	27.5	35.4
1994	5	7	7	24.2	35.0
1994	5	8	0	24.5	32.8
1994	5	9	11	22.0	29.4
1994	5	10	0	25.0	34.0
1994	5	11	8	23.9	34.2
1994	5	12	0	27.2	35.6
1994	5	13	0	27.5	35.8
1994	5	14	0	27.0	35.5
1994	5	15	0	26.2	34.8
1994	5	16	6	22.4	33.4
1994	5	17	31	22.0	33.5
1994	5	18	40	20.5	32.2
1994	5	19	43	21.5	32.6
1994	5	20	0	26.6	28.4
1994	5	21	49	22.5	31.2
1994	5	22	0	24.8	31.9
1994	5	23	1	26.0	32.7
1994	5	24	0	25.8	32.0
1994	5	25	0	25.1	32.7
1994	5	26	53	24.0	31.5
1994	5	27	2	25.5	33.4
1994	5	28	0	27.4	34.3
1994	5	29	0	28.0	34.5
1994	5	30	0	27.2	34.0
1994	5	31	3	27.2	34.0
1994	6	1	0	28.2	33.4
1994	6	2	0	28.6	34.5
1994	6	3	0	28.5	34.2
1994	6	4	2	25.5	34.3
1994	6	5	4	24.5	31.5
1994	6	6	12	23.2	33.6
1994	6	7	0	27.3	34.8
1994	6	8	3	25.5	33.5
1994	6	9	5	26.7	33.7
1994	6	10	0	28.2	32.0
1994	6	11	5	26.6	31.0
1994	6	12	10	26.0	31.0
1994	6	13	3	26.0	31.5
1994	6	14	1	27.0	32.4
1994	6	15	0	26.8	31.6
1994	6	16	3	27.0	31.5
1994	6	17	14	25.5	29.5
1994	6	18	34	25.4	29.8
1994	6	19	6	25.8	31.0
1994	6	20	1	26.3	30.6
1994	6	21	0	26.2	32.6
1994	6	22	0	27.2	32.2
1994	6	23	0	27.2	32.2
1994	6	24	1	27.1	31.8
1994	6	25	0	27.4	31.2
1994	6	26	10	26.7	33.0
1994	6	27	0	26.5	30.8
1994	6	28	26	25.6	27.5
1994	6	29	74	25.0	29.8
1994	6	30	52	25.0	32.0
1994	7	1	0	27.3	32.4
1994	7	2	1	26.3	32.2
1994	7	3	9	26.6	31.4
1994	7	4	0	26.5	31.0
1994	7	5	11	26.7	32.5
1994	7	6	0	28.0	32.0
1994	7	7	65	25.5	29.1
1994	7	8	19	26.0	31.9
1994	7	9	0	27.2	32.5
1994	7	10	0	26.5	32.8
1994	7	11	7	26.4	32.0
1994	7	12	0	27.4	33.0
1994	7	13	10	26.1	31.7
1994	7	14	0	26.8	32.3
1994	7	15	0	27.5	33.5
1994	7	16	14	25.0	32.8
1994	7	17	5	26.9	33.3
1994	7	18	3	26.7	32.4
1994	7	19	0	26.1	30.0
1994	7	20	0	25.7	31.6
1994	7	21	8	26.2	30.6
1994	7	22	0	26.6	31.6
1994	7	23	0	26.2	31.3
1994	7	24	1	26.8	33.2
1994	7	25	0	27.3	33.8
1994	7	26	0	27.4	32.7
1994	7	27	0	27.1	34.0
1994	7	28	0	27.7	33.0
1994	7	29	0	27.5	31.4
1994	7	30	0	26.8	32.3
1994	7	31	0	26.7	33.0
1994	8	1	0	27.5	34.1
1994	8	2	3	28.3	34.0
1994	8	3	10	26.0	32.5
1994	8	4	3	26.3	32.3
1994	8	5	5	26.8	31.7
1994	8	6	3	27.0	30.5
1994	8	7	14	24.9	33.3
1994	8	8	1	27.1	33.5
1994	8	9	5	27.0	32.5
1994	8	10	1	26.6	30.7
1994	8	11	12	25.8	30.0
1994	8	12	59	25.5	29.3
1994	8	13	10	26.1	31.8
1994	8	14	13	26.2	30.1
1994	8	15	10	25.4	32.5
1994	8	16	11	26.6	32.4
1994	8	17	0	26.3	32.0
1994	8	18	0	26.7	31.2
1994	8	19	3	25.7	31.0
1994	8	20	3	26.8	33.4
1994	8	21	0	27.2	33.3
1994	8	22	36	26.4	31.0
1994	8	23	5	26.0	31.5
1994	8	24	8	26.7	31.0
1994	8	25	9	26.0	29.2
1994	8	26	0	26.3	34.0
1994	8	27	1	26.0	33.5
1994	8	28	5	27.0	33.0
1994	8	29	0	26.7	32.7
1994	8	30	0	27.0	32.5
1994	8	31	16	24.0	30.2
1994	9	1	12	25.8	31.8
1994	9	2	0	25.5	32.5
1994	9	3	0	27.2	32.7
1994	9	4	0	27.5	31.2
1994	9	5	6	25.6	31.5
1994	9	6	10	25.2	32.2
1994	9	7	0	27.2	33.4
1994	9	8	0	27.3	34.3
1994	9	9	54	25.5	29.0
1994	9	10	18	26.1	32.2
1994	9	11	44	25.3	30.8
1994	9	12	0	26.5	32.4
1994	9	13	15	26.2	32.8
1994	9	14	0	26.8	33.2
1994	9	15	0	26.6	34.6
1994	9	16	0	27.5	33.0
1994	9	17	0	25.3	32.7
1994	9	18	4	27.2	32.5
1994	9	19	0	26.0	32.0
1994	9	20	6	26.2	34.0
1994	9	21	0	26.4	33.0
1994	9	22	0	25.0	33.0
1994	9	23	0	25.8	32.2
1994	9	24	0	27.0	33.5
1994	9	25	0	25.0	33.8
1994	9	26	0	23.0	35.0
1994	9	27	0	23.0	35.0
1994	9	28	0	23.7	34.0
1994	9	29	0	23.8	34.7
1994	9	30	0	23.8	33.6
1994	10	1	0	26.3	34.5
1994	10	2	0	26.2	34.0
1994	10	3	0	25.5	33.4
1994	10	4	0	25.3	28.5
1994	10	5	12	24.0	31.0
1994	10	6	22	23.2	31.4
1994	10	7	5	24.0	30.8
1994	10	8	9	24.6	32.5
1994	10	9	3	24.8	31.3
1994	10	10	4	25.6	30.6
1994	10	11	0	23.0	34.0
1994	10	12	0	25.6	33.7
1994	10	13	0	25.3	34.0
1994	10	14	0	23.0	34.5
1994	10	15	0	23.2	34.0
1994	10	16	0	22.4	32.9
1994	10	17	0	20.3	33.4
1994	10	18	0	20.5	33.5
1994	10	19	0	21.5	34.0
1994	10	20	0	23.0	34.0
1994	10	21	0	24.0	33.8
1994	10	22	0	22.6	31.3
1994	10	23	0	23.5	33.0
1994	10	24	0	23.0	33.2
1994	10	25	0	23.0	33.0
1994	10	26	0	20.0	33.0
1994	10	27	0	21.4	32.5
1994	10	28	0	21.4	32.5
1994	10	29	0	23.1	31.8
1994	10	30	0	22.0	33.0
1994	10	31	0	22.4	32.2
1994	11	1	0	23.0	31.8
1994	11	2	14	21.3	31.2
1994	11	3	0	23.9	29.8
1994	11	4	0	21.8	32.0
1994	11	5	0	19.7	33.0
1994	11	6	0	20.5	31.3
1994	11	7	0	21.2	31.0
1994	11	8	0	21.0	30.5
1994	11	9	0	22.2	31.7
1994	11	10	0	21.6	28.2
1994	11	11	0	20.4	31.0
1994	11	12	0	20.0	31.2
1994	11	13	0	19.6	31.3
1994	11	14	0	20.5	29.5
1994	11	15	0	16.8	30.0
1994	11	16	0	16.4	30.2
1994	11	17	0	17.5	29.8
1994	11	18	0	16.0	30.4
1994	11	19	0	15.6	29.4
1994	11	20	0	16.0	30.4
1994	11	21	0	16.4	31.5
1994	11	22	0	18.0	31.6
1994	11	23	0	19.4	25.6
1994	11	24	0	20.0	23.5
1994	11	25	0	18.6	26.6
1994	11	26	0	15.3	27.5
1994	11	27	0	15.0	29.0
1994	11	28	0	15.0	29.0
1994	11	29	0	15.1	29.1
1994	11	30	0	16.3	29.2
1994	12	1	0	17.3	28.5
1994	12	2	0	15.0	27.8
1994	12	3	0	13.5	28.2
1994	12	4	0	13.5	28.6
1994	12	5	0	13.5	28.0
1994	12	6	0	13.4	29.0
1994	12	7	0	12.2	29.2
1994	12	8	0	12.7	28.6
1994	12	9	0	14.2	28.0
1994	12	10	0	14.4	29.8
1994	12	11	0	15.6	29.0
1994	12	12	0	16.4	26.5
1994	12	13	0	12.4	25.0
1994	12	14	0	11.7	26.5
1994	12	15	0	12.0	27.0
1994	12	16	0	11.1	28.7
1994	12	17	0	11.1	28.2
1994	12	18	0	10.8	28.0
1994	12	19	0	11.3	28.0
1994	12	20	0	11.4	26.7
1994	12	21	0	10.3	26.7
1994	12	22	0	10.3	26.8
1994	12	23	0	10.8	27.0
1994	12	24	0	9.9	28.8
1994	12	25	0	11.2	29.0
1994	12	26	0	12.0	27.7
1994	12	27	0	11.5	25.7
1994	12	28	0	12.4	26.4
1994	12	29	0	12.8	27.0
1994	12	30	0	11.2	27.2
1994	12	31	0	10.6	27.0
1995	1	1	0	13.1	25.7
1995	1	2	0	8.5	24.3
1995	1	3	0	6.5	22.5
1995	1	4	0	6.8	24.5
1995	1	5	0	8.5	26.8
1995	1	6	0	11.0	26.8
1995	1	7	0	13.8	27.5
1995	1	8	0	12.7	26.0
1995	1	9	2	16.0	20.8
1995	1	10	4	14.4	26.5
1995	1	11	0	15.8	26.3
1995	1	12	0	16.1	22.0
1995	1	13	0	15.0	23.1
1995	1	14	0	10.2	22.6
1995	1	15	0	11.0	27.0
1995	1	16	0	11.8	29.2
1995	1	17	0	13.6	24.1
1995	1	18	2	15.6	25.0
1995	1	19	0	12.4	26.0
1995	1	20	0	10.4	25.0
1995	1	21	0	9.0	25.4
1995	1	22	0	10.2	24.7
1995	1	23	0	8.2	25.0
1995	1	24	0	8.4	24.7
1995	1	25	0	7.5	23.7
1995	1	26	0	9.7	25.2
1995	1	27	0	10.5	26.6
1995	1	28	0	10.3	27.2
1995	1	29	0	13.9	27.6
1995	1	30	0	10.6	27.0
1995	1	31	0	9.6	27.2
1995	2	1	0	12.2	27.7
1995	2	2	0	14.5	27.2
1995	2	3	0	10.2	28.5
1995	2	4	0	10.6	29.2
1995	2	5	0	13.0	23.0
1995	2	6	0	13.3	26.5
1995	2	7	0	12.0	27.4
1995	2	8	0	10.2	27.6
1995	2	9	0	12.0	29.0
1995	2	10	0	16.2	28.2
1995	2	11	0	18.8	28.2
1995	2	12	0	20.2	27.5
1995	2	13	0	20.0	30.6
1995	2	14	0	21.2	30.8
1995	2	15	0	22.4	29.0
1995	2	16	2	17.5	26.0
1995	2	17	0	13.6	27.6
1995	2	18	0	14.3	29.2
1995	2	19	14	17.2	26.0
1995	2	20	0	16.4	28.9
1995	2	21	0	17.8	30.5
1995	2	22	0	19.0	30.4
1995	2	23	0	21.3	25.5
1995	2	24	15	17.8	27.7
1995	2	25	0	13.2	26.4
1995	2	26	0	12.2	28.0
1995	2	27	0	15.5	26.6
1995	2	28	0	17.4	30.0
1995	3	1	0	19.6	30.5
1995	3	2	0	18.0	30.5
1995	3	3	0	17.7	30.6
1995	3	4	0	17.5	30.8
1995	3	5	0	14.8	30.0
1995	3	6	0	15.5	31.8
1995	3	7	0	17.5	29.2
1995	3	8	0	17.2	29.5
1995	3	9	0	17.2	31.4
1995	3	10	0	19.4	31.0
1995	3	11	0	16.3	29.4
1995	3	12	0	16.5	32.0
1995	3	13	0	16.0	32.0
1995	3	14	0	14.5	31.9
1995	3	15	0	16.0	33.2
1995	3	16	0	16.4	34.3
1995	3	17	0	19.5	34.5
1995	3	18	0	19.3	36.0
1995	3	19	0	20.5	36.7
1995	3	20	0	20.0	37.1
1995	3	21	0	21.0	38.0
1995	3	22	0	21.2	37.7
1995	3	23	0	20.7	38.8
1995	3	24	0	20.8	38.7
1995	3	25	0	24.5	38.5
1995	3	26	0	24.9	37.6
1995	3	27	0	23.2	34.5
1995	3	28	0	20.7	32.9
1995	3	29	0	23.8	37.0
1995	3	30	0	24.8	35.8
1995	3	31	0	24.5	35.9
1995	4	1	0	25.0	37.2
1995	4	2	0	24.3	36.4
1995	4	3	0	23.6	37.7
1995	4	4	0	22.2	37.5
1995	4	5	0	24.5	36.8
1995	4	6	0	22.8	37.1
1995	4	7	0	24.4	37.0
1995	4	8	0	21.8	35.0
1995	4	9	45	17.7	34.5
1995	4	10	31	21.0	34.5
1995	4	11	0	24.6	34.7
1995	4	12	1	22.0	37.0
1995	4	13	4	22.8	36.5
1995	4	14	0	25.8	32.5
1995	4	15	2	23.4	33.5
1995	4	16	5	21.0	34.2
1995	4	17	0	25.6	35.2
1995	4	18	0	26.0	37.0
1995	4	19	0	26.0	37.2
1995	4	20	0	27.0	39.0
1995	4	21	0	24.6	35.5
1995	4	22	0	25.0	37.0
1995	4	23	0	26.4	-99.9
1995	4	24	0	26.7	38.5
1995	4	25	0	27.0	36.7
1995	4	26	0	27.6	38.0
1995	4	27	0	27.5	37.0
1995	4	28	0	27.5	37.4
1995	4	29	0	27.6	38.0
1995	4	30	0	27.7	38.2
1995	5	1	0	28.5	36.5
1995	5	2	0	26.4	38.0
1995	5	3	0	27.2	37.6
1995	5	4	0	25.5	37.6
1995	5	5	0	27.6	34.5
1995	5	6	3	23.8	36.8
1995	5	7	0	27.7	36.5
1995	5	8	0	24.6	36.8
1995	5	9	3	25.5	37.0
1995	5	10	0	25.5	33.2
1995	5	11	0	27.0	37.3
1995	5	12	0	26.4	35.0
1995	5	13	0	26.5	36.2
1995	5	14	0	26.4	36.4
1995	5	15	11	26.3	29.5
1995	5	16	71	25.1	29.0
1995	5	17	76	25.4	28.0
1995	5	18	72	24.4	34.8
1995	5	19	0	26.9	34.5
1995	5	20	0	26.7	33.5
1995	5	21	0	27.5	33.6
1995	5	22	3	23.4	34.2
1995	5	23	16	22.8	34.0
1995	5	24	0	28.0	35.0
1995	5	25	0	27.7	35.2
1995	5	26	9	24.0	35.4
1995	5	27	0	28.0	35.5
1995	5	28	0	28.0	34.8
1995	5	29	0	28.3	35.0
1995	5	30	0	28.0	34.7
1995	5	31	0	27.7	35.2
1995	6	1	0	28.2	35.6
1995	6	2	0	28.2	34.5
1995	6	3	0	28.8	34.8
1995	6	4	0	28.4	32.4
1995	6	5	1	26.3	33.3
1995	6	6	0	28.1	33.6
1995	6	7	6	27.5	34.0
1995	6	8	0	28.1	33.3
1995	6	9	0	27.8	35.4
1995	6	10	0	28.2	36.4
1995	6	11	4	26.9	36.6
1995	6	12	2	25.9	30.0
1995	6	13	13	25.5	30.0
1995	6	14	33	26.0	33.5
1995	6	15	0	28.4	33.3
1995	6	16	0	28.6	30.5
1995	6	17	19	23.1	25.5
1995	6	18	78	23.7	31.0
1995	6	19	49	24.0	32.0
1995	6	20	5	24.2	31.5
1995	6	21	0	27.2	32.8
1995	6	22	9	25.8	32.0
1995	6	23	0	27.2	31.5
1995	6	24	8	26.4	31.8
1995	6	25	3	26.5	32.5
1995	6	26	2	26.7	33.3
1995	6	27	0	27.1	33.2
1995	6	28	0	27.6	32.6
1995	6	29	3	27.6	34.0
1995	6	30	2	27.8	33.7
1995	7	1	0	27.5	33.0
1995	7	2	0	26.6	31.2
1995	7	3	46	26.0	32.2
1995	7	4	20	25.4	28.2
1995	7	5	56	23.6	27.5
1995	7	6	14	24.7	31.0
1995	7	7	15	25.0	31.1
1995	7	8	0	27.1	33.5
1995	7	9	0	27.6	32.2
1995	7	10	7	25.8	32.1
1995	7	11	3	26.5	30.8
1995	7	12	20	26.8	30.6
1995	7	13	3	27.2	32.0
1995	7	14	0	27.1	32.5
1995	7	15	2	27.2	33.0
1995	7	16	3	26.6	33.0
1995	7	17	0	27.5	32.2
1995	7	18	0	27.0	33.0
1995	7	19	0	27.3	33.5
1995	7	20	1	27.2	33.2
1995	7	21	1	25.5	30.7
1995	7	22	7	25.5	28.2
1995	7	23	7	25.3	31.0
1995	7	24	7	26.1	32.2
1995	7	25	1	27.2	32.9
1995	7	26	0	27.5	31.8
1995	7	27	55	25.7	32.0
1995	7	28	40	25.4	31.6
1995	7	29	4	26.7	32.3
1995	7	30	17	27.0	33.0
1995	7	31	25	24.5	33.2
1995	8	1	2	27.8	33.5
1995	8	2	2	26.8	32.7
1995	8	3	0	26.2	28.8
1995	8	4	10	25.8	32.1
1995	8	5	13	25.4	32.6
1995	8	6	22	26.0	34.1
1995	8	7	0	28.0	33.6
1995	8	8	20	26.6	31.0
1995	8	9	3	26.5	32.2
1995	8	10	1	27.0	33.5
1995	8	11	0	27.8	31.2
1995	8	12	0	28.0	31.8
1995	8	13	70	23.2	28.5
1995	8	14	83	24.0	33.3
1995	8	15	36	24.1	31.2
1995	8	16	5	26.8	33.7
1995	8	17	1	26.6	31.4
1995	8	18	0	26.6	30.0
1995	8	19	5	25.0	30.3
1995	8	20	47	24.2	31.4
1995	8	21	7	24.4	32.2
1995	8	22	1	26.3	32.7
1995	8	23	0	26.8	34.5
1995	8	24	0	27.8	33.6
1995	8	25	1	27.6	33.7
1995	8	26	0	27.7	32.7
1995	8	27	12	26.9	34.0
1995	8	28	10	27.5	34.7
1995	8	29	8	28.0	34.2
1995	8	30	0	27.0	34.0
1995	8	31	1	27.7	34.2
1995	9	1	0	28.4	34.0
1995	9	2	4	27.2	32.0
1995	9	3	13	26.2	30.0
1995	9	4	13	26.0	31.3
1995	9	5	1	26.0	29.0
1995	9	6	14	26.0	31.0
1995	9	7	0	26.8	32.9
1995	9	8	0	27.0	34.0
1995	9	9	0	28.2	33.0
1995	9	10	6	26.0	31.6
1995	9	11	0	26.2	33.4
1995	9	12	0	26.6	33.0
1995	9	13	1	25.7	34.0
1995	9	14	0	26.1	35.6
1995	9	15	0	27.0	34.5
1995	9	16	0	27.0	35.0
1995	9	17	7	26.2	29.2
1995	9	18	33	25.3	30.8
1995	9	19	6	25.2	33.5
1995	9	20	13	27.0	33.4
1995	9	21	35	25.3	33.4
1995	9	22	0	27.6	31.5
1995	9	23	0	27.3	33.5
1995	9	24	0	27.0	32.0
1995	9	25	1	25.8	32.9
1995	9	26	16	25.0	30.6
1995	9	27	23	25.0	30.0
1995	9	28	1	26.6	32.2
1995	9	29	11	24.5	32.5
1995	9	30	7	25.2	33.0
1995	10	1	0	25.7	33.2
1995	10	2	0	25.4	33.6
1995	10	3	0	25.2	34.6
1995	10	4	0	25.8	32.4
1995	10	5	3	26.0	33.0
1995	10	6	0	25.6	33.0
1995	10	7	1	24.8	33.2
1995	10	8	0	23.1	27.5
1995	10	9	34	23.5	30.4
1995	10	10	0	24.0	33.5
1995	10	11	0	25.6	32.7
1995	10	12	1	25.8	34.1
1995	10	13	0	25.5	34.5
1995	10	14	0	24.5	34.5
1995	10	15	0	24.5	34.0
1995	10	16	0	24.6	34.1
1995	10	17	0	25.4	34.0
1995	10	18	0	25.0	31.5
1995	10	19	0	25.0	33.0
1995	10	20	6	24.4	32.1
1995	10	21	0	24.5	32.5
1995	10	22	43	22.6	33.2
1995	10	23	0	23.5	33.1
1995	10	24	0	24.0	33.0
1995	10	25	0	22.9	33.2
1995	10	26	0	21.0	33.2
1995	10	27	0	21.1	33.1
1995	10	28	0	19.2	34.0
1995	10	29	0	20.2	34.0
1995	10	30	0	23.3	32.7
1995	10	31	3	21.8	27.4
1995	11	1	2	23.4	29.5
1995	11	2	0	22.8	31.7
1995	11	3	0	21.0	32.0
1995	11	4	0	19.3	32.2
1995	11	5	0	21.0	32.8
1995	11	6	0	19.0	33.0
1995	11	7	0	21.0	34.2
1995	11	8	0	21.2	33.4
1995	11	9	0	25.5	26.8
1995	11	10	75	22.7	27.7
1995	11	11	25	23.7	31.3
1995	11	12	0	20.6	28.8
1995	11	13	0	19.5	29.4
1995	11	14	0	18.3	30.6
1995	11	15	0	18.5	32.0
1995	11	16	0	20.5	32.4
1995	11	17	0	23.0	30.1
1995	11	18	0	23.8	28.8
1995	11	19	0	22.0	28.0
1995	11	20	0	19.6	29.0
1995	11	21	0	18.5	30.2
1995	11	22	0	16.8	29.2
1995	11	23	0	15.0	29.8
1995	11	24	0	19.5	27.5
1995	11	25	2	20.2	24.1
1995	11	26	8	19.0	27.6
1995	11	27	0	16.0	27.5
1995	11	28	0	14.8	27.2
1995	11	29	0	14.6	28.0
1995	11	30	0	15.0	28.5
1995	12	1	0	12.7	28.6
1995	12	2	0	14.5	27.3
1995	12	3	0	14.2	27.0
1995	12	4	0	12.2	26.5
1995	12	5	0	13.0	27.0
1995	12	6	0	13.7	27.0
1995	12	7	0	14.0	27.7
1995	12	8	0	14.0	27.3
1995	12	9	0	13.8	28.0
1995	12	10	0	13.8	27.8
1995	12	11	0	14.2	28.1
1995	12	12	0	14.3	28.2
1995	12	13	0	14.2	28.4
1995	12	14	0	13.6	27.0
1995	12	15	0	11.3	26.3
1995	12	16	0	11.4	26.8
1995	12	17	0	11.7	27.0
1995	12	18	0	12.0	26.4
1995	12	19	0	11.9	26.7
1995	12	20	0	12.0	25.7
1995	12	21	0	12.3	26.0
1995	12	22	0	12.8	27.1
1995	12	23	0	14.7	27.7
1995	12	24	1	16.2	27.1
1995	12	25	0	14.5	28.0
1995	12	26	0	14.8	27.5
1995	12	27	0	13.0	25.7
1995	12	28	0	14.5	22.7
1995	12	29	0	11.6	25.2
1995	12	30	0	11.5	27.0
1995	12	31	0	12.5	28.0
1996	1	1	0	15.2	27.0
1996	1	2	0	16.0	27.6
1996	1	3	0	12.7	27.8
1996	1	4	0	13.7	25.5
1996	1	5	0	13.4	26.8
1996	1	6	0	13.4	25.8
1996	1	7	0	12.6	26.5
1996	1	8	0	12.2	27.5
1996	1	9	0	13.0	26.8
1996	1	10	0	13.5	27.2
1996	1	11	0	13.6	26.8
1996	1	12	0	16.7	25.5
1996	1	13	0	11.0	25.6
1996	1	14	0	9.6	26.5
1996	1	15	0	11.8	26.4
1996	1	16	0	14.0	29.2
1996	1	17	0	16.0	24.0
1996	1	18	0	11.3	23.4
1996	1	19	0	10.2	23.0
1996	1	20	0	9.6	23.4
1996	1	21	0	9.4	23.8
1996	1	22	0	9.2	24.0
1996	1	23	0	10.3	24.3
1996	1	24	0	10.6	27.1
1996	1	25	0	11.2	24.8
1996	1	26	0	11.0	25.5
1996	1	27	0	12.0	25.6
1996	1	28	0	13.0	26.5
1996	1	29	0	10.7	26.5
1996	1	30	0	9.0	24.7
1996	1	31	0	9.0	25.6
1996	2	1	0	11.0	27.6
1996	2	2	0	11.0	28.4
1996	2	3	0	11.8	29.2
1996	2	4	0	13.1	29.0
1996	2	5	0	13.0	30.0
1996	2	6	0	12.8	29.5
1996	2	7	0	12.8	29.7
1996	2	8	0	14.0	29.0
1996	2	9	0	14.0	30.5
1996	2	10	0	14.0	31.8
1996	2	11	0	15.2	32.0
1996	2	12	0	16.6	28.2
1996	2	13	0	14.7	27.5
1996	2	14	0	13.7	28.5
1996	2	15	0	14.0	30.0
1996	2	16	0	15.8	30.0
1996	2	17	0	13.2	29.3
1996	2	18	0	13.2	29.5
1996	2	19	0	12.5	30.0
1996	2	20	0	16.2	29.5
1996	2	21	1	16.5	29.5
1996	2	22	0	16.6	31.0
1996	2	23	0	21.0	30.2
1996	2	24	0	21.5	31.2
1996	2	25	4	18.8	32.0
1996	2	26	0	22.3	30.1
1996	2	27	14	19.5	30.5
1996	2	28	2	16.8	28.0
1996	2	29	0	15.4	30.4
1996	3	1	0	15.4	30.8
1996	3	2	0	16.3	32.2
1996	3	3	0	17.4	33.0
1996	3	4	0	17.8	32.5
1996	3	5	0	19.3	31.6
1996	3	6	0	17.5	32.5
1996	3	7	0	17.8	34.0
1996	3	8	0	20.4	34.0
1996	3	9	0	22.0	34.2
1996	3	10	0	23.2	34.5
1996	3	11	0	22.5	34.5
1996	3	12	0	23.5	34.6
1996	3	13	0	24.4	36.3
1996	3	14	0	24.2	36.2
1996	3	15	0	24.3	35.6
1996	3	16	0	24.5	36.0
1996	3	17	0	24.6	37.6
1996	3	18	0	25.0	37.0
1996	3	19	0	21.0	37.5
1996	3	20	0	24.4	36.1
1996	3	21	0	24.5	36.6
1996	3	22	0	25.3	35.0
1996	3	23	8	21.5	34.0
1996	3	24	0	23.5	34.5
1996	3	25	0	23.5	36.0
1996	3	26	0	25.0	30.0
1996	3	27	46	20.2	31.6
1996	3	28	0	21.9	34.0
1996	3	29	0	25.0	33.6
1996	3	30	0	27.2	34.4
1996	3	31	0	26.5	35.5
1996	4	1	1	21.5	33.5
1996	4	2	0	22.0	34.5
1996	4	3	0	22.5	35.0
1996	4	4	0	23.8	36.1
1996	4	5	0	24.5	35.5
1996	4	6	0	25.0	34.4
1996	4	7	0	24.9	37.0
1996	4	8	0	25.4	37.2
1996	4	9	0	24.5	38.0
1996	4	10	0	24.9	35.8
1996	4	11	0	25.8	35.0
1996	4	12	0	25.5	35.5
1996	4	13	0	24.7	37.0
1996	4	14	0	25.6	38.0
1996	4	15	0	25.5	38.4
1996	4	16	0	26.6	38.0
1996	4	17	0	26.0	38.2
1996	4	18	0	25.5	37.1
1996	4	19	43	19.0	36.0
1996	4	20	7	26.4	35.0
1996	4	21	0	27.4	37.0
1996	4	22	0	28.0	34.9
1996	4	23	52	22.3	34.5
1996	4	24	56	21.5	31.5
1996	4	25	5	19.7	31.9
1996	4	26	19	20.0	26.0
1996	4	27	0	19.6	31.8
1996	4	28	0	23.6	32.0
1996	4	29	14	23.5	29.5
1996	4	30	2	24.0	32.7
1996	5	1	0	26.0	33.5
1996	5	2	12	22.0	33.0
1996	5	3	0	25.5	35.0
1996	5	4	0	26.8	34.7
1996	5	5	0	26.5	35.0
1996	5	6	0	26.4	35.0
1996	5	7	0	26.6	33.0
1996	5	8	0	25.5	34.4
1996	5	9	0	27.5	36.0
1996	5	10	0	28.2	36.1
1996	5	11	0	28.4	35.3
1996	5	12	57	21.5	31.0
1996	5	13	4	24.9	35.2
1996	5	14	4	22.8	34.9
1996	5	15	17	24.0	34.6
1996	5	16	19	23.6	35.5
1996	5	17	0	25.2	33.0
1996	5	18	0	21.5	34.5
1996	5	19	8	25.0	35.3
1996	5	20	6	27.6	35.2
1996	5	21	0	27.0	35.8
1996	5	22	0	28.0	36.4
1996	5	23	0	26.9	36.4
1996	5	24	0	27.8	36.5
1996	5	25	0	28.5	35.5
1996	5	26	0	28.5	35.0
1996	5	27	0	27.3	36.2
1996	5	28	9	26.0	34.0
1996	5	29	0	25.6	34.8
1996	5	30	15	22.4	31.0
1996	5	31	57	22.0	32.0
1996	6	1	0	26.6	32.4
1996	6	2	20	22.1	32.1
1996	6	3	37	22.3	32.1
1996	6	4	27	23.0	28.9
1996	6	5	16	21.5	32.0
1996	6	6	0	26.7	33.6
1996	6	7	0	25.5	33.5
1996	6	8	12	23.6	33.2
1996	6	9	0	25.7	33.3
1996	6	10	17	25.1	35.2
1996	6	11	0	27.2	32.0
1996	6	12	47	23.0	34.2
1996	6	13	1	25.5	34.2
1996	6	14	0	26.5	35.0
1996	6	15	1	27.5	34.2
1996	6	16	14	26.8	35.5
1996	6	17	0	28.2	35.3
1996	6	18	0	27.5	34.3
1996	6	19	0	26.4	33.0
1996	6	20	3	25.3	29.1
1996	6	21	20	24.9	29.0
1996	6	22	52	24.6	31.6
1996	6	23	16	25.0	31.8
1996	6	24	6	25.2	30.0
1996	6	25	23	25.2	30.5
1996	6	26	8	26.0	32.0
1996	6	27	22	25.1	32.5
1996	6	28	0	27.0	33.6
1996	6	29	0	27.5	32.0
1996	6	30	1	26.6	30.0
1996	7	1	16	25.7	30.0
1996	7	2	18	25.0	33.6
1996	7	3	62	25.5	33.0
1996	7	4	13	25.0	31.0
1996	7	5	0	27.1	33.2
1996	7	6	2	26.1	32.1
1996	7	7	11	26.0	32.5
1996	7	8	0	27.2	32.8
1996	7	9	0	27.5	33.0
1996	7	10	1	27.5	32.6
1996	7	11	1	27.5	32.0
1996	7	12	0	27.2	32.2
1996	7	13	0	27.0	33.6
1996	7	14	0	28.0	33.0
1996	7	15	0	27.3	34.1
1996	7	16	0	27.0	33.1
1996	7	17	1	27.5	33.6
1996	7	18	0	28.0	33.8
1996	7	19	0	27.8	34.0
1996	7	20	0	27.4	33.3
1996	7	21	6	26.5	33.2
1996	7	22	5	27.5	32.6
1996	7	23	0	27.0	32.0
1996	7	24	1	27.6	33.8
1996	7	25	3	27.5	32.6
1996	7	26	0	26.5	32.0
1996	7	27	40	25.0	31.0
1996	7	28	27	24.5	33.0
1996	7	29	9	25.5	33.5
1996	7	30	5	27.5	33.6
1996	7	31	36	25.0	33.0
1996	8	1	42	27.0	33.1
1996	8	2	6	26.8	31.4
1996	8	3	4	26.5	31.7
1996	8	4	17	25.5	32.3
1996	8	5	10	27.0	32.0
1996	8	6	10	26.0	31.2
1996	8	7	28	26.1	30.7
1996	8	8	6	26.2	29.5
1996	8	9	7	26.0	32.5
1996	8	10	7	26.6	32.5
1996	8	11	0	26.5	32.2
1996	8	12	5	27.4	33.2
1996	8	13	0	27.2	32.0
1996	8	14	30	26.0	31.5
1996	8	15	1	26.5	29.3
1996	8	16	1	26.2	30.7
1996	8	17	1	26.7	31.2
1996	8	18	31	24.9	29.6
1996	8	19	6	25.0	30.2
1996	8	20	8	25.4	29.6
1996	8	21	30	24.2	29.3
1996	8	22	53	24.5	30.2
1996	8	23	2	25.5	33.0
1996	8	24	0	26.5	33.2
1996	8	25	0	26.0	35.4
1996	8	26	1	26.6	34.5
1996	8	27	0	27.5	35.5
1996	8	28	0	27.2	32.2
1996	8	29	12	26.5	32.8
1996	8	30	30	25.2	32.1
1996	8	31	13	25.7	30.5
1996	9	1	0	27.2	33.0
1996	9	2	14	25.0	33.2
1996	9	3	2	27.0	34.2
1996	9	4	30	24.5	33.2
1996	9	5	9	25.7	32.3
1996	9	6	1	26.0	32.2
1996	9	7	6	26.0	32.0
1996	9	8	1	26.6	34.1
1996	9	9	2	25.6	34.8
1996	9	10	0	27.2	35.4
1996	9	11	0	26.7	34.5
1996	9	12	1	25.3	33.4
1996	9	13	3	25.7	36.3
1996	9	14	0	27.5	37.2
1996	9	15	0	28.5	37.5
1996	9	16	0	29.0	35.2
1996	9	17	46	25.0	34.6
1996	9	18	9	26.2	32.8
1996	9	19	13	26.0	33.2
1996	9	20	8	26.1	34.5
1996	9	21	7	25.2	32.5
1996	9	22	16	26.6	31.0
1996	9	23	4	26.6	33.8
1996	9	24	0	27.4	33.0
1996	9	25	0	26.0	34.3
1996	9	26	0	26.4	34.8
1996	9	27	52	25.0	32.8
1996	9	28	5	25.7	32.0
1996	9	29	14	25.8	31.6
1996	9	30	1	25.4	34.7
1996	10	1	0	26.0	35.1
1996	10	2	11	24.8	35.4
1996	10	3	3	24.5	33.2
1996	10	4	3	25.3	33.4
1996	10	5	0	26.4	34.0
1996	10	6	125	23.9	31.7
1996	10	7	1	24.0	32.2
1996	10	8	0	21.5	32.4
1996	10	9	0	20.6	32.6
1996	10	10	0	21.6	32.2
1996	10	11	0	24.2	32.2
1996	10	12	0	22.0	32.7
1996	10	13	0	23.1	33.6
1996	10	14	0	23.6	34.2
1996	10	15	0	22.3	33.0
1996	10	16	0	22.7	33.1
1996	10	17	0	22.5	32.7
1996	10	18	0	21.6	33.2
1996	10	19	0	22.5	32.5
1996	10	20	0	21.4	32.8
1996	10	21	0	22.4	33.0
1996	10	22	0	22.4	33.7
1996	10	23	0	22.4	33.3
1996	10	24	0	22.0	33.5
1996	10	25	0	22.4	34.0
1996	10	26	0	23.4	34.5
1996	10	27	37	23.5	27.2
1996	10	28	27	21.7	24.6
1996	10	29	150	22.4	29.5
1996	10	30	0	22.4	26.5
1996	10	31	0	21.5	28.6
1996	11	1	0	21.0	31.1
1996	11	2	0	20.5	32.0
1996	11	3	0	21.5	32.5
1996	11	4	0	24.5	33.1
1996	11	5	0	23.0	33.7
1996	11	6	0	24.5	32.1
1996	11	7	0	24.2	33.0
1996	11	8	0	22.6	33.4
1996	11	9	0	20.5	33.0
1996	11	10	0	18.8	30.5
1996	11	11	0	18.4	30.0
1996	11	12	0	17.5	29.8
1996	11	13	0	17.5	30.1
1996	11	14	0	17.2	29.7
1996	11	15	0	18.0	30.6
1996	11	16	0	17.4	30.0
1996	11	17	0	18.2	29.6
1996	11	18	0	17.3	29.3
1996	11	19	0	17.5	29.5
1996	11	20	0	17.6	30.4
1996	11	21	0	17.5	30.0
1996	11	22	0	16.7	29.2
1996	11	23	0	15.6	29.0
1996	11	24	0	15.0	28.5
1996	11	25	0	14.6	29.2
1996	11	26	0	13.7	28.1
1996	11	27	0	14.2	28.0
1996	11	28	0	14.2	28.6
1996	11	29	0	14.3	27.5
1996	11	30	0	13.6	27.5
1996	12	1	0	13.9	30.0
1996	12	2	0	16.4	30.3
1996	12	3	0	19.5	28.2
1996	12	4	0	19.5	30.1
1996	12	5	0	18.4	30.0
1996	12	6	0	18.0	28.7
1996	12	7	0	14.5	27.6
1996	12	8	0	13.4	27.5
1996	12	9	0	13.5	26.3
1996	12	10	0	13.5	26.0
1996	12	11	0	13.6	27.0
1996	12	12	0	13.6	26.6
1996	12	13	0	13.5	26.9
1996	12	14	0	14.5	26.5
1996	12	15	0	12.5	20.3
1996	12	16	0	11.4	26.5
1996	12	17	0	11.5	26.4
1996	12	18	0	12.0	26.0
1996	12	19	0	11.1	28.0
1996	12	20	0	13.2	27.5
1996	12	21	0	15.0	27.4
1996	12	22	0	12.3	27.5
1996	12	23	0	13.1	26.5
1996	12	24	0	13.3	27.5
1996	12	25	0	13.4	27.7
1996	12	26	0	13.4	28.0
1996	12	27	0	12.6	28.0
1996	12	28	0	13.4	26.6
1996	12	29	0	12.6	26.2
1996	12	30	0	14.7	26.4
1996	12	31	0	12.8	27.5
1997	1	1	0	12.0	26.8
1997	1	2	0	14.0	26.0
1997	1	3	0	14.2	25.7
1997	1	4	0	11.4	25.8
1997	1	5	0	12.5	25.5
1997	1	6	0	11.8	25.8
1997	1	7	0	11.7	26.5
1997	1	8	0	12.0	26.4
1997	1	9	0	14.8	26.7
1997	1	10	0	12.6	27.0
1997	1	11	0	14.0	27.0
1997	1	12	0	11.2	24.0
1997	1	13	0	10.3	26.4
1997	1	14	0	12.8	25.5
1997	1	15	0	11.5	23.8
1997	1	16	0	14.4	25.8
1997	1	17	0	13.0	24.6
1997	1	18	0	9.0	25.5
1997	1	19	0	9.5	25.0
1997	1	20	0	9.4	25.5
1997	1	21	0	16.0	22.0
1997	1	22	2	11.5	23.0
1997	1	23	0	9.3	22.0
1997	1	24	0	8.7	22.7
1997	1	25	0	8.2	23.3
1997	1	26	0	7.8	23.5
1997	1	27	0	9.5	24.5
1997	1	28	0	10.7	26.0
1997	1	29	0	10.2	26.5
1997	1	30	0	10.0	21.0
1997	1	31	0	11.2	27.6
1997	2	1	1	15.3	25.5
1997	2	2	0	11.6	25.6
1997	2	3	0	13.6	27.4
1997	2	4	0	17.0	26.7
1997	2	5	0	18.2	27.3
1997	2	6	0	13.4	26.6
1997	2	7	0	12.3	24.2
1997	2	8	0	9.0	24.4
1997	2	9	0	11.0	26.5
1997	2	10	0	12.0	24.5
1997	2	11	0	13.2	28.0
1997	2	12	0	13.0	26.5
1997	2	13	0	9.9	25.7
1997	2	14	0	11.3	28.0
1997	2	15	0	14.5	30.2
1997	2	16	0	18.9	31.3
1997	2	17	0	20.0	30.4
1997	2	18	0	14.4	29.8
1997	2	19	0	15.7	30.5
1997	2	20	4	17.3	25.0
1997	2	21	2	16.3	28.0
1997	2	22	0	13.0	28.7
1997	2	23	0	14.3	28.5
1997	2	24	0	12.6	28.6
1997	2	25	0	12.9	29.0
1997	2	26	0	15.5	30.6
1997	2	27	0	18.6	29.0
1997	2	28	0	20.3	30.9
1997	3	1	2	17.2	31.2
1997	3	2	0	19.4	32.0
1997	3	3	0	18.7	32.6
1997	3	4	0	21.6	35.0
1997	3	5	0	20.5	33.0
1997	3	6	0	20.0	32.5
1997	3	7	0	20.0	32.8
1997	3	8	0	19.3	33.2
1997	3	9	0	18.2	33.8
1997	3	10	0	19.2	34.6
1997	3	11	0	23.0	35.2
1997	3	12	0	22.3	33.6
1997	3	13	0	24.0	34.2
1997	3	14	0	23.9	31.5
1997	3	15	1	20.0	34.0
1997	3	16	0	24.5	35.6
1997	3	17	0	24.0	34.8
1997	3	18	0	21.8	34.6
1997	3	19	0	22.9	35.5
1997	3	20	0	24.5	34.8
1997	3	21	0	23.0	34.5
1997	3	22	0	22.5	34.0
1997	3	23	3	21.0	30.3
1997	3	24	0	21.3	31.7
1997	3	25	6	19.0	30.5
1997	3	26	0	20.0	31.6
1997	3	27	0	21.1	32.2
1997	3	28	0	21.6	34.1
1997	3	29	0	22.5	32.5
1997	3	30	48	19.8	30.4
1997	3	31	22	18.6	29.7
1997	4	1	0	21.0	31.5
1997	4	2	0	23.0	29.2
1997	4	3	0	20.0	30.4
1997	4	4	0	22.6	31.4
1997	4	5	0	21.6	30.5
1997	4	6	5	19.5	32.5
1997	4	7	0	19.8	30.1
1997	4	8	6	17.0	26.5
1997	4	9	0	17.8	29.7
1997	4	10	0	20.0	30.6
1997	4	11	0	20.6	32.0
1997	4	12	0	20.0	29.8
1997	4	13	8	20.0	29.8
1997	4	14	0	22.0	32.2
1997	4	15	0	19.5	31.0
1997	4	16	38	19.5	31.9
1997	4	17	0	21.5	31.0
1997	4	18	0	24.0	33.1
1997	4	19	0	24.5	33.5
1997	4	20	0	24.2	34.7
1997	4	21	0	21.3	34.4
1997	4	22	0	24.8	34.3
1997	4	23	16	18.8	28.6
1997	4	24	11	19.4	32.2
1997	4	25	0	25.0	32.1
1997	4	26	13	19.1	26.6
1997	4	27	0	21.9	28.0
1997	4	28	3	21.4	28.0
1997	4	29	33	21.3	32.0
1997	4	30	0	23.6	33.0
1997	5	1	0	25.8	33.6
1997	5	2	14	23.5	34.4
1997	5	3	0	25.3	34.9
1997	5	4	0	25.6	34.7
1997	5	5	5	25.1	35.4
1997	5	6	0	23.9	32.7
1997	5	7	0	25.8	30.6
1997	5	8	2	21.5	34.5
1997	5	9	0	23.0	34.4
1997	5	10	0	26.3	34.4
1997	5	11	3	25.3	35.0
1997	5	12	0	27.4	35.0
1997	5	13	0	27.8	35.2
1997	5	14	0	26.8	35.3
1997	5	15	0	24.4	36.2
1997	5	16	0	27.3	34.8
1997	5	17	0	24.0	35.7
1997	5	18	0	26.5	34.5
1997	5	19	0	27.0	29.7
1997	5	20	1	25.0	34.6
1997	5	21	9	23.5	35.1
1997	5	22	0	28.4	33.2
1997	5	23	0	25.0	30.6
1997	5	24	10	22.5	33.6
1997	5	25	39	21.6	32.5
1997	5	26	7	21.8	33.0
1997	5	27	2	23.6	29.2
1997	5	28	18	21.1	32.0
1997	5	29	38	21.3	32.0
1997	5	30	3	22.5	31.8
1997	5	31	0	22.5	35.4
1997	6	1	0	27.7	35.0
1997	6	2	1	26.2	35.4
1997	6	3	0	25.0	34.0
1997	6	4	0	25.7	35.5
1997	6	5	0	26.2	35.1
1997	6	6	0	27.4	34.4
1997	6	7	28	22.4	34.2
1997	6	8	4	25.0	34.0
1997	6	9	18	22.6	31.5
1997	6	10	23	24.0	32.5
1997	6	11	0	27.2	33.7
1997	6	12	0	25.4	34.0
1997	6	13	0	26.8	33.0
1997	6	14	0	26.9	34.0
1997	6	15	0	27.1	34.5
1997	6	16	0	28.0	32.8
1997	6	17	0	27.0	34.0
1997	6	18	0	27.0	30.8
1997	6	19	0	25.3	33.7
1997	6	20	63	24.0	34.0
1997	6	21	31	24.7	32.0
1997	6	22	0	26.0	33.0
1997	6	23	3	25.2	33.6
1997	6	24	0	24.6	32.4
1997	6	25	20	25.9	33.0
1997	6	26	6	27.2	33.6
1997	6	27	4	26.4	31.1
1997	6	28	11	26.2	31.0
1997	6	29	35	25.2	32.1
1997	6	30	2	26.5	32.2
1997	7	1	31	25.7	32.8
1997	7	2	0	27.5	32.6
1997	7	3	17	25.7	30.7
1997	7	4	5	26.5	33.2
1997	7	5	0	27.5	32.0
1997	7	6	6	27.4	32.8
1997	7	7	0	27.6	32.3
1997	7	8	3	27.6	34.0
1997	7	9	8	25.6	29.7
1997	7	10	70	25.0	28.5
1997	7	11	68	25.0	28.5
1997	7	12	17	24.8	26.6
1997	7	13	81	24.4	30.0
1997	7	14	23	24.7	31.5
1997	7	15	0	26.8	33.0
1997	7	16	0	26.8	34.0
1997	7	17	0	28.0	33.5
1997	7	18	0	27.5	32.2
1997	7	19	12	26.4	30.5
1997	7	20	11	26.1	29.4
1997	7	21	33	25.0	27.5
1997	7	22	44	25.6	31.7
1997	7	23	0	27.0	32.1
1997	7	24	0	27.0	33.8
1997	7	25	0	27.5	34.4
1997	7	26	0	28.1	34.0
1997	7	27	17	25.5	32.0
1997	7	28	71	25.2	34.0
1997	7	29	22	26.8	33.2
1997	7	30	1	27.4	32.2
1997	7	31	9	26.2	29.5
1997	8	1	6	27.0	31.0
1997	8	2	0	27.5	33.0
1997	8	3	5	28.0	35.2
1997	8	4	0	28.3	35.0
1997	8	5	22	26.4	31.4
1997	8	6	5	26.0	32.7
1997	8	7	0	27.6	33.0
1997	8	8	4	26.9	33.9
1997	8	9	26	25.5	31.4
1997	8	10	19	25.7	30.8
1997	8	11	21	25.9	29.5
1997	8	12	15	25.3	30.0
1997	8	13	21	25.0	30.9
1997	8	14	17	25.7	30.0
1997	8	15	1	26.6	32.7
1997	8	16	4	26.3	33.4
1997	8	17	0	27.4	33.5
1997	8	18	0	26.8	34.6
1997	8	19	2	26.0	32.7
1997	8	20	0	27.3	33.0
1997	8	21	5	26.6	32.5
1997	8	22	2	26.7	32.5
1997	8	23	2	26.0	33.5
1997	8	24	3	26.2	34.3
1997	8	25	0	27.3	35.5
1997	8	26	0	27.5	35.2
1997	8	27	0	27.7	37.5
1997	8	28	7	26.7	32.7
1997	8	29	16	26.2	32.0
1997	8	30	13	26.0	28.3
1997	8	31	14	26.0	32.6
1997	9	1	2	26.8	32.5
1997	9	2	9	27.2	34.0
1997	9	3	0	26.2	33.8
1997	9	4	3	26.7	33.5
1997	9	5	8	25.0	29.8
1997	9	6	35	24.5	29.0
1997	9	7	28	26.0	32.3
1997	9	8	2	25.0	30.8
1997	9	9	0	25.8	31.6
1997	9	10	0	25.0	33.5
1997	9	11	0	25.7	32.5
1997	9	12	6	26.0	31.5
1997	9	13	19	25.3	27.8
1997	9	14	27	25.0	32.5
1997	9	15	0	26.5	31.3
1997	9	16	6	25.6	28.8
1997	9	17	27	25.1	33.2
1997	9	18	0	27.0	33.3
1997	9	19	0	27.3	32.7
1997	9	20	0	27.5	31.0
1997	9	21	0	25.3	33.0
1997	9	22	27	24.6	31.6
1997	9	23	26	24.5	32.7
1997	9	24	121	23.4	33.5
1997	9	25	0	26.2	32.0
1997	9	26	12	26.0	27.6
1997	9	27	42	23.0	27.3
1997	9	28	1	23.0	33.0
1997	9	29	0	26.0	30.0
1997	9	30	39	22.5	29.0
1997	10	1	0	24.5	30.5
1997	10	2	2	22.5	31.8
1997	10	3	0	22.6	32.8
1997	10	4	0	24.5	32.6
1997	10	5	0	22.0	33.3
1997	10	6	0	23.0	33.6
1997	10	7	0	24.2	34.0
1997	10	8	0	26.8	33.8
1997	10	9	2	23.5	31.3
1997	10	10	26	23.6	33.0
1997	10	11	0	22.6	32.6
1997	10	12	0	23.0	32.5
1997	10	13	0	22.6	33.1
1997	10	14	0	21.7	32.5
1997	10	15	0	21.4	32.1
1997	10	16	0	21.5	32.5
1997	10	17	0	21.5	31.8
1997	10	18	0	21.5	32.0
1997	10	19	0	21.4	32.3
1997	10	20	0	21.0	32.7
1997	10	21	0	21.5	32.2
1997	10	22	0	21.4	32.8
1997	10	23	0	21.8	32.0
1997	10	24	0	24.0	31.6
1997	10	25	0	23.6	31.8
1997	10	26	0	21.2	31.6
1997	10	27	0	19.0	32.1
1997	10	28	0	19.0	31.3
1997	10	29	0	19.5	30.8
1997	10	30	0	22.2	28.0
1997	10	31	0	19.7	31.5
1997	11	1	0	19.4	31.9
1997	11	2	0	19.0	31.5
1997	11	3	0	18.6	31.8
1997	11	4	0	18.6	31.7
1997	11	5	0	19.2	32.3
1997	11	6	0	20.0	33.2
1997	11	7	0	19.6	33.7
1997	11	8	0	21.0	33.5
1997	11	9	0	19.5	32.0
1997	11	10	0	21.5	30.6
1997	11	11	0	21.1	31.4
1997	11	12	0	21.2	30.2
1997	11	13	0	20.4	27.7
1997	11	14	1	18.3	29.7
1997	11	15	0	17.1	30.2
1997	11	16	0	17.0	29.0
1997	11	17	0	17.3	24.2
1997	11	18	0	15.8	29.6
1997	11	19	0	17.9	30.0
1997	11	20	0	20.5	28.7
1997	11	21	0	19.2	30.2
1997	11	22	0	16.2	30.6
1997	11	23	0	16.2	30.0
1997	11	24	0	18.0	31.2
1997	11	25	0	20.4	31.0
1997	11	26	0	19.8	30.5
1997	11	27	0	21.5	30.5
1997	11	28	0	18.4	28.6
1997	11	29	0	17.0	28.2
1997	11	30	0	17.0	29.3
1997	12	1	0	18.9	24.7
1997	12	2	0	18.8	27.0
1997	12	3	0	16.9	28.0
1997	12	4	0	15.2	27.3
1997	12	5	0	15.7	28.2
1997	12	6	0	15.0	28.7
1997	12	7	0	14.6	28.5
1997	12	8	0	15.8	29.0
1997	12	9	0	18.0	25.0
1997	12	10	7	17.5	20.1
1997	12	11	15	17.4	23.0
1997	12	12	0	13.5	25.0
1997	12	13	0	14.8	23.5
1997	12	14	0	18.0	23.6
1997	12	15	0	15.0	23.3
1997	12	16	0	12.8	24.6
1997	12	17	0	12.5	25.6
1997	12	18	0	14.5	26.6
1997	12	19	0	13.5	23.6
1997	12	20	0	13.2	20.1
1997	12	21	0	11.0	22.6
1997	12	22	0	12.2	22.6
1997	12	23	0	11.2	21.0
1997	12	24	0	10.6	23.4
1997	12	25	0	12.3	24.0
1997	12	26	0	12.8	25.6
1997	12	27	0	12.6	24.9
1997	12	28	0	13.5	25.5
1997	12	29	0	13.1	26.2
1997	12	30	0	11.0	26.6
1997	12	31	0	17.0	26.2
1998	1	1	0	15.6	24.8
1998	1	2	0	12.2	23.4
1998	1	3	0	10.9	23.5
1998	1	4	0	11.5	16.0
1998	1	5	0	11.5	19.0
1998	1	6	0	12.0	17.2
1998	1	7	0	10.0	15.5
1998	1	8	0	11.1	16.0
1998	1	9	0	11.6	17.6
1998	1	10	0	12.0	20.8
1998	1	11	0	7.8	20.5
1998	1	12	0	8.6	22.1
1998	1	13	0	10.1	26.2
1998	1	14	0	14.7	26.6
1998	1	15	0	11.5	25.2
1998	1	16	0	12.1	27.2
1998	1	17	0	16.4	27.2
1998	1	18	0	16.4	22.8
1998	1	19	0	15.8	24.6
1998	1	20	0	13.9	24.5
1998	1	21	18	12.5	16.1
1998	1	22	30	11.5	21.4
1998	1	23	0	11.9	24.1
1998	1	24	0	10.9	25.0
1998	1	25	0	13.4	26.5
1998	1	26	0	16.3	26.5
1998	1	27	0	14.0	27.3
1998	1	28	0	13.5	24.0
1998	1	29	1	15.5	26.4
1998	1	30	0	15.0	26.9
1998	1	31	0	13.4	27.0
1998	2	1	0	14.0	26.6
1998	2	2	0	14.8	28.0
1998	2	3	0	15.0	30.0
1998	2	4	0	15.5	24.0
1998	2	5	0	15.0	26.7
1998	2	6	0	10.6	25.5
1998	2	7	0	12.5	23.5
1998	2	8	0	12.0	27.3
1998	2	9	0	12.4	26.8
1998	2	10	0	11.6	28.5
1998	2	11	0	11.6	29.1
1998	2	12	0	13.5	28.4
1998	2	13	0	14.0	28.5
1998	2	14	0	14.3	29.3
1998	2	15	0	14.7	30.0
1998	2	16	0	18.4	30.6
1998	2	17	0	20.6	30.3
1998	2	18	0	20.5	26.1
1998	2	19	1	21.3	29.2
1998	2	20	0	18.0	29.5
1998	2	21	0	16.6	30.0
1998	2	22	0	15.6	28.5
1998	2	23	0	19.2	28.7
1998	2	24	0	18.6	30.7
1998	2	25	0	21.0	30.8
1998	2	26	2	20.6	27.5
1998	2	27	1	21.8	29.5
1998	2	28	0	17.2	30.2
1998	3	1	0	16.0	29.6
1998	3	2	0	14.0	28.6
1998	3	3	0	13.5	30.0
1998	3	4	0	14.4	31.0
1998	3	5	0	16.5	31.7
1998	3	6	0	17.5	32.5
1998	3	7	0	20.7	27.0
1998	3	8	30	15.5	27.0
1998	3	9	0	14.0	28.8
1998	3	10	0	16.0	30.3
1998	3	11	0	19.8	32.0
1998	3	12	0	22.7	32.3
1998	3	13	0	20.0	30.3
1998	3	14	1	20.5	31.4
1998	3	15	0	18.7	31.0
1998	3	16	0	15.8	31.2
1998	3	17	0	17.0	32.0
1998	3	18	0	20.0	32.2
1998	3	19	0	18.5	33.0
1998	3	20	0	19.6	34.0
1998	3	21	0	21.4	34.6
1998	3	22	0	23.5	34.8
1998	3	23	3	20.4	26.7
1998	3	24	6	21.0	25.5
1998	3	25	30	19.0	28.5
1998	3	26	0	20.0	31.6
1998	3	27	0	17.6	32.2
1998	3	28	0	18.3	33.5
1998	3	29	0	19.3	33.5
1998	3	30	0	20.0	26.8
1998	3	31	13	17.4	27.5
1998	4	1	0	17.7	30.6
1998	4	2	0	18.6	32.0
1998	4	3	0	19.1	33.0
1998	4	4	0	21.0	34.5
1998	4	5	0	23.0	33.7
1998	4	6	0	23.5	32.2
1998	4	7	26	18.6	30.5
1998	4	8	0	23.0	33.2
1998	4	9	17	21.6	30.5
1998	4	10	1	22.4	33.3
1998	4	11	0	25.6	34.4
1998	4	12	0	27.0	35.1
1998	4	13	0	27.0	35.5
1998	4	14	0	27.4	35.7
1998	4	15	0	26.7	34.0
1998	4	16	7	24.6	32.7
1998	4	17	0	23.0	32.6
1998	4	18	3	21.6	33.2
1998	4	19	0	24.0	34.0
1998	4	20	15	20.1	32.0
1998	4	21	52	21.2	32.0
1998	4	22	2	24.0	30.0
1998	4	23	2	21.5	29.5
1998	4	24	35	19.5	27.4
1998	4	25	0	22.5	32.1
1998	4	26	0	23.5	34.0
1998	4	27	1	23.5	33.6
1998	4	28	0	25.5	34.2
1998	4	29	17	22.8	32.7
1998	4	30	0	26.1	34.0
1998	5	1	0	27.0	34.3
1998	5	2	11	22.0	26.3
1998	5	3	5	23.5	31.8
1998	5	4	28	22.2	32.7
1998	5	5	9	21.1	26.3
1998	5	6	31	20.8	31.8
1998	5	7	0	24.8	34.1
1998	5	8	3	23.6	33.2
1998	5	9	0	27.4	35.8
1998	5	10	0	27.0	33.6
1998	5	11	5	23.6	32.0
1998	5	12	0	23.5	35.7
1998	5	13	0	25.3	36.7
1998	5	14	0	26.9	37.3
1998	5	15	0	27.5	35.7
1998	5	16	0	26.0	33.6
1998	5	17	0	23.8	35.3
1998	5	18	0	26.6	35.3
1998	5	19	0	28.6	35.0
1998	5	20	0	26.8	36.7
1998	5	21	0	29.0	37.5
1998	5	22	0	29.2	36.2
1998	5	23	0	29.1	35.7
1998	5	24	0	29.5	33.4
1998	5	25	7	26.2	31.2
1998	5	26	0	26.5	29.2
1998	5	27	56	23.0	28.2
1998	5	28	105	21.5	27.1
1998	5	29	118	23.1	33.0
1998	5	30	24	24.8	34.6
1998	5	31	3	24.5	35.2
1998	6	1	0	28.5	35.8
1998	6	2	0	29.4	35.1
1998	6	3	2	27.0	30.0
1998	6	4	2	25.5	35.0
1998	6	5	1	29.2	35.7
1998	6	6	0	29.4	35.5
1998	6	7	0	29.4	35.0
1998	6	8	0	29.7	35.5
1998	6	9	0	30.3	35.4
1998	6	10	0	28.8	35.0
1998	6	11	18	24.7	34.5
1998	6	12	0	28.4	34.3
1998	6	13	0	28.6	35.1
1998	6	14	7	28.2	35.0
1998	6	15	0	29.1	34.5
1998	6	16	1	28.2	33.8
1998	6	17	0	28.2	35.0
1998	6	18	0	28.7	35.3
1998	6	19	1	28.7	35.4
1998	6	20	0	28.8	34.3
1998	6	21	0	28.7	32.4
1998	6	22	0	28.2	34.2
1998	6	23	0	28.0	32.9
1998	6	24	15	26.8	33.3
1998	6	25	11	26.0	32.2
1998	6	26	7	27.4	33.2
1998	6	27	15	26.7	33.5
1998	6	28	2	28.2	33.7
1998	6	29	7	27.6	33.2
1998	6	30	0	28.0	34.4
1998	7	1	0	28.2	33.4
1998	7	2	0	28.3	33.4
1998	7	3	1	27.2	32.2
1998	7	4	6	27.0	31.0
1998	7	5	14	26.5	29.7
1998	7	6	8	26.5	30.2
1998	7	7	8	26.2	32.0
1998	7	8	8	26.5	31.7
1998	7	9	2	27.2	32.3
1998	7	10	1	27.5	33.1
1998	7	11	13	26.0	31.0
1998	7	12	12	25.4	29.4
1998	7	13	49	25.7	32.0
1998	7	14	76	25.5	30.1
1998	7	15	53	24.8	28.5
1998	7	16	60	25.4	32.0
1998	7	17	4	26.7	28.9
1998	7	18	85	25.5	30.3
1998	7	19	19	26.0	31.2
1998	7	20	23	26.3	32.4
1998	7	21	0	25.2	30.7
1998	7	22	38	25.0	31.4
1998	7	23	21	25.1	28.5
1998	7	24	2	25.5	33.5
1998	7	25	3	25.5	33.6
1998	7	26	3	26.5	33.8
1998	7	27	0	27.8	32.7
1998	7	28	0	27.0	33.0
1998	7	29	7	27.6	32.8
1998	7	30	5	27.8	34.0
1998	7	31	0	27.8	34.1
1998	8	1	0	28.6	34.4
1998	8	2	0	28.6	32.5
1998	8	3	27	25.4	29.8
1998	8	4	7	27.1	30.7
1998	8	5	12	26.5	32.7
1998	8	6	7	27.4	32.5
1998	8	7	5	27.8	31.4
1998	8	8	5	27.8	33.2
1998	8	9	1	27.9	32.6
1998	8	10	0	28.0	31.7
1998	8	11	18	26.3	29.3
1998	8	12	1	27.2	31.4
1998	8	13	91	25.2	28.6
1998	8	14	117	26.0	29.7
1998	8	15	21	25.9	32.4
1998	8	16	0	26.7	32.6
1998	8	17	8	28.1	29.6
1998	8	18	122	24.6	30.2
1998	8	19	1	26.5	32.4
1998	8	20	5	27.2	33.5
1998	8	21	0	26.5	34.6
1998	8	22	0	27.5	32.5
1998	8	23	0	25.9	33.7
1998	8	24	42	25.8	32.5
1998	8	25	19	25.9	29.8
1998	8	26	10	26.5	32.5
1998	8	27	11	26.0	30.6
1998	8	28	4	27.0	32.8
1998	8	29	0	27.7	31.4
1998	8	30	0	26.5	32.3
1998	8	31	18	26.9	31.8
1998	9	1	0	27.1	32.8
1998	9	2	0	27.8	31.6
1998	9	3	23	26.8	32.4
1998	9	4	1	27.6	31.4
1998	9	5	9	26.6	32.5
1998	9	6	19	24.9	30.2
1998	9	7	2	26.3	31.1
1998	9	8	0	26.7	30.4
1998	9	9	5	25.5	28.1
1998	9	10	8	25.8	31.0
1998	9	11	1	26.1	31.7
1998	9	12	6	25.5	32.7
1998	9	13	0	25.0	32.3
1998	9	14	25	25.2	32.2
1998	9	15	14	25.5	33.5
1998	9	16	0	26.7	34.2
1998	9	17	37	25.8	31.7
1998	9	18	11	25.5	34.5
1998	9	19	0	27.2	34.6
1998	9	20	5	25.2	28.5
1998	9	21	6	25.9	32.5
1998	9	22	44	25.0	33.7
1998	9	23	0	26.7	34.9
1998	9	24	0	27.4	33.0
1998	9	25	0	27.0	35.6
1998	9	26	0	27.4	36.2
1998	9	27	0	28.0	35.6
1998	9	28	24	25.2	32.2
1998	9	29	0	25.8	33.2
1998	9	30	6	26.6	30.6
1998	10	1	0	25.5	34.0
1998	10	2	2	25.5	32.5
1998	10	3	0	25.6	32.2
1998	10	4	44	24.6	32.2
1998	10	5	2	24.5	35.2
1998	10	6	0	26.2	34.7
1998	10	7	0	26.5	35.5
1998	10	8	0	25.8	35.7
1998	10	9	0	26.6	35.0
1998	10	10	0	27.1	35.0
1998	10	11	0	27.0	34.5
1998	10	12	1	26.3	35.5
1998	10	13	0	27.1	34.0
1998	10	14	0	25.8	34.2
1998	10	15	0	25.6	31.4
1998	10	16	10	24.9	30.2
1998	10	17	18	26.0	32.4
1998	10	18	0	26.6	34.0
1998	10	19	1	27.4	32.7
1998	10	20	10	26.0	30.5
1998	10	21	9	26.0	32.2
1998	10	22	1	26.1	31.5
1998	10	23	0	26.0	32.7
1998	10	24	0	23.8	34.0
1998	10	25	0	23.8	33.7
1998	10	26	0	24.5	34.5
1998	10	27	0	24.7	34.6
1998	10	28	0	22.2	33.8
1998	10	29	0	21.5	31.7
1998	10	30	0	24.2	27.1
1998	10	31	2	22.5	29.8
1998	11	1	0	23.7	28.0
1998	11	2	1	23.5	32.7
1998	11	3	0	21.3	33.1
1998	11	4	0	20.6	32.3
1998	11	5	0	20.2	33.0
1998	11	6	0	20.0	31.1
1998	11	7	0	21.2	31.5
1998	11	8	0	20.4	32.3
1998	11	9	0	20.4	30.0
1998	11	10	0	22.2	30.6
1998	11	11	0	22.0	31.0
1998	11	12	0	20.5	31.5
1998	11	13	0	18.9	32.3
1998	11	14	0	18.1	31.3
1998	11	15	0	19.6	32.2
1998	11	16	0	20.0	33.1
1998	11	17	0	23.2	33.2
1998	11	18	0	23.5	33.5
1998	11	19	0	21.8	33.6
1998	11	20	0	23.4	33.2
1998	11	21	0	24.0	31.0
1998	11	22	5	22.2	23.6
1998	11	23	66	21.5	23.7
1998	11	24	11	22.5	25.6
1998	11	25	0	18.7	28.7
1998	11	26	0	18.1	29.2
1998	11	27	0	16.2	31.0
1998	11	28	0	16.2	30.3
1998	11	29	0	17.5	29.8
1998	11	30	0	17.1	30.0
1998	12	1	0	18.2	29.6
1998	12	2	0	17.2	29.8
1998	12	3	0	16.0	29.0
1998	12	4	0	18.3	29.1
1998	12	5	0	17.3	29.4
1998	12	6	0	16.2	29.4
1998	12	7	0	17.0	28.6
1998	12	8	0	17.6	27.7
1998	12	9	0	17.4	28.5
1998	12	10	0	17.5	27.2
1998	12	11	0	15.8	28.0
1998	12	12	0	15.6	28.2
1998	12	13	0	15.4	28.7
1998	12	14	0	15.3	29.2
1998	12	15	0	14.4	28.8
1998	12	16	0	13.9	29.2
1998	12	17	0	13.8	27.9
1998	12	18	0	13.0	27.6
1998	12	19	0	14.5	27.8
1998	12	20	0	13.3	28.3
1998	12	21	0	12.2	30.3
1998	12	22	0	12.1	28.1
1998	12	23	0	12.5	26.6
1998	12	24	0	12.1	27.0
1998	12	25	0	11.4	27.8
1998	12	26	0	12.9	28.2
1998	12	27	0	14.7	27.4
1998	12	28	0	14.7	26.5
1998	12	29	0	14.2	26.6
1998	12	30	0	12.9	24.8
1998	12	31	0	11.5	25.4
1999	1	1	0	11.3	26.0
1999	1	2	0	14.7	27.2
1999	1	3	0	12.1	28.7
1999	1	4	0	13.1	29.4
1999	1	5	0	12.4	28.1
1999	1	6	0	13.3	27.0
1999	1	7	0	16.4	26.3
1999	1	8	0	13.7	26.9
1999	1	9	0	13.3	26.4
1999	1	10	0	15.3	24.3
1999	1	11	0	11.0	23.5
1999	1	12	0	9.4	24.8
1999	1	13	0	9.5	26.9
1999	1	14	0	10.5	25.8
1999	1	15	0	11.5	27.4
1999	1	16	0	13.0	27.0
1999	1	17	0	12.9	26.1
1999	1	18	0	11.3	26.0
1999	1	19	0	11.2	24.9
1999	1	20	0	12.0	26.5
1999	1	21	0	12.4	27.4
1999	1	22	0	12.0	27.6
1999	1	23	0	10.4	28.6
1999	1	24	0	12.4	29.0
1999	1	25	0	14.2	28.8
1999	1	26	0	13.3	27.3
1999	1	27	0	10.8	26.0
1999	1	28	0	15.1	28.5
1999	1	29	0	16.0	29.2
1999	1	30	0	16.2	26.9
1999	1	31	0	12.6	26.8
1999	2	1	0	11.5	27.4
1999	2	2	0	13.5	30.2
1999	2	3	0	14.6	30.3
1999	2	4	0	16.2	30.5
1999	2	5	0	18.3	28.7
1999	2	6	0	15.5	28.2
1999	2	7	0	15.2	29.7
1999	2	8	0	15.8	31.3
1999	2	9	0	17.0	30.5
1999	2	10	0	18.2	25.4
1999	2	11	0	15.6	33.4
1999	2	12	0	19.0	32.2
1999	2	13	0	19.0	31.5
1999	2	14	0	17.6	31.2
1999	2	15	0	16.6	31.5
1999	2	16	0	15.0	31.6
1999	2	17	0	15.2	31.7
1999	2	18	0	14.7	31.9
1999	2	19	0	15.2	32.3
1999	2	20	0	16.0	30.3
1999	2	21	0	16.0	31.8
1999	2	22	0	15.3	31.5
1999	2	23	0	14.7	32.5
1999	2	24	0	16.9	33.2
1999	2	25	0	19.0	34.2
1999	2	26	0	19.6	35.7
1999	2	27	0	23.4	32.6
1999	2	28	0	17.0	32.3
1999	3	1	0	15.9	31.7
1999	3	2	0	16.3	30.9
1999	3	3	0	15.8	32.7
1999	3	4	0	15.2	33.0
1999	3	5	0	15.6	33.7
1999	3	6	0	19.5	34.3
1999	3	7	0	20.8	34.5
1999	3	8	0	21.2	36.7
1999	3	9	0	22.4	39.6
1999	3	10	0	23.3	37.2
1999	3	11	0	24.7	35.2
1999	3	12	0	25.8	33.8
1999	3	13	0	25.1	34.7
1999	3	14	0	18.9	33.2
1999	3	15	0	16.5	34.3
1999	3	16	0	17.1	35.0
1999	3	17	0	19.4	34.2
1999	3	18	0	25.1	35.2
1999	3	19	0	26.2	36.1
1999	3	20	0	19.2	35.8
1999	3	21	0	17.5	35.5
1999	3	22	0	17.8	36.3
1999	3	23	0	19.0	35.7
1999	3	24	0	21.4	35.2
1999	3	25	0	25.2	33.3
1999	3	26	0	23.6	34.7
1999	3	27	0	26.5	36.3
1999	3	28	0	23.0	36.3
1999	3	29	0	23.4	35.0
1999	3	30	0	23.4	35.4
1999	3	31	0	24.8	34.0
1999	4	1	0	25.6	36.3
1999	4	2	0	25.4	36.2
1999	4	3	0	25.5	37.2
1999	4	4	0	25.1	36.6
1999	4	5	0	25.7	35.4
1999	4	6	0	26.6	35.5
1999	4	7	0	23.7	35.6
1999	4	8	0	22.0	34.6
1999	4	9	1	21.2	31.0
1999	4	10	1	21.3	33.8
1999	4	11	1	26.2	35.0
1999	4	12	0	26.2	35.9
1999	4	13	0	26.2	36.3
1999	4	14	0	27.0	37.0
1999	4	15	0	27.0	37.3
1999	4	16	0	26.7	37.4
1999	4	17	0	26.5	36.8
1999	4	18	0	26.3	36.3
1999	4	19	18	22.3	35.2
1999	4	20	0	26.4	35.5
1999	4	21	0	26.8	36.6
1999	4	22	0	26.5	36.1
1999	4	23	0	26.7	35.5
1999	4	24	0	27.2	36.7
1999	4	25	0	28.0	37.0
1999	4	26	0	28.7	36.8
1999	4	27	0	28.3	37.6
1999	4	28	0	28.8	37.4
1999	4	29	0	28.6	35.7
1999	4	30	0	28.5	36.3
1999	5	1	0	28.4	36.6
1999	5	2	0	28.5	36.7
1999	5	3	0	28.4	37.3
1999	5	4	0	28.5	37.5
1999	5	5	0	25.3	36.8
1999	5	6	14	21.7	29.5
1999	5	7	53	21.7	33.8
1999	5	8	0	25.0	30.2
1999	5	9	38	21.5	30.2
1999	5	10	4	22.8	34.5
1999	5	11	0	27.2	31.3
1999	5	12	1	24.0	34.7
1999	5	13	21	22.2	30.8
1999	5	14	16	20.6	28.0
1999	5	15	141	20.9	29.0
1999	5	16	28	21.4	31.2
1999	5	17	0	24.8	31.5
1999	5	18	0	24.8	33.2
1999	5	19	0	25.5	33.7
1999	5	20	0	25.3	30.7
1999	5	21	26	24.8	31.6
1999	5	22	4	25.7	31.7
1999	5	23	37	25.1	34.5
1999	5	24	1	27.4	32.7
1999	5	25	0	27.2	34.3
1999	5	26	0	27.2	34.0
1999	5	27	0	26.9	31.0
1999	5	28	2	26.8	32.0
1999	5	29	17	26.1	28.8
1999	5	30	25	26.0	33.7
1999	5	31	0	27.3	34.8
1999	6	1	0	28.8	35.3
1999	6	2	0	24.8	27.8
1999	6	3	1	24.3	33.2
1999	6	4	0	26.7	33.7
1999	6	5	0	26.6	35.2
1999	6	6	0	24.8	33.7
1999	6	7	9	25.2	35.3
1999	6	8	0	28.2	36.6
1999	6	9	0	28.6	32.6
1999	6	10	11	27.1	34.5
1999	6	11	21	25.7	32.3
1999	6	12	7	26.4	33.4
1999	6	13	1	27.5	34.0
1999	6	14	0	27.8	34.5
1999	6	15	0	27.6	33.3
1999	6	16	0	27.6	33.8
1999	6	17	0	27.2	32.6
1999	6	18	0	26.7	33.2
1999	6	19	2	25.9	33.5
1999	6	20	0	27.5	32.5
1999	6	21	31	27.0	32.4
1999	6	22	2	27.2	32.6
1999	6	23	97	25.8	29.5
1999	6	24	16	25.9	28.5
1999	6	25	10	25.5	30.2
1999	6	26	91	25.0	28.4
1999	6	27	11	25.5	30.4
1999	6	28	9	25.6	31.7
1999	6	29	17	26.6	32.0
1999	6	30	12	26.7	29.3
1999	7	1	101	24.7	26.8
1999	7	2	11	24.8	29.7
1999	7	3	2	26.0	30.3
1999	7	4	0	26.1	32.9
1999	7	5	0	27.0	32.8
1999	7	6	0	27.4	29.6
1999	7	7	13	26.4	30.3
1999	7	8	0	26.9	33.0
1999	7	9	0	27.9	32.0
1999	7	10	69	24.8	31.2
1999	7	11	48	25.0	26.3
1999	7	12	107	25.1	29.0
1999	7	13	12	25.4	30.0
1999	7	14	2	26.4	31.8
1999	7	15	0	27.3	33.0
1999	7	16	1	27.8	33.2
1999	7	17	1	27.4	32.6
1999	7	18	2	26.7	30.8
1999	7	19	3	24.3	30.8
1999	7	20	84	25.1	28.7
1999	7	21	28	25.8	30.2
1999	7	22	5	25.8	31.6
1999	7	23	0	26.5	32.2
1999	7	24	1	26.6	33.3
1999	7	25	0	27.6	35.1
1999	7	26	6	26.7	33.6
1999	7	27	3	27.5	33.6
1999	7	28	7	25.8	30.8
1999	7	29	8	26.0	33.1
1999	7	30	24	26.2	31.7
1999	7	31	15	26.2	35.6
1999	8	1	1	28.3	33.0
1999	8	2	2	26.2	31.7
1999	8	3	0	26.2	32.2
1999	8	4	3	27.0	32.4
1999	8	5	0	27.0	34.0
1999	8	6	3	26.8	32.1
1999	8	7	1	26.8	31.4
1999	8	8	2	26.9	32.6
1999	8	9	3	26.2	29.5
1999	8	10	13	26.3	33.0
1999	8	11	28	25.4	31.7
1999	8	12	0	27.5	33.0
1999	8	13	28	26.0	28.4
1999	8	14	11	25.6	28.5
1999	8	15	6	25.0	28.8
1999	8	16	31	25.2	31.7
1999	8	17	4	26.7	31.8
1999	8	18	0	27.0	31.4
1999	8	19	3	26.2	32.2
1999	8	20	8	25.6	32.5
1999	8	21	1	26.7	33.5
1999	8	22	5	26.0	33.2
1999	8	23	0	27.4	33.4
1999	8	24	0	27.5	33.4
1999	8	25	0	27.6	32.2
1999	8	26	9	25.5	31.6
1999	8	27	32	25.5	31.3
1999	8	28	72	24.7	29.7
1999	8	29	7	25.6	31.0
1999	8	30	3	26.5	31.0
1999	8	31	6	26.2	30.4
1999	9	1	24	26.2	32.4
1999	9	2	0	26.8	31.7
1999	9	3	0	27.2	31.7
1999	9	4	0	27.2	32.0
1999	9	5	0	27.0	33.4
1999	9	6	0	26.5	32.7
1999	9	7	0	26.7	32.8
1999	9	8	36	26.6	31.7
1999	9	9	5	25.0	32.0
1999	9	10	4	26.2	31.2
1999	9	11	10	26.0	29.2
1999	9	12	0	25.9	28.3
1999	9	13	1	25.8	31.5
1999	9	14	0	26.0	30.5
1999	9	15	0	26.0	33.4
1999	9	16	4	25.5	32.3
1999	9	17	0	27.0	34.0
1999	9	18	10	25.0	31.2
1999	9	19	40	24.5	32.8
1999	9	20	1	26.5	30.7
1999	9	21	41	25.0	29.5
1999	9	22	125	24.3	28.7
1999	9	23	39	24.9	27.2
1999	9	24	17	25.5	29.5
1999	9	25	2	25.3	32.2
1999	9	26	0	26.3	32.5
1999	9	27	0	25.0	32.6
1999	9	28	2	25.1	32.5
1999	9	29	0	25.2	34.6
1999	9	30	0	26.5	34.3
1999	10	1	2	24.2	31.3
1999	10	2	7	24.6	32.7
1999	10	3	1	24.9	34.6
1999	10	4	27	24.7	32.7
1999	10	5	0	25.5	31.2
1999	10	6	0	24.3	28.3
1999	10	7	62	24.0	32.3
1999	10	8	0	26.6	33.3
1999	10	9	0	26.2	34.0
1999	10	10	0	24.5	33.0
1999	10	11	0	24.0	32.8
1999	10	12	0	24.9	33.5
1999	10	13	0	25.7	31.8
1999	10	14	1	25.0	28.2
1999	10	15	44	23.2	33.1
1999	10	16	0	24.0	34.0
1999	10	17	5	24.3	31.1
1999	10	18	48	23.7	26.0
1999	10	19	60	23.7	29.4
1999	10	20	39	23.1	28.7
1999	10	21	51	24.1	30.5
1999	10	22	6	24.5	29.5
1999	10	23	0	24.7	33.0
1999	10	24	0	24.7	33.7
1999	10	25	0	23.3	33.7
1999	10	26	0	23.8	33.0
1999	10	27	0	22.0	33.8
1999	10	28	0	24.3	33.7
1999	10	29	0	26.2	29.8
1999	10	30	0	24.7	30.8
1999	10	31	15	25.0	31.3
1999	11	1	0	25.0	32.1
1999	11	2	0	24.8	28.9
1999	11	3	13	22.6	32.4
1999	11	4	0	23.3	32.3
1999	11	5	0	21.9	32.2
1999	11	6	0	21.0	31.8
1999	11	7	0	20.2	32.2
1999	11	8	0	20.7	32.4
1999	11	9	0	20.0	30.6
1999	11	10	0	20.5	31.5
1999	11	11	0	18.5	31.5
1999	11	12	0	18.2	30.8
1999	11	13	0	19.4	30.2
1999	11	14	0	18.3	29.8
1999	11	15	0	18.3	30.6
1999	11	16	0	19.0	30.5
1999	11	17	0	19.0	30.4
1999	11	18	0	17.8	30.6
1999	11	19	0	18.6	29.5
1999	11	20	0	19.3	28.3
1999	11	21	0	18.8	28.2
1999	11	22	0	15.1	29.7
1999	11	23	0	16.4	30.1
1999	11	24	0	15.7	30.4
1999	11	25	0	15.4	29.8
1999	11	26	0	15.5	29.5
1999	11	27	0	16.8	29.7
1999	11	28	0	16.5	29.7
1999	11	29	0	15.5	29.0
1999	11	30	0	16.6	28.5
1999	12	1	0	15.8	28.9
1999	12	2	0	15.5	28.6
1999	12	3	0	15.4	28.2
1999	12	4	0	15.9	29.7
1999	12	5	0	15.6	29.4
1999	12	6	0	15.5	29.2
1999	12	7	0	14.8	29.0
1999	12	8	0	14.3	28.1
1999	12	9	0	19.2	27.3
1999	12	10	0	19.3	27.3
1999	12	11	0	21.0	27.9
1999	12	12	0	18.3	28.0
1999	12	13	0	18.3	27.5
1999	12	14	0	18.2	28.0
1999	12	15	0	15.2	25.5
1999	12	16	0	12.2	26.3
1999	12	17	0	14.1	27.2
1999	12	18	0	14.5	28.5
1999	12	19	0	14.0	28.0
1999	12	20	0	13.5	27.2
1999	12	21	0	13.5	26.0
1999	12	22	0	13.0	26.1
1999	12	23	0	12.6	24.4
1999	12	24	0	13.2	25.0
1999	12	25	0	13.9	25.4
1999	12	26	0	13.5	26.3
1999	12	27	0	12.5	26.6
1999	12	28	0	13.0	25.5
1999	12	29	0	11.8	26.0
1999	12	30	0	11.0	25.3
1999	12	31	0	14.2	23.8
2000	1	1	0	13.3	25.0
2000	1	2	0	14.0	26.2
2000	1	3	0	13.0	22.0
2000	1	4	0	12.0	19.7
2000	1	5	0	11.2	23.3
2000	1	6	0	11.6	17.8
2000	1	7	0	10.2	19.6
2000	1	8	0	10.2	21.0
2000	1	9	0	10.1	23.3
2000	1	10	0	10.0	24.1
2000	1	11	0	13.7	26.5
2000	1	12	0	14.5	27.5
2000	1	13	0	14.5	27.3
2000	1	14	0	15.8	28.7
2000	1	15	0	15.0	27.7
2000	1	16	1	17.5	25.8
2000	1	17	0	16.3	23.8
2000	1	18	0	11.9	22.6
2000	1	19	0	13.5	23.2
2000	1	20	0	13.8	25.7
2000	1	21	0	17.2	23.8
2000	1	22	2	16.4	26.6
2000	1	23	0	17.4	26.7
2000	1	24	7	16.0	27.0
2000	1	25	0	15.3	26.0
2000	1	26	0	16.3	27.0
2000	1	27	0	15.1	27.2
2000	1	28	0	14.3	27.1
2000	1	29	1	16.0	22.3
2000	1	30	2	13.9	23.1
2000	1	31	0	13.8	24.5
2000	2	1	0	13.5	26.0
2000	2	2	0	15.8	25.8
2000	2	3	0	19.1	25.8
2000	2	4	0	19.8	25.5
2000	2	5	1	19.7	20.5
2000	2	6	38	17.3	22.7
2000	2	7	5	17.0	25.0
2000	2	8	0	17.0	25.3
2000	2	9	0	13.7	23.0
2000	2	10	0	15.2	24.8
2000	2	11	0	15.2	25.6
2000	2	12	0	18.0	23.3
2000	2	13	0	16.4	27.0
2000	2	14	0	19.2	25.6
2000	2	15	0	16.2	25.2
2000	2	16	0	13.5	25.2
2000	2	17	0	13.8	24.8
2000	2	18	0	17.5	25.0
2000	2	19	0	13.2	26.2
2000	2	20	0	13.5	27.3
2000	2	21	0	17.0	22.3
2000	2	22	0	13.8	27.7
2000	2	23	0	15.2	28.2
2000	2	24	0	17.2	26.7
2000	2	25	0	17.9	26.7
2000	2	26	0	18.6	25.8
2000	2	27	0	14.0	26.9
2000	2	28	0	15.3	27.8
2000	2	29	0	15.0	27.2
2000	3	1	0	15.4	29.0
2000	3	2	0	22.4	29.4
2000	3	3	0	19.7	30.5
2000	3	4	0	22.5	30.7
2000	3	5	2	22.7	30.4
2000	3	6	0	23.2	30.4
2000	3	7	0	23.8	31.8
2000	3	8	0	23.0	27.9
2000	3	9	0	21.2	30.3
2000	3	10	0	18.4	30.2
2000	3	11	0	18.0	30.6
2000	3	12	0	22.8	31.8
2000	3	13	54	18.5	30.3
2000	3	14	107	17.4	27.5
2000	3	15	9	19.0	30.2
2000	3	16	0	20.4	29.8
2000	3	17	0	17.8	31.1
2000	3	18	0	20.5	30.3
2000	3	19	0	21.2	30.8
2000	3	20	0	22.4	31.4
2000	3	21	0	19.8	32.4
2000	3	22	0	18.2	33.1
2000	3	23	0	20.8	31.4
2000	3	24	0	20.5	31.6
2000	3	25	0	21.6	32.1
2000	3	26	0	21.5	30.9
2000	3	27	0	19.4	32.5
2000	3	28	0	20.6	33.3
2000	3	29	0	21.5	34.0
2000	3	30	0	23.4	31.2
2000	3	31	0	23.0	32.1
2000	4	1	0	23.6	33.5
2000	4	2	0	25.1	35.1
2000	4	3	0	24.8	34.5
2000	4	4	0	26.2	34.4
2000	4	5	0	26.2	34.2
2000	4	6	0	26.3	34.0
2000	4	7	0	26.0	33.7
2000	4	8	0	26.2	35.0
2000	4	9	0	26.0	34.2
2000	4	10	0	25.8	34.7
2000	4	11	0	26.5	35.0
2000	4	12	1	21.0	31.9
2000	4	13	0	24.2	34.3
2000	4	14	0	22.6	32.1
2000	4	15	31	21.7	31.8
2000	4	16	14	21.0	32.4
2000	4	17	0	24.7	33.7
2000	4	18	3	21.3	33.6
2000	4	19	0	26.5	34.0
2000	4	20	0	21.0	33.3
2000	4	21	29	20.3	29.7
2000	4	22	2	22.9	33.4
2000	4	23	7	20.9	31.5
2000	4	24	0	26.4	30.7
2000	4	25	28	21.0	29.2
2000	4	26	20	18.0	23.2
2000	4	27	31	20.0	32.2
2000	4	28	0	24.0	31.2
2000	4	29	14	21.9	33.8
2000	4	30	9	22.0	33.5
2000	5	1	0	26.8	33.5
2000	5	2	58	19.5	29.3
2000	5	3	1	20.8	29.4
2000	5	4	0	20.8	31.7
2000	5	5	0	24.4	33.3
2000	5	6	11	25.2	32.8
2000	5	7	0	24.6	32.7
2000	5	8	0	24.7	32.1
2000	5	9	0	25.1	34.5
2000	5	10	0	25.4	35.0
2000	5	11	0	24.3	35.2
2000	5	12	0	26.7	35.6
2000	5	13	0	28.0	36.6
2000	5	14	0	28.5	34.5
2000	5	15	0	26.4	35.8
2000	5	16	0	27.0	34.8
2000	5	17	0	25.3	33.1
2000	5	18	7	25.4	34.2
2000	5	19	0	21.6	29.9
2000	5	20	65	21.5	30.8
2000	5	21	152	22.9	30.6
2000	5	22	2	25.0	32.0
2000	5	23	49	23.0	30.2
2000	5	24	1	25.5	31.7
2000	5	25	6	24.6	31.7
2000	5	26	43	23.5	32.0
2000	5	27	52	20.6	26.2
2000	5	28	90	22.1	25.6
2000	5	29	23	21.2	30.7
2000	5	30	0	24.5	32.0
2000	5	31	48	22.5	33.3
2000	6	1	1	24.8	34.8
2000	6	2	0	27.0	34.7
2000	6	3	0	27.5	35.2
2000	6	4	0	28.7	35.1
2000	6	5	0	26.6	34.6
2000	6	6	1	25.5	32.0
2000	6	7	12	25.0	31.2
2000	6	8	0	26.2	31.7
2000	6	9	17	24.7	33.0
2000	6	10	4	26.5	29.7
2000	6	11	23	24.0	30.8
2000	6	12	8	25.2	31.5
2000	6	13	0	25.5	33.0
2000	6	14	0	27.4	32.7
2000	6	15	0	24.6	31.8
2000	6	16	1	26.0	33.8
2000	6	17	28	23.8	34.2
2000	6	18	2	26.3	33.0
2000	6	19	4	25.0	31.7
2000	6	20	11	23.8	30.8
2000	6	21	4	25.4	32.4
2000	6	22	7	25.5	31.8
2000	6	23	7	24.7	30.4
2000	6	24	4	23.9	30.6
2000	6	25	20	24.2	29.6
2000	6	26	0	24.0	32.4
2000	6	27	0	26.0	33.8
2000	6	28	0	25.5	32.1
2000	6	29	0	26.4	32.4
2000	6	30	11	24.8	34.0
2000	7	1	0	26.6	33.7
2000	7	2	0	27.0	34.3
2000	7	3	0	28.3	34.7
2000	7	4	0	29.0	35.0
2000	7	5	0	28.8	35.2
2000	7	6	0	28.9	33.2
2000	7	7	1	27.5	31.2
2000	7	8	27	26.0	32.2
2000	7	9	6	25.6	30.1
2000	7	10	25	26.2	31.2
2000	7	11	0	26.3	33.9
2000	7	12	0	28.2	31.1
2000	7	13	7	26.0	30.8
2000	7	14	6	26.4	30.1
2000	7	15	7	25.7	32.7
2000	7	16	3	26.3	33.5
2000	7	17	0	26.6	32.3
2000	7	18	1	25.3	27.7
2000	7	19	18	25.0	28.3
2000	7	20	10	24.5	30.3
2000	7	21	11	25.7	29.7
2000	7	22	47	24.0	29.3
2000	7	23	6	24.9	31.4
2000	7	24	11	26.2	29.2
2000	7	25	3	25.8	31.3
2000	7	26	0	26.2	30.5
2000	7	27	8	26.4	31.5
2000	7	28	0	26.6	32.0
2000	7	29	0	27.3	33.7
2000	7	30	0	27.5	33.6
2000	7	31	0	26.2	32.2
2000	8	1	4	27.2	32.0
2000	8	2	133	24.4	28.5
2000	8	3	126	23.6	31.7
2000	8	4	3	24.9	34.1
2000	8	5	10	26.0	32.8
2000	8	6	2	28.1	33.6
2000	8	7	0	25.9	32.3
2000	8	8	0	27.4	33.5
2000	8	9	0	27.3	31.5
2000	8	10	1	26.0	31.8
2000	8	11	0	26.6	31.4
2000	8	12	5	26.2	31.2
2000	8	13	4	25.3	28.6
2000	8	14	23	25.0	31.8
2000	8	15	24	24.5	31.7
2000	8	16	0	27.5	31.6
2000	8	17	3	25.9	32.5
2000	8	18	0	26.3	32.0
2000	8	19	1	27.0	32.2
2000	8	20	0	27.0	31.2
2000	8	21	5	26.0	32.1
2000	8	22	0	26.4	33.5
2000	8	23	0	27.0	33.2
2000	8	24	0	28.5	34.0
2000	8	25	0	28.2	35.0
2000	8	26	5	25.6	33.4
2000	8	27	0	27.8	33.1
2000	8	28	5	27.0	32.6
2000	8	29	0	27.8	32.6
2000	8	30	2	26.3	30.3
2000	8	31	3	25.5	28.8
2000	9	1	73	25.0	30.7
2000	9	2	0	26.9	32.4
2000	9	3	1	26.8	33.0
2000	9	4	0	27.0	31.0
2000	9	5	0	25.5	32.8
2000	9	6	1	26.5	32.2
2000	9	7	0	27.0	31.5
2000	9	8	4	26.2	32.0
2000	9	9	5	25.8	32.3
2000	9	10	12	26.2	32.8
2000	9	11	12	23.5	32.6
2000	9	12	0	27.2	34.2
2000	9	13	0	27.8	34.4
2000	9	14	0	27.8	32.4
2000	9	15	5	27.1	32.2
2000	9	16	18	24.4	32.1
2000	9	17	0	27.1	31.8
2000	9	18	3	24.7	29.7
2000	9	19	16	23.5	27.8
2000	9	20	30	24.0	25.8
2000	9	21	24	24.0	30.7
2000	9	22	0	25.7	33.4
2000	9	23	0	25.1	31.1
2000	9	24	12	23.0	31.9
2000	9	25	0	26.0	33.0
2000	9	26	0	26.5	33.2
2000	9	27	0	25.6	32.4
2000	9	28	0	25.5	33.8
2000	9	29	0	26.4	33.5
2000	9	30	0	25.8	33.2
2000	10	1	5	22.0	28.6
2000	10	2	9	23.0	27.9
2000	10	3	0	25.0	31.9
2000	10	4	0	25.6	31.7
2000	10	5	2	25.5	32.3
2000	10	6	0	26.5	31.7
2000	10	7	0	26.2	30.7
2000	10	8	15	24.0	32.5
2000	10	9	0	26.0	31.7
2000	10	10	18	23.6	31.5
2000	10	11	5	24.0	32.3
2000	10	12	0	26.0	33.2
2000	10	13	0	26.0	32.6
2000	10	14	0	26.5	32.8
2000	10	15	0	26.7	33.9
2000	10	16	0	27.2	34.9
2000	10	17	0	26.8	32.0
2000	10	18	0	25.7	32.4
2000	10	19	0	25.3	33.6
2000	10	20	0	24.9	33.8
2000	10	21	5	24.2	32.4
2000	10	22	0	24.1	32.0
2000	10	23	0	24.2	32.3
2000	10	24	0	25.5	31.8
2000	10	25	0	24.5	32.1
2000	10	26	0	23.2	32.4
2000	10	27	5	22.8	26.5
2000	10	28	55	21.0	23.5
2000	10	29	158	19.9	22.7
2000	10	30	1	19.3	27.6
2000	10	31	0	21.5	29.7
2000	11	1	0	21.2	30.6
2000	11	2	0	21.4	32.2
2000	11	3	0	24.0	31.6
2000	11	4	0	21.2	32.5
2000	11	5	0	21.0	31.2
2000	11	6	0	21.7	30.2
2000	11	7	0	21.5	30.8
2000	11	8	0	21.6	30.8
2000	11	9	0	20.4	30.2
2000	11	10	0	20.7	31.2
2000	11	11	0	20.8	30.3
2000	11	12	0	21.5	30.8
2000	11	13	0	20.6	29.7
2000	11	14	0	20.7	30.0
2000	11	15	0	18.5	29.0
2000	11	16	0	19.4	28.8
2000	11	17	0	19.7	29.6
2000	11	18	0	19.0	28.8
2000	11	19	0	20.3	29.9
2000	11	20	0	22.2	29.6
2000	11	21	0	20.8	29.6
2000	11	22	0	20.5	29.1
2000	11	23	0	20.7	28.8
2000	11	24	0	20.2	29.1
2000	11	25	0	19.2	28.1
2000	11	26	0	18.0	28.0
2000	11	27	0	17.9	28.0
2000	11	28	0	17.8	26.5
2000	11	29	0	17.5	25.2
2000	11	30	0	16.8	28.1
2000	12	1	0	17.9	26.2
2000	12	2	0	18.5	26.0
2000	12	3	0	14.8	25.9
2000	12	4	0	14.7	26.2
2000	12	5	0	15.3	25.6
2000	12	6	0	14.8	25.6
2000	12	7	0	15.0	26.4
2000	12	8	0	14.6	26.7
2000	12	9	0	14.6	26.2
2000	12	10	0	14.5	26.2
2000	12	11	0	14.5	26.1
2000	12	12	0	15.6	26.4
2000	12	13	0	13.4	25.6
2000	12	14	0	16.2	26.2
2000	12	15	0	14.5	26.1
2000	12	16	0	14.7	26.8
2000	12	17	0	14.2	26.4
2000	12	18	0	14.5	26.1
2000	12	19	0	14.2	26.6
2000	12	20	0	14.7	26.6
2000	12	21	0	15.7	26.3
2000	12	22	0	16.1	27.0
2000	12	23	0	15.6	26.4
2000	12	24	0	15.5	26.6
2000	12	25	0	15.4	26.3
2000	12	26	0	14.7	27.2
2000	12	27	0	15.8	26.8
2000	12	28	0	16.6	27.3
2000	12	29	0	14.2	26.0
2000	12	30	0	13.4	26.5
2000	12	31	0	14.7	26.9
2001	1	1	0	14.7	27.0
2001	1	2	0	17.2	28.0
2001	1	3	0	17.8	25.6
2001	1	4	0	13.5	22.1
2001	1	5	0	12.8	20.5
2001	1	6	0	10.9	19.5
2001	1	7	0	10.7	22.6
2001	1	8	0	11.3	23.4
2001	1	9	0	11.8	23.4
2001	1	10	0	14.0	23.0
2001	1	11	0	11.0	21.4
2001	1	12	0	12.2	22.2
2001	1	13	0	11.1	23.2
2001	1	14	0	9.8	23.3
2001	1	15	0	13.1	24.5
2001	1	16	0	14.0	25.6
2001	1	17	0	15.0	26.1
2001	1	18	0	14.5	25.7
2001	1	19	0	15.3	26.5
2001	1	20	0	15.0	27.0
2001	1	21	0	14.4	26.4
2001	1	22	0	11.5	26.5
2001	1	23	0	15.7	26.7
2001	1	24	0	15.4	25.7
2001	1	25	0	10.8	22.2
2001	1	26	0	10.1	22.9
2001	1	27	0	10.4	23.0
2001	1	28	0	10.7	24.0
2001	1	29	0	12.0	25.3
2001	1	30	0	13.0	25.6
2001	1	31	0	14.4	27.8
2001	2	1	0	17.8	27.3
2001	2	2	0	16.5	28.1
2001	2	3	0	16.9	26.3
2001	2	4	0	14.7	27.4
2001	2	5	0	14.8	26.5
2001	2	6	0	16.0	26.6
2001	2	7	0	14.8	26.1
2001	2	8	0	12.4	26.0
2001	2	9	0	12.7	26.3
2001	2	10	0	13.5	26.4
2001	2	11	0	12.8	28.5
2001	2	12	0	12.8	27.8
2001	2	13	0	14.0	28.4
2001	2	14	0	14.5	29.7
2001	2	15	0	17.5	30.7
2001	2	16	0	16.7	30.5
2001	2	17	0	16.8	30.9
2001	2	18	0	17.7	31.4
2001	2	19	0	20.2	30.0
2001	2	20	0	16.8	30.3
2001	2	21	0	19.1	28.2
2001	2	22	1	18.8	28.0
2001	2	23	0	18.0	29.7
2001	2	24	0	18.9	30.2
2001	2	25	0	22.0	30.7
2001	2	26	0	23.8	30.1
2001	2	27	0	22.0	30.0
2001	2	28	0	20.7	30.5
2001	3	1	1	21.2	30.2
2001	3	2	0	21.0	31.0
2001	3	3	0	20.5	30.7
2001	3	4	0	17.2	29.6
2001	3	5	0	17.5	26.8
2001	3	6	0	16.9	29.3
2001	3	7	0	17.4	30.6
2001	3	8	0	16.7	30.8
2001	3	9	0	17.5	30.9
2001	3	10	0	18.6	31.8
2001	3	11	0	16.6	32.6
2001	3	12	0	17.3	33.2
2001	3	13	0	17.2	33.0
2001	3	14	0	20.0	33.3
2001	3	15	0	20.0	33.7
2001	3	16	0	23.5	34.1
2001	3	17	0	22.5	35.2
2001	3	18	7	22.0	33.6
2001	3	19	0	20.5	34.9
2001	3	20	0	21.0	35.6
2001	3	21	0	23.4	35.8
2001	3	22	0	24.0	35.6
2001	3	23	1	22.7	32.7
2001	3	24	0	24.2	33.5
2001	3	25	0	23.4	34.1
2001	3	26	0	24.0	34.1
2001	3	27	0	23.7	34.0
2001	3	28	0	25.1	33.8
2001	3	29	23	21.2	33.5
2001	3	30	0	24.2	33.5
2001	3	31	1	21.5	32.8
2001	4	1	0	24.2	34.2
2001	4	2	10	20.9	30.7
2001	4	3	6	21.4	32.0
2001	4	4	0	25.0	34.4
2001	4	5	0	25.5	36.0
2001	4	6	0	25.4	35.5
2001	4	7	0	23.5	35.5
2001	4	8	0	27.4	35.4
2001	4	9	0	26.4	34.2
2001	4	10	0	27.3	35.2
2001	4	11	0	26.8	34.7
2001	4	12	0	26.4	34.4
2001	4	13	0	26.8	33.2
2001	4	14	0	23.9	29.9
2001	4	15	0	23.2	33.5
2001	4	16	4	22.1	32.5
2001	4	17	0	25.2	35.2
2001	4	18	22	21.0	30.0
2001	4	19	0	23.2	33.5
2001	4	20	0	23.5	35.2
2001	4	21	0	25.6	36.5
2001	4	22	0	25.4	37.0
2001	4	23	0	24.4	37.0
2001	4	24	0	24.8	37.2
2001	4	25	0	25.7	37.5
2001	4	26	0	26.3	36.0
2001	4	27	0	26.5	34.8
2001	4	28	0	27.6	35.0
2001	4	29	4	23.0	35.0
2001	4	30	0	23.0	29.8
2001	5	1	18	22.0	32.5
2001	5	2	0	24.2	32.2
2001	5	3	48	19.9	29.6
2001	5	4	10	21.4	29.1
2001	5	5	6	21.2	30.0
2001	5	6	4	23.0	29.7
2001	5	7	0	24.7	27.2
2001	5	8	71	21.2	26.0
2001	5	9	52	22.0	29.0
2001	5	10	8	24.0	28.8
2001	5	11	32	20.9	28.4
2001	5	12	0	23.2	30.4
2001	5	13	0	23.5	33.0
2001	5	14	0	25.5	33.5
2001	5	15	0	26.0	35.0
2001	5	16	0	27.3	34.6
2001	5	17	0	25.9	34.8
2001	5	18	0	26.7	34.5
2001	5	19	0	27.8	33.6
2001	5	20	6	24.3	35.0
2001	5	21	40	22.2	34.0
2001	5	22	0	27.2	33.0
2001	5	23	27	25.6	34.2
2001	5	24	7	24.0	31.2
2001	5	25	0	25.5	31.5
2001	5	26	0	21.6	32.5
2001	5	27	23	25.6	34.0
2001	5	28	0	25.6	34.8
2001	5	29	0	28.0	32.6
2001	5	30	49	23.3	32.2
2001	5	31	1	26.2	34.8
2001	6	1	17	24.8	32.8
2001	6	2	0	25.9	33.8
2001	6	3	5	25.8	30.4
2001	6	4	20	25.4	28.4
2001	6	5	16	24.8	26.5
2001	6	6	61	24.0	29.2
2001	6	7	10	24.2	31.6
2001	6	8	23	24.5	32.4
2001	6	9	0	26.6	31.5
2001	6	10	7	25.7	33.2
2001	6	11	0	26.0	33.4
2001	6	12	18	27.3	33.8
2001	6	13	4	25.0	32.2
2001	6	14	6	24.6	27.2
2001	6	15	49	24.5	28.6
2001	6	16	6	24.4	30.0
2001	6	17	59	24.2	29.2
2001	6	18	6	24.8	29.1
2001	6	19	16	24.0	30.0
2001	6	20	29	25.0	30.6
2001	6	21	11	26.2	32.5
2001	6	22	1	26.6	32.5
2001	6	23	0	25.8	32.8
2001	6	24	0	26.7	31.5
2001	6	25	0	27.4	31.6
2001	6	26	0	27.0	32.0
2001	6	27	3	26.2	30.5
2001	6	28	9	26.9	32.7
2001	6	29	1	26.8	31.5
2001	6	30	9	25.3	29.4
2001	7	1	40	25.2	30.5
2001	7	2	0	26.6	29.7
2001	7	3	1	25.5	32.5
2001	7	4	0	25.5	33.1
2001	7	5	0	27.5	33.8
2001	7	6	0	28.2	33.5
2001	7	7	0	27.6	33.9
2001	7	8	1	27.2	34.0
2001	7	9	0	28.0	31.3
2001	7	10	1	26.2	30.6
2001	7	11	3	25.8	31.7
2001	7	12	8	25.5	30.5
2001	7	13	11	25.4	31.7
2001	7	14	15	25.0	31.0
2001	7	15	0	26.7	32.5
2001	7	16	0	26.5	32.7
2001	7	17	0	26.4	32.5
2001	7	18	2	26.0	32.2
2001	7	19	0	26.4	30.4
2001	7	20	0	25.2	31.7
2001	7	21	21	25.2	33.0
2001	7	22	4	25.3	32.7
2001	7	23	12	25.6	31.7
2001	7	24	1	25.4	31.6
2001	7	25	12	25.2	29.6
2001	7	26	26	24.4	31.0
2001	7	27	5	26.0	31.5
2001	7	28	4	25.2	30.8
2001	7	29	10	25.2	30.6
2001	7	30	23	24.0	29.1
2001	7	31	2	25.5	30.6
2001	8	1	45	24.2	32.0
2001	8	2	0	25.8	31.4
2001	8	3	13	25.2	32.5
2001	8	4	0	26.5	33.4
2001	8	5	12	24.4	30.7
2001	8	6	9	24.0	31.1
2001	8	7	0	25.6	33.0
2001	8	8	5	26.4	32.8
2001	8	9	58	22.5	32.2
2001	8	10	0	26.3	32.2
2001	8	11	4	25.2	33.3
2001	8	12	5	26.0	32.5
2001	8	13	1	26.0	33.8
2001	8	14	5	25.8	32.0
2001	8	15	0	25.2	32.2
2001	8	16	5	25.2	31.0
2001	8	17	2	25.5	32.5
2001	8	18	6	24.6	32.6
2001	8	19	0	26.6	34.0
2001	8	20	10	24.5	32.5
2001	8	21	1	25.8	31.9
2001	8	22	0	25.4	32.6
2001	8	23	4	26.0	32.7
2001	8	24	1	25.8	31.3
2001	8	25	3	25.6	32.6
2001	8	26	10	24.5	33.4
2001	8	27	1	24.6	31.2
2001	8	28	1	25.0	32.8
2001	8	29	0	25.2	33.5
2001	8	30	4	24.2	31.8
2001	8	31	0	24.4	32.2
2001	9	1	13	24.8	32.2
2001	9	2	6	25.0	33.3
2001	9	3	0	25.7	33.8
2001	9	4	0	25.6	32.4
2001	9	5	0	25.8	32.2
2001	9	6	0	25.6	31.6
2001	9	7	15	24.5	31.8
2001	9	8	0	26.0	30.4
2001	9	9	19	24.5	32.2
2001	9	10	10	23.5	31.0
2001	9	11	2	24.6	32.4
2001	9	12	11	24.0	31.4
2001	9	13	1	24.6	31.5
2001	9	14	23	23.5	33.6
2001	9	15	0	25.2	33.3
2001	9	16	0	24.8	33.0
2001	9	17	2	24.5	29.8
2001	9	18	54	22.3	27.5
2001	9	19	7	22.8	30.3
2001	9	20	0	23.3	29.8
2001	9	21	0	23.4	31.7
2001	9	22	0	23.3	33.4
2001	9	23	0	24.8	32.6
2001	9	24	19	24.5	28.5
2001	9	25	25	21.5	33.1
2001	9	26	0	23.4	33.2
2001	9	27	0	24.4	32.5
2001	9	28	0	25.0	33.2
2001	9	29	0	24.5	34.2
2001	9	30	2	24.7	29.9
2001	10	1	7	23.5	31.4
2001	10	2	3	24.5	30.7
2001	10	3	14	22.2	31.4
2001	10	4	13	22.5	31.0
2001	10	5	10	23.2	32.2
2001	10	6	6	24.3	32.6
2001	10	7	0	24.0	33.5
2001	10	8	0	24.7	33.7
2001	10	9	11	23.9	32.2
2001	10	10	6	23.2	30.7
2001	10	11	0	23.7	33.1
2001	10	12	0	23.5	32.2
2001	10	13	0	24.0	31.4
2001	10	14	8	23.3	30.0
2001	10	15	10	23.0	31.8
2001	10	16	1	23.0	32.2
2001	10	17	1	23.3	31.8
2001	10	18	21	21.5	29.2
2001	10	19	54	19.7	30.8
2001	10	20	0	21.4	31.0
2001	10	21	0	20.8	32.0
2001	10	22	0	20.2	32.4
2001	10	23	0	23.4	33.6
2001	10	24	0	23.5	34.8
2001	10	25	0	23.0	33.6
2001	10	26	0	22.2	33.1
2001	10	27	0	22.1	29.6
2001	10	28	1	22.6	30.7
2001	10	29	0	22.5	31.0
2001	10	30	0	23.4	29.3
2001	10	31	11	21.7	25.7
2001	11	1	0	21.0	29.7
2001	11	2	0	21.8	30.0
2001	11	3	0	21.6	30.6
2001	11	4	0	22.0	32.0
2001	11	5	0	21.6	31.7
2001	11	6	0	21.0	31.1
2001	11	7	3	21.2	27.5
2001	11	8	1	20.5	27.2
2001	11	9	0	20.0	28.5
2001	11	10	0	20.7	28.2
2001	11	11	1	21.2	24.3
2001	11	12	6	19.7	24.5
2001	11	13	3	20.0	28.5
2001	11	14	0	20.2	30.3
2001	11	15	0	19.0	30.6
2001	11	16	0	18.7	29.5
2001	11	17	0	18.1	30.6
2001	11	18	0	19.4	29.8
2001	11	19	1	20.2	26.5
2001	11	20	3	17.6	29.0
2001	11	21	0	17.8	29.4
2001	11	22	0	19.5	29.6
2001	11	23	0	18.1	27.4
2001	11	24	0	18.8	28.6
2001	11	25	0	17.1	28.8
2001	11	26	0	16.0	29.1
2001	11	27	0	17.2	30.2
2001	11	28	0	17.2	28.7
2001	11	29	0	16.5	28.0
2001	11	30	0	15.5	27.2
2001	12	1	0	14.0	25.9
2001	12	2	0	13.2	26.7
2001	12	3	0	15.0	26.5
2001	12	4	0	15.5	25.6
2001	12	5	0	16.1	26.7
2001	12	6	0	17.4	26.0
2001	12	7	0	20.2	25.3
2001	12	8	0	16.2	27.2
2001	12	9	0	17.2	28.4
2001	12	10	0	17.2	27.0
2001	12	11	0	15.7	27.0
2001	12	12	0	14.5	21.7
2001	12	13	0	15.0	21.5
2001	12	14	0	14.8	24.5
2001	12	15	0	14.1	26.7
2001	12	16	0	15.0	25.7
2001	12	17	0	16.0	26.9
2001	12	18	0	15.2	26.0
2001	12	19	0	14.5	25.7
2001	12	20	0	15.3	25.7
2001	12	21	0	15.0	23.6
2001	12	22	0	14.0	25.8
2001	12	23	0	13.5	26.0
2001	12	24	0	12.6	26.7
2001	12	25	0	12.8	26.3
2001	12	26	0	12.8	27.4
2001	12	27	0	13.8	27.0
2001	12	28	0	13.2	26.5
2001	12	29	0	13.0	25.9
2001	12	30	0	14.5	25.5
2001	12	31	0	14.4	25.1
2002	1	1	0	15.0	25.3
2002	1	2	0	13.0	25.9
2002	1	3	0	12.0	26.7
2002	1	4	0	13.0	26.0
2002	1	5	0	14.0	26.8
2002	1	6	0	14.8	26.5
2002	1	7	0	16.0	25.8
2002	1	8	0	15.2	25.8
2002	1	9	0	13.5	26.2
2002	1	10	0	15.3	25.0
2002	1	11	0	15.2	25.6
2002	1	12	0	11.4	25.2
2002	1	13	0	11.7	25.8
2002	1	14	0	11.8	25.0
2002	1	15	0	14.5	26.0
2002	1	16	0	16.2	27.7
2002	1	17	0	16.8	28.2
2002	1	18	0	17.5	27.0
2002	1	19	0	18.4	28.1
2002	1	20	0	17.6	27.5
2002	1	21	0	16.6	27.8
2002	1	22	0	18.8	26.4
2002	1	23	14	16.8	21.0
2002	1	24	2	17.6	24.0
2002	1	25	0	12.4	23.0
2002	1	26	0	11.2	24.0
2002	1	27	0	12.7	25.8
2002	1	28	0	15.7	18.0
2002	1	29	5	13.2	24.4
2002	1	30	1	14.0	24.0
2002	1	31	0	12.2	24.1
2002	2	1	0	12.5	24.5
2002	2	2	0	13.8	24.2
2002	2	3	0	13.5	24.7
2002	2	4	0	12.2	24.9
2002	2	5	0	11.8	26.1
2002	2	6	0	11.5	26.8
2002	2	7	0	14.4	27.6
2002	2	8	0	17.5	28.8
2002	2	9	0	18.2	30.0
2002	2	10	0	17.2	29.5
2002	2	11	0	18.8	30.6
2002	2	12	0	17.8	29.1
2002	2	13	0	20.0	28.4
2002	2	14	0	16.0	26.8
2002	2	15	0	15.4	26.5
2002	2	16	0	16.8	28.7
2002	2	17	0	18.0	29.4
2002	2	18	0	18.8	30.2
2002	2	19	0	19.2	29.2
2002	2	20	0	16.4	30.5
2002	2	21	0	16.8	31.1
2002	2	22	0	20.0	29.8
2002	2	23	2	18.1	30.1
2002	2	24	0	17.4	32.0
2002	2	25	0	19.8	33.5
2002	2	26	2	20.0	28.6
2002	2	27	0	19.6	28.2
2002	2	28	0	17.1	29.8
2002	3	1	0	17.8	30.7
2002	3	2	0	18.8	32.0
2002	3	3	1	18.3	27.5
2002	3	4	1	19.5	29.2
2002	3	5	0	16.8	29.1
2002	3	6	0	18.3	30.3
2002	3	7	0	16.6	29.7
2002	3	8	0	15.8	31.6
2002	3	9	0	20.3	31.5
2002	3	10	0	23.0	33.0
2002	3	11	0	22.7	33.0
2002	3	12	0	22.9	32.5
2002	3	13	0	18.5	31.7
2002	3	14	0	19.7	33.0
2002	3	15	0	20.5	32.8
2002	3	16	0	21.6	32.5
2002	3	17	0	22.2	34.1
2002	3	18	0	19.5	34.0
2002	3	19	0	20.0	34.2
2002	3	20	0	21.0	35.2
2002	3	21	0	21.6	35.5
2002	3	22	0	23.0	34.7
2002	3	23	0	24.2	32.5
2002	3	24	5	21.5	32.7
2002	3	25	9	19.8	31.0
2002	3	26	15	20.4	31.6
2002	3	27	8	20.4	26.7
2002	3	28	12	19.2	30.5
2002	3	29	0	22.3	31.0
2002	3	30	0	20.8	30.2
2002	3	31	0	21.8	33.0
2002	4	1	0	21.5	33.0
2002	4	2	0	18.2	25.2
2002	4	3	23	16.6	24.6
2002	4	4	10	18.6	30.0
2002	4	5	0	21.7	32.5
2002	4	6	15	23.0	34.0
2002	4	7	0	24.4	33.6
2002	4	8	0	25.0	33.8
2002	4	9	17	20.4	31.3
2002	4	10	0	23.0	33.4
2002	4	11	0	20.0	29.0
2002	4	12	0	19.5	30.3
2002	4	13	0	20.2	32.6
2002	4	14	0	22.0	33.2
2002	4	15	0	24.4	30.7
2002	4	16	0	25.3	33.0
2002	4	17	0	25.8	33.5
2002	4	18	0	25.8	33.9
2002	4	19	0	27.0	34.2
2002	4	20	0	26.3	34.0
2002	4	21	0	26.2	34.3
2002	4	22	2	19.2	29.4
2002	4	23	0	21.8	32.5
2002	4	24	0	24.6	33.6
2002	4	25	0	21.8	34.0
2002	4	26	0	26.2	32.9
2002	4	27	19	20.1	31.3
2002	4	28	0	23.8	33.3
2002	4	29	0	21.2	31.8
2002	4	30	25	19.5	33.0
2002	5	1	8	20.9	33.4
2002	5	2	0	22.6	30.2
2002	5	3	2	21.0	33.6
2002	5	4	4	21.7	32.3
2002	5	5	0	23.0	29.2
2002	5	6	18	20.2	23.1
2002	5	7	62	19.4	30.4
2002	5	8	1	23.0	30.7
2002	5	9	1	23.5	32.2
2002	5	10	3	24.2	30.0
2002	5	11	16	25.0	32.0
2002	5	12	18	22.0	34.0
2002	5	13	0	26.0	33.8
2002	5	14	0	25.3	34.8
2002	5	15	1	23.8	33.0
2002	5	16	0	25.0	34.0
2002	5	17	0	26.3	35.4
2002	5	18	7	26.0	35.0
2002	5	19	0	26.5	33.0
2002	5	20	0	26.0	35.3
2002	5	21	0	28.8	35.4
2002	5	22	3	28.6	35.3
2002	5	23	18	24.6	31.0
2002	5	24	0	24.3	32.7
2002	5	25	0	22.0	32.8
2002	5	26	6	24.4	29.7
2002	5	27	88	21.4	27.7
2002	5	28	10	23.5	29.5
2002	5	29	1	23.8	29.6
2002	5	30	5	24.3	33.2
2002	5	31	0	24.5	32.6
2002	6	1	0	26.2	29.4
2002	6	2	31	23.6	33.8
2002	6	3	47	24.0	34.4
2002	6	4	0	25.4	33.8
2002	6	5	30	22.0	32.7
2002	6	6	0	27.0	34.0
2002	6	7	0	27.7	33.0
2002	6	8	12	24.0	29.5
2002	6	9	0	26.4	32.8
2002	6	10	5	24.0	31.0
2002	6	11	21	25.4	29.8
2002	6	12	1	25.9	28.7
2002	6	13	33	24.8	26.2
2002	6	14	59	24.6	32.1
2002	6	15	33	24.9	32.8
2002	6	16	0	27.8	32.8
2002	6	17	5	26.0	32.2
2002	6	18	8	26.8	33.5
2002	6	19	0	27.6	33.7
2002	6	20	0	27.5	32.5
2002	6	21	1	27.0	32.0
2002	6	22	18	25.6	28.0
2002	6	23	41	25.0	31.2
2002	6	24	7	25.5	31.7
2002	6	25	1	26.3	30.6
2002	6	26	3	26.3	30.8
2002	6	27	7	25.8	33.7
2002	6	28	0	27.9	32.7
2002	6	29	10	25.8	33.0
2002	6	30	0	27.0	30.0
2002	7	1	26	25.5	28.7
2002	7	2	62	23.5	29.2
2002	7	3	0	25.4	31.0
2002	7	4	42	23.8	29.4
2002	7	5	73	23.5	32.8
2002	7	6	4	26.2	31.2
2002	7	7	7	26.0	32.2
2002	7	8	12	24.0	29.6
2002	7	9	0	25.1	31.3
2002	7	10	0	26.3	32.7
2002	7	11	15	23.0	31.9
2002	7	12	0	26.0	33.6
2002	7	13	0	25.8	33.5
2002	7	14	14	24.0	30.1
2002	7	15	0	25.8	31.6
2002	7	16	9	24.4	32.7
2002	7	17	5	24.3	32.3
2002	7	18	6	25.2	31.0
2002	7	19	18	25.3	31.0
2002	7	20	9	25.5	32.5
2002	7	21	12	26.1	29.2
2002	7	22	71	23.8	28.6
2002	7	23	1	25.3	32.1
2002	7	24	0	26.7	33.6
2002	7	25	21	25.3	29.8
2002	7	26	0	25.5	35.2
2002	7	27	0	27.0	35.1
2002	7	28	1	26.0	32.0
2002	7	29	37	22.8	32.9
2002	7	30	0	26.7	30.4
2002	7	31	1	26.5	32.4
2002	8	1	0	26.7	32.7
2002	8	2	18	24.6	29.3
2002	8	3	20	24.5	30.2
2002	8	4	4	24.9	30.0
2002	8	5	2	25.5	32.8
2002	8	6	0	26.6	33.3
2002	8	7	2	25.2	32.6
2002	8	8	1	27.2	34.1
2002	8	9	1	25.7	30.5
2002	8	10	3	26.3	32.0
2002	8	11	46	25.2	29.0
2002	8	12	14	25.3	29.3
2002	8	13	2	26.0	30.2
2002	8	14	43	24.0	31.2
2002	8	15	3	24.5	30.5
2002	8	16	16	24.8	30.0
2002	8	17	4	24.5	30.5
2002	8	18	17	25.0	31.2
2002	8	19	5	25.6	30.6
2002	8	20	2	25.7	30.5
2002	8	21	0	25.6	31.9
2002	8	22	13	24.5	32.7
2002	8	23	2	25.0	31.1
2002	8	24	1	26.0	32.3
2002	8	25	0	25.0	31.0
2002	8	26	1	25.2	32.0
2002	8	27	9	24.8	33.6
2002	8	28	6	23.8	32.5
2002	8	29	37	23.3	33.0
2002	8	30	0	26.2	33.0
2002	8	31	0	26.0	33.0
2002	9	1	0	26.0	34.0
2002	9	2	0	26.2	33.3
2002	9	3	0	26.5	32.2
2002	9	4	16	25.7	30.6
2002	9	5	0	25.0	33.9
2002	9	6	0	22.0	32.0
2002	9	7	42	23.0	34.0
2002	9	8	0	26.5	34.1
2002	9	9	1	25.2	31.0
2002	9	10	1	26.0	30.8
2002	9	11	2	25.2	28.4
2002	9	12	0	25.6	32.7
2002	9	13	0	25.5	34.0
2002	9	14	0	26.8	33.4
2002	9	15	0	26.4	33.5
2002	9	16	9	25.5	31.5
2002	9	17	0	24.6	33.2
2002	9	18	0	25.5	33.5
2002	9	19	0	26.4	34.8
2002	9	20	0	26.5	35.0
2002	9	21	0	26.3	34.2
2002	9	22	11	25.0	33.2
2002	9	23	1	25.6	31.8
2002	9	24	2	25.2	29.6
2002	9	25	7	24.5	30.8
2002	9	26	26	24.1	32.2
2002	9	27	2	23.8	27.3
2002	9	28	35	24.0	32.6
2002	9	29	0	25.7	32.2
2002	9	30	1	25.8	32.8
2002	10	1	3	25.5	33.7
2002	10	2	0	26.3	33.6
2002	10	3	0	26.6	34.0
2002	10	4	0	26.0	33.2
2002	10	5	0	26.5	33.0
2002	10	6	0	26.1	34.1
2002	10	7	0	25.1	34.2
2002	10	8	0	25.2	33.4
2002	10	9	1	22.2	33.3
2002	10	10	4	24.0	31.2
2002	10	11	1	23.8	32.1
2002	10	12	6	22.5	32.7
2002	10	13	0	24.3	31.0
2002	10	14	0	22.5	29.0
2002	10	15	7	21.6	29.0
2002	10	16	0	22.5	29.2
2002	10	17	0	22.0	32.2
2002	10	18	0	24.0	27.0
2002	10	19	17	22.0	27.0
2002	10	20	13	22.8	30.4
2002	10	21	0	21.8	31.6
2002	10	22	0	21.8	31.2
2002	10	23	0	21.5	30.8
2002	10	24	0	20.5	31.2
2002	10	25	0	22.2	31.6
2002	10	26	0	21.5	31.8
2002	10	27	0	23.0	31.2
2002	10	28	0	21.6	31.0
2002	10	29	0	18.3	30.4
2002	10	30	0	19.3	30.4
2002	10	31	0	19.8	30.2
2002	11	1	0	20.0	31.0
2002	11	2	0	20.0	29.4
2002	11	3	0	22.0	30.6
2002	11	4	0	22.4	30.8
2002	11	5	0	23.0	31.0
2002	11	6	0	22.4	30.7
2002	11	7	0	21.2	31.5
2002	11	8	0	23.5	32.0
2002	11	9	0	21.5	31.1
2002	11	10	0	22.5	30.7
2002	11	11	0	23.6	29.0
2002	11	12	18	20.8	22.0
2002	11	13	18	19.8	22.7
2002	11	14	0	19.2	27.3
2002	11	15	0	18.4	28.0
2002	11	16	0	17.5	28.6
2002	11	17	0	18.0	27.8
2002	11	18	0	18.0	29.0
2002	11	19	0	17.6	27.7
2002	11	20	0	19.0	27.6
2002	11	21	0	18.6	27.6
2002	11	22	0	17.7	27.5
2002	11	23	0	18.0	28.1
2002	11	24	0	17.8	27.7
2002	11	25	0	18.0	28.8
2002	11	26	0	18.7	29.1
2002	11	27	0	18.9	29.6
2002	11	28	0	18.2	30.0
2002	11	29	0	18.6	30.1
2002	11	30	0	19.6	29.7
2002	12	1	0	19.8	29.5
2002	12	2	0	17.8	29.0
2002	12	3	0	18.8	28.5
2002	12	4	0	16.3	28.0
2002	12	5	0	16.4	27.2
2002	12	6	0	16.1	27.7
2002	12	7	0	17.4	28.0
2002	12	8	0	16.2	27.2
2002	12	9	0	17.5	27.3
2002	12	10	0	17.0	27.0
2002	12	11	0	16.4	26.5
2002	12	12	0	15.2	27.0
2002	12	13	0	15.1	27.0
2002	12	14	0	16.6	27.1
2002	12	15	0	17.0	26.9
2002	12	16	0	16.8	26.5
2002	12	17	0	16.1	27.4
2002	12	18	0	16.2	26.3
2002	12	19	0	18.0	27.7
2002	12	20	0	20.0	26.5
2002	12	21	0	17.2	27.0
2002	12	22	0	17.0	25.4
2002	12	23	0	15.6	22.2
2002	12	24	0	14.6	22.2
2002	12	25	0	12.5	23.8
2002	12	26	0	13.8	24.7
2002	12	27	0	14.0	23.6
2002	12	28	0	13.3	24.0
2002	12	29	0	13.1	23.2
2002	12	30	0	11.7	22.2
2002	12	31	0	11.9	21.5
2003	1	1	0	12.1	23.0
2003	1	2	0	13.0	25.2
2003	1	3	0	12.4	27.5
2003	1	4	0	13.9	24.6
2003	1	5	0	13.8	22.2
2003	1	6	0	11.9	20.9
2003	1	7	0	12.0	17.8
2003	1	8	0	12.2	15.7
2003	1	9	0	10.7	13.4
2003	1	10	0	10.4	16.0
2003	1	11	0	11.0	16.4
2003	1	12	0	10.8	17.1
2003	1	13	0	11.0	14.5
2003	1	14	0	12.0	19.9
2003	1	15	0	12.2	15.4
2003	1	16	0	9.7	21.7
2003	1	17	0	10.5	25.0
2003	1	18	0	11.5	26.0
2003	1	19	0	13.2	25.7
2003	1	20	0	12.3	25.0
2003	1	21	0	10.3	22.3
2003	1	22	0	8.3	19.0
2003	1	23	0	8.1	22.9
2003	1	24	0	10.0	22.7
2003	1	25	0	11.7	25.5
2003	1	26	0	11.2	24.4
2003	1	27	0	11.0	24.6
2003	1	28	0	12.0	25.8
2003	1	29	0	13.5	25.5
2003	1	30	0	15.7	23.5
2003	1	31	0	15.0	25.4
2003	2	1	0	16.3	27.5
2003	2	2	0	15.0	26.5
2003	2	3	0	15.8	27.1
2003	2	4	0	16.8	27.8
2003	2	5	0	17.4	24.7
2003	2	6	0	14.2	26.1
2003	2	7	0	15.3	27.0
2003	2	8	0	17.0	28.0
2003	2	9	0	17.0	29.1
2003	2	10	0	17.9	28.6
2003	2	11	0	18.9	28.6
2003	2	12	7	17.6	25.7
2003	2	13	13	18.0	27.2
2003	2	14	4	17.2	26.8
2003	2	15	0	15.4	27.5
2003	2	16	0	15.3	27.9
2003	2	17	0	15.4	27.7
2003	2	18	0	16.0	29.4
2003	2	19	0	17.6	30.6
2003	2	20	1	18.0	28.2
2003	2	21	0	18.2	27.0
2003	2	22	0	17.2	26.1
2003	2	23	0	14.3	26.8
2003	2	24	0	16.5	28.0
2003	2	25	0	16.0	30.2
2003	2	26	0	19.2	30.4
2003	2	27	0	21.0	31.6
2003	2	28	0	19.7	31.1
2003	3	1	0	20.6	32.8
2003	3	2	0	22.3	32.4
2003	3	3	0	23.8	34.0
2003	3	4	0	23.2	33.0
2003	3	5	0	16.0	24.2
2003	3	6	0	13.5	25.8
2003	3	7	0	14.0	27.1
2003	3	8	0	14.5	29.4
2003	3	9	0	15.4	30.1
2003	3	10	0	16.0	30.8
2003	3	11	0	20.5	28.0
2003	3	12	0	18.0	25.7
2003	3	13	9	17.9	27.5
2003	3	14	0	19.8	29.0
2003	3	15	13	18.2	29.3
2003	3	16	1	20.5	31.2
2003	3	17	37	17.5	25.5
2003	3	18	1	19.2	28.5
2003	3	19	0	20.2	29.7
2003	3	20	7	18.4	29.8
2003	3	21	0	21.0	31.2
2003	3	22	1	19.0	31.0
2003	3	23	0	19.5	32.4
2003	3	24	0	20.8	31.7
2003	3	25	0	21.8	33.4
2003	3	26	0	23.3	32.7
2003	3	27	12	19.2	31.4
2003	3	28	0	22.3	32.1
2003	3	29	0	22.0	32.5
2003	3	30	0	23.7	30.2
2003	3	31	15	19.5	28.3
2003	4	1	11	19.5	33.1
2003	4	2	0	24.5	33.3
2003	4	3	0	25.7	33.6
2003	4	4	0	23.0	30.0
2003	4	5	1	22.3	32.5
2003	4	6	0	24.5	34.5
2003	4	7	0	25.0	35.3
2003	4	8	0	26.0	36.2
2003	4	9	0	26.4	35.3
2003	4	10	0	25.5	36.0
2003	4	11	0	24.6	35.0
2003	4	12	0	25.7	34.8
2003	4	13	0	27.0	35.0
2003	4	14	0	24.5	34.7
2003	4	15	44	19.2	33.6
2003	4	16	0	25.0	34.3
2003	4	17	0	26.2	33.8
2003	4	18	0	26.8	34.2
2003	4	19	0	27.0	34.5
2003	4	20	0	23.5	33.1
2003	4	21	13	21.6	32.7
2003	4	22	6	20.7	33.7
2003	4	23	16	17.8	33.0
2003	4	24	0	24.7	34.2
2003	4	25	0	25.8	34.6
2003	4	26	0	26.5	34.6
2003	4	27	0	26.5	35.1
2003	4	28	0	21.7	32.6
2003	4	29	5	24.2	33.7
2003	4	30	27	20.2	33.6
2003	5	1	0	21.8	32.5
2003	5	2	0	24.0	27.5
2003	5	3	52	19.6	33.5
2003	5	4	0	26.5	34.8
2003	5	5	0	27.5	36.2
2003	5	6	0	26.6	34.5
2003	5	7	18	22.5	34.3
2003	5	8	0	26.8	34.5
2003	5	9	17	20.1	31.7
2003	5	10	2	22.0	32.3
2003	5	11	0	24.6	34.1
2003	5	12	0	21.2	34.8
2003	5	13	2	25.4	35.0
2003	5	14	0	26.7	34.0
2003	5	15	0	25.8	32.0
2003	5	16	1	25.0	33.8
2003	5	17	0	26.8	34.6
2003	5	18	0	26.6	34.3
2003	5	19	0	21.4	35.5
2003	5	20	0	27.8	36.1
2003	5	21	25	20.9	31.5
2003	5	22	0	23.8	32.1
2003	5	23	1	23.0	32.2
2003	5	24	0	24.6	32.8
2003	5	25	14	23.4	33.6
2003	5	26	0	23.8	36.3
2003	5	27	0	27.6	36.2
2003	5	28	8	22.2	35.8
2003	5	29	0	24.6	35.7
2003	5	30	0	26.8	35.7
2003	5	31	0	26.5	35.9
2003	6	1	0	28.7	36.3
2003	6	2	0	28.5	36.1
2003	6	3	0	29.2	36.7
2003	6	4	0	26.7	34.8
2003	6	5	6	26.2	31.0
2003	6	6	93	23.6	32.1
2003	6	7	0	28.3	32.8
2003	6	8	45	23.7	32.5
2003	6	9	0	26.3	30.0
2003	6	10	8	23.3	27.5
2003	6	11	0	23.3	29.8
2003	6	12	10	23.0	30.2
2003	6	13	0	26.1	32.2
2003	6	14	0	27.0	30.5
2003	6	15	66	22.5	32.5
2003	6	16	0	26.2	30.6
2003	6	17	0	25.4	33.0
2003	6	18	3	26.3	30.8
2003	6	19	0	26.6	32.8
2003	6	20	2	25.0	29.5
2003	6	21	13	25.0	27.6
2003	6	22	86	25.5	27.2
2003	6	23	11	25.6	28.6
2003	6	24	14	25.4	32.9
2003	6	25	0	26.6	32.6
2003	6	26	0	28.0	30.6
2003	6	27	1	27.6	31.6
2003	6	28	61	24.5	29.7
2003	6	29	17	25.0	29.2
2003	6	30	37	25.2	30.6
2003	7	1	22	23.4	31.1
2003	7	2	0	26.5	33.2
2003	7	3	0	27.0	32.4
2003	7	4	5	25.0	33.0
2003	7	5	12	25.3	32.7
2003	7	6	3	27.2	33.0
2003	7	7	8	27.6	32.0
2003	7	8	3	25.6	31.7
2003	7	9	14	26.5	33.0
2003	7	10	0	27.9	32.5
2003	7	11	3	27.3	32.1
2003	7	12	15	25.5	31.5
2003	7	13	7	26.0	32.7
2003	7	14	0	25.4	32.8
2003	7	15	2	26.3	32.8
2003	7	16	1	27.6	32.7
2003	7	17	2	27.0	33.8
2003	7	18	0	27.5	34.0
2003	7	19	0	27.7	33.3
2003	7	20	0	28.0	33.5
2003	7	21	0	28.4	31.3
2003	7	22	0	27.8	32.6
2003	7	23	0	27.5	35.3
2003	7	24	5	25.8	34.5
2003	7	25	8	25.2	33.1
2003	7	26	30	25.2	32.8
2003	7	27	0	26.8	31.8
2003	7	28	4	26.0	30.8
2003	7	29	23	25.5	28.7
2003	7	30	20	24.9	29.4
2003	7	31	4	25.8	30.6
2003	8	1	2	25.6	30.3
2003	8	2	5	25.2	31.3
2003	8	3	0	26.0	32.4
2003	8	4	0	26.7	34.6
2003	8	5	0	28.0	34.3
2003	8	6	0	28.3	34.9
2003	8	7	0	28.0	34.6
2003	8	8	0	28.5	34.1
2003	8	9	0	27.5	33.8
2003	8	10	4	27.0	30.0
2003	8	11	22	25.0	30.1
2003	8	12	23	25.1	29.7
2003	8	13	67	25.6	32.3
2003	8	14	8	26.7	31.6
2003	8	15	3	26.4	33.0
2003	8	16	0	27.2	33.1
2003	8	17	0	27.8	34.0
2003	8	18	0	28.5	33.5
2003	8	19	18	25.5	31.2
2003	8	20	4	27.0	32.5
2003	8	21	0	27.0	35.1
2003	8	22	9	26.4	33.0
2003	8	23	7	26.0	30.7
2003	8	24	6	24.2	32.7
2003	8	25	1	26.5	34.2
2003	8	26	0	27.7	34.4
2003	8	27	0	27.0	32.7
2003	8	28	0	25.5	30.3
2003	8	29	7	25.0	30.4
2003	8	30	13	26.0	30.8
2003	8	31	3	26.3	31.6
2003	9	1	3	25.0	30.1
2003	9	2	19	24.8	31.5
2003	9	3	7	25.0	31.5
2003	9	4	5	25.8	33.0
2003	9	5	0	26.0	33.1
2003	9	6	0	25.5	32.6
2003	9	7	8	24.2	31.0
2003	9	8	4	24.0	31.3
2003	9	9	0	25.5	31.3
2003	9	10	2	25.5	33.1
2003	9	11	2	25.0	31.5
2003	9	12	11	24.0	30.6
2003	9	13	29	24.2	30.5
2003	9	14	15	24.0	31.6
2003	9	15	0	25.0	32.2
2003	9	16	8	24.7	32.0
2003	9	17	1	25.2	31.7
2003	9	18	3	25.0	31.5
2003	9	19	2	25.8	33.8
2003	9	20	4	25.5	33.0
2003	9	21	4	25.0	32.6
2003	9	22	11	23.5	33.2
2003	9	23	6	23.6	31.1
2003	9	24	1	24.8	29.6
2003	9	25	3	24.3	27.9
2003	9	26	50	24.0	31.2
2003	9	27	61	25.0	30.5
2003	9	28	0	26.0	33.6
2003	9	29	0	27.0	29.8
2003	9	30	5	25.4	34.2
2003	10	1	0	26.8	34.0
2003	10	2	0	24.0	28.0
2003	10	3	15	23.8	32.8
2003	10	4	1	26.0	32.5
2003	10	5	0	26.3	31.8
2003	10	6	0	26.5	30.8
2003	10	7	16	23.0	25.8
2003	10	8	16	24.0	25.2
2003	10	9	37	24.2	29.5
2003	10	10	15	24.8	29.5
2003	10	11	4	23.5	31.6
2003	10	12	0	25.4	33.3
2003	10	13	0	24.5	32.2
2003	10	14	0	25.3	32.7
2003	10	15	0	26.1	32.6
2003	10	16	0	26.4	32.4
2003	10	17	0	25.0	32.6
2003	10	18	0	25.8	31.2
2003	10	19	4	24.8	32.6
2003	10	20	0	26.6	32.0
2003	10	21	0	25.6	31.6
2003	10	22	0	25.3	31.4
2003	10	23	0	26.0	31.8
2003	10	24	0	25.3	31.8
2003	10	25	0	25.8	30.2
2003	10	26	1	25.4	30.2
2003	10	27	11	23.6	31.2
2003	10	28	14	23.8	31.1
2003	10	29	0	24.4	31.9
2003	10	30	0	24.0	32.0
2003	10	31	0	24.3	32.0
2003	11	1	0	25.0	32.1
2003	11	2	0	21.7	31.4
2003	11	3	0	23.7	30.6
2003	11	4	0	23.5	31.1
2003	11	5	0	21.1	31.2
2003	11	6	0	22.5	30.5
2003	11	7	0	21.4	31.0
2003	11	8	0	21.0	31.7
2003	11	9	0	20.2	30.3
2003	11	10	0	20.3	30.8
2003	11	11	0	21.7	30.5
2003	11	12	0	20.0	29.8
2003	11	13	0	20.5	30.7
2003	11	14	0	19.7	30.2
2003	11	15	0	18.2	30.7
2003	11	16	0	17.8	29.4
2003	11	17	0	19.3	29.2
2003	11	18	0	18.3	29.3
2003	11	19	0	18.5	30.0
2003	11	20	0	18.6	29.8
2003	11	21	0	17.5	28.7
2003	11	22	0	16.8	29.0
2003	11	23	0	16.2	28.2
2003	11	24	0	17.0	28.8
2003	11	25	0	17.6	28.8
2003	11	26	0	18.5	27.9
2003	11	27	0	19.0	29.0
2003	11	28	0	18.3	27.3
2003	11	29	0	14.0	27.2
2003	11	30	0	14.7	27.3
2003	12	1	0	15.9	28.1
2003	12	2	0	17.3	27.5
2003	12	3	0	16.6	27.4
2003	12	4	0	16.6	27.5
2003	12	5	0	15.7	27.0
2003	12	6	0	15.8	26.1
2003	12	7	0	15.9	25.5
2003	12	8	0	16.6	27.7
2003	12	9	0	15.5	28.0
2003	12	10	0	14.9	28.6
2003	12	11	0	16.1	27.4
2003	12	12	0	16.2	28.1
2003	12	13	0	16.1	29.2
2003	12	14	0	16.4	29.1
2003	12	15	0	16.6	28.4
2003	12	16	0	19.1	25.3
2003	12	17	1	19.2	23.2
2003	12	18	1	19.5	23.0
2003	12	19	39	19.3	23.3
2003	12	20	0	19.4	26.7
2003	12	21	0	18.3	26.0
2003	12	22	0	17.3	27.0
2003	12	23	0	17.1	26.6
2003	12	24	0	16.5	25.6
2003	12	25	0	13.3	25.1
2003	12	26	0	14.8	25.7
2003	12	27	0	15.9	24.6
2003	12	28	0	16.6	20.2
2003	12	29	4	13.3	21.0
2003	12	30	0	13.2	24.0
2003	12	31	0	13.6	20.1
2004	1	1	0	13.0	17.0
2004	1	2	0	12.8	15.1
2004	1	3	0	12.3	16.2
2004	1	4	0	12.0	19.7
2004	1	5	0	12.0	21.2
2004	1	6	0	12.2	19.2
2004	1	7	0	12.7	25.2
2004	1	8	0	15.2	25.0
2004	1	9	0	11.0	19.8
2004	1	10	0	11.6	24.5
2004	1	11	0	13.3	26.2
2004	1	12	0	14.8	25.0
2004	1	13	0	15.0	24.5
2004	1	14	0	13.4	24.3
2004	1	15	0	14.2	25.0
2004	1	16	0	14.6	25.5
2004	1	17	0	14.8	25.6
2004	1	18	0	13.9	26.0
2004	1	19	0	15.7	23.8
2004	1	20	0	16.6	26.2
2004	1	21	0	15.0	26.1
2004	1	22	0	14.7	26.0
2004	1	23	0	17.8	25.4
2004	1	24	0	18.5	24.0
2004	1	25	0	16.0	24.2
2004	1	26	0	15.2	23.7
2004	1	27	0	13.6	23.7
2004	1	28	0	10.7	23.0
2004	1	29	0	12.7	25.0
2004	1	30	0	15.3	26.0
2004	1	31	0	13.4	27.5
2004	2	1	0	18.6	27.6
2004	2	2	0	17.8	26.5
2004	2	3	0	14.9	22.0
2004	2	4	0	10.4	22.3
2004	2	5	0	10.6	23.2
2004	2	6	0	10.5	23.4
2004	2	7	0	13.2	24.8
2004	2	8	0	14.8	25.4
2004	2	9	0	13.1	27.2
2004	2	10	0	13.7	28.5
2004	2	11	0	14.4	29.2
2004	2	12	0	14.8	29.5
2004	2	13	0	14.4	29.8
2004	2	14	0	14.3	29.2
2004	2	15	0	15.7	29.8
2004	2	16	0	17.8	29.4
2004	2	17	0	16.8	29.5
2004	2	18	0	16.2	30.5
2004	2	19	0	16.0	29.5
2004	2	20	0	19.5	28.3
2004	2	21	0	17.4	28.1
2004	2	22	0	17.7	28.7
2004	2	23	0	17.1	29.7
2004	2	24	0	16.1	30.1
2004	2	25	0	16.9	31.3
2004	2	26	0	19.3	30.5
2004	2	27	0	18.5	31.6
2004	2	28	0	21.1	31.2
2004	2	29	0	22.0	32.8
2004	3	1	0	22.8	33.0
2004	3	2	0	20.7	31.8
2004	3	3	0	16.8	31.0
2004	3	4	0	16.3	31.0
2004	3	5	0	17.4	31.2
2004	3	6	0	17.5	32.5
2004	3	7	0	21.0	24.7
2004	3	8	1	16.6	30.7
2004	3	9	0	19.6	33.9
2004	3	10	2	18.3	26.3
2004	3	11	6	17.8	29.0
2004	3	12	0	18.2	31.2
2004	3	13	0	21.0	34.0
2004	3	14	0	23.5	34.0
2004	3	15	0	22.3	34.5
2004	3	16	0	23.5	35.7
2004	3	17	0	24.2	33.4
2004	3	18	0	24.8	32.3
2004	3	19	0	25.3	33.2
2004	3	20	0	25.1	35.0
2004	3	21	0	25.2	34.6
2004	3	22	0	25.6	34.6
2004	3	23	0	25.4	34.6
2004	3	24	0	25.8	34.0
2004	3	25	0	25.6	33.8
2004	3	26	0	26.3	34.6
2004	3	27	0	25.2	34.3
2004	3	28	0	25.5	35.0
2004	3	29	0	25.6	34.6
2004	3	30	0	26.3	33.6
2004	3	31	0	25.7	33.6
2004	4	1	0	21.0	30.0
2004	4	2	2	20.3	32.3
2004	4	3	0	25.6	34.8
2004	4	4	0	23.7	34.5
2004	4	5	23	20.6	33.6
2004	4	6	0	25.8	32.7
2004	4	7	35	19.8	29.3
2004	4	8	0	21.8	31.4
2004	4	9	0	24.2	31.8
2004	4	10	5	20.4	27.9
2004	4	11	14	25.4	33.2
2004	4	12	0	26.7	32.5
2004	4	13	0	22.6	34.1
2004	4	14	0	26.0	34.0
2004	4	15	0	27.4	35.2
2004	4	16	0	27.8	35.2
2004	4	17	0	28.2	35.0
2004	4	18	0	27.9	34.5
2004	4	19	28	18.5	28.3
2004	4	20	0	21.6	30.2
2004	4	21	0	22.6	34.0
2004	4	22	0	26.4	34.5
2004	4	23	0	26.3	30.8
2004	4	24	56	21.0	30.6
2004	4	25	0	23.7	31.0
2004	4	26	0	25.5	33.5
2004	4	27	3	24.0	32.6
2004	4	28	1	22.2	33.0
2004	4	29	0	25.2	32.5
2004	4	30	0	23.8	33.6
2004	5	1	0	25.6	36.0
2004	5	2	0	26.8	36.1
2004	5	3	0	27.3	36.8
2004	5	4	0	25.6	37.8
2004	5	5	0	27.6	37.0
2004	5	6	0	28.2	38.1
2004	5	7	0	27.6	36.7
2004	5	8	0	27.5	36.6
2004	5	9	0	27.8	36.5
2004	5	10	0	28.0	36.2
2004	5	11	0	28.0	35.6
2004	5	12	0	28.5	36.0
2004	5	13	0	29.0	36.5
2004	5	14	13	26.0	36.2
2004	5	15	0	25.8	36.5
2004	5	16	0	29.0	35.5
2004	5	17	0	29.0	36.0
2004	5	18	0	27.6	35.6
2004	5	19	0	27.8	36.2
2004	5	20	0	27.6	35.2
2004	5	21	39	21.2	31.5
2004	5	22	16	22.9	32.3
2004	5	23	48	20.2	25.9
2004	5	24	7	23.0	32.8
2004	5	25	1	23.8	33.4
2004	5	26	0	26.5	34.3
2004	5	27	0	27.5	34.2
2004	5	28	8	23.6	35.0
2004	5	29	0	26.5	33.3
2004	5	30	0	26.8	35.1
2004	5	31	30	23.9	34.2
2004	6	1	0	26.0	34.0
2004	6	2	0	26.7	31.0
2004	6	3	15	23.4	29.6
2004	6	4	13	23.0	31.2
2004	6	5	0	26.7	34.3
2004	6	6	0	27.5	32.9
2004	6	7	29	23.2	33.3
2004	6	8	0	26.7	35.2
2004	6	9	0	27.6	33.7
2004	6	10	0	27.4	34.4
2004	6	11	1	23.0	31.6
2004	6	12	29	23.7	33.4
2004	6	13	6	25.3	30.3
2004	6	14	39	24.5	30.6
2004	6	15	1	26.3	31.2
2004	6	16	0	26.5	32.8
2004	6	17	67	24.6	33.4
2004	6	18	0	27.5	29.7
2004	6	19	49	24.0	30.8
2004	6	20	21	25.5	30.6
2004	6	21	4	25.0	29.8
2004	6	22	39	23.5	29.0
2004	6	23	21	23.6	34.2
2004	6	24	70	22.4	30.6
2004	6	25	13	23.0	31.4
2004	6	26	25	22.5	31.2
2004	6	27	25	25.0	34.6
2004	6	28	7	24.2	34.1
2004	6	29	1	25.6	34.1
2004	6	30	1	27.0	33.4
2004	7	1	0	27.0	34.5
2004	7	2	2	27.6	33.4
2004	7	3	13	25.8	33.1
2004	7	4	9	26.0	32.6
2004	7	5	14	26.1	32.0
2004	7	6	10	25.2	32.1
2004	7	7	12	25.8	28.2
2004	7	8	18	23.3	30.6
2004	7	9	6	24.3	28.9
2004	7	10	6	25.7	31.4
2004	7	11	0	26.5	33.3
2004	7	12	18	23.9	29.8
2004	7	13	12	23.2	31.7
2004	7	14	0	25.4	33.3
2004	7	15	6	25.3	30.1
2004	7	16	32	24.0	31.5
2004	7	17	5	25.7	30.4
2004	7	18	1	26.0	30.6
2004	7	19	13	25.0	29.1
2004	7	20	60	21.5	30.1
2004	7	21	2	22.7	30.7
2004	7	22	8	26.6	32.2
2004	7	23	0	26.7	33.1
2004	7	24	2	26.0	30.7
2004	7	25	16	25.0	32.2
2004	7	26	6	26.6	32.2
2004	7	27	1	26.3	32.0
2004	7	28	2	25.8	32.0
2004	7	29	2	27.2	31.5
2004	7	30	16	25.6	31.2
2004	7	31	3	26.8	32.8
2004	8	1	3	27.2	33.4
2004	8	2	0	27.4	33.7
2004	8	3	2	27.3	34.6
2004	8	4	5	26.2	31.3
2004	8	5	22	25.4	30.0
2004	8	6	9	25.5	31.3
2004	8	7	6	26.3	31.4
2004	8	8	0	26.6	31.5
2004	8	9	13	25.2	31.4
2004	8	10	4	26.2	31.7
2004	8	11	1	26.3	32.4
2004	8	12	9	26.4	31.2
2004	8	13	15	24.9	31.1
2004	8	14	8	24.8	32.0
2004	8	15	1	26.0	32.0
2004	8	16	0	26.5	32.6
2004	8	17	0	26.6	33.2
2004	8	18	0	27.2	32.4
2004	8	19	0	27.3	32.5
2004	8	20	9	25.4	33.0
2004	8	21	0	27.8	33.0
2004	8	22	1	26.8	32.6
2004	8	23	0	27.8	32.7
2004	8	24	1	27.5	33.6
2004	8	25	0	28.2	34.2
2004	8	26	31	26.0	30.0
2004	8	27	0	26.3	32.9
2004	8	28	50	25.0	33.4
2004	8	29	0	27.5	33.3
2004	8	30	0	27.0	31.3
2004	8	31	1	27.2	31.4
2004	9	1	6	25.8	33.3
2004	9	2	0	27.8	32.5
2004	9	3	7	26.0	31.7
2004	9	4	11	27.0	30.6
2004	9	5	22	25.8	31.5
2004	9	6	1	27.0	32.4
2004	9	7	0	27.7	33.5
2004	9	8	0	27.8	32.4
2004	9	9	3	27.8	29.4
2004	9	10	9	25.0	30.2
2004	9	11	32	24.4	29.8
2004	9	12	29	24.5	25.6
2004	9	13	156	23.6	25.2
2004	9	14	341	22.7	25.0
2004	9	15	23	23.0	27.5
2004	9	16	51	24.0	25.4
2004	9	17	20	24.4	30.0
2004	9	18	0	24.4	30.2
2004	9	19	20	25.5	32.0
2004	9	20	0	25.6	32.4
2004	9	21	0	26.7	30.0
2004	9	22	31	25.3	29.1
2004	9	23	12	24.9	30.5
2004	9	24	0	26.5	32.3
2004	9	25	0	26.7	30.2
2004	9	26	21	25.4	34.0
2004	9	27	2	26.3	32.1
2004	9	28	3	26.0	31.0
2004	9	29	13	24.4	30.5
2004	9	30	26	24.2	32.1
2004	10	1	0	25.6	32.6
2004	10	2	1	26.2	34.5
2004	10	3	1	25.8	32.4
2004	10	4	7	23.6	31.4
2004	10	5	5	24.8	28.6
2004	10	6	8	23.5	26.3
2004	10	7	53	24.0	25.7
2004	10	8	113	23.8	26.8
2004	10	9	0	21.5	30.1
2004	10	10	0	23.9	31.4
2004	10	11	0	23.8	32.0
2004	10	12	0	24.8	33.0
2004	10	13	0	25.4	32.0
2004	10	14	20	23.9	29.0
2004	10	15	0	24.2	29.0
2004	10	16	0	22.6	29.5
2004	10	17	0	22.2	31.7
2004	10	18	0	22.2	31.8
2004	10	19	0	22.6	31.9
2004	10	20	0	22.0	33.0
2004	10	21	0	22.6	32.3
2004	10	22	0	21.8	32.1
2004	10	23	0	22.6	31.9
2004	10	24	0	22.4	31.4
2004	10	25	0	21.8	31.8
2004	10	26	0	22.4	32.1
2004	10	27	0	22.4	31.6
2004	10	28	0	22.5	31.8
2004	10	29	0	22.4	31.5
2004	10	30	0	23.4	30.9
2004	10	31	0	21.9	29.8
2004	11	1	0	22.0	29.8
2004	11	2	0	21.0	30.1
2004	11	3	0	20.5	30.5
2004	11	4	0	21.6	30.0
2004	11	5	0	20.7	30.4
2004	11	6	0	18.7	31.1
2004	11	7	0	20.4	30.5
2004	11	8	0	19.8	30.2
2004	11	9	0	20.0	30.6
2004	11	10	0	19.5	30.2
2004	11	11	0	17.0	29.3
2004	11	12	0	17.8	29.9
2004	11	13	0	16.7	30.0
2004	11	14	0	17.0	29.8
2004	11	15	0	16.6	29.2
2004	11	16	0	17.3	30.0
2004	11	17	0	18.0	28.0
2004	11	18	0	18.5	29.0
2004	11	19	0	18.9	27.9
2004	11	20	0	19.7	29.0
2004	11	21	0	18.3	29.1
2004	11	22	0	18.0	28.2
2004	11	23	0	18.9	29.2
2004	11	24	0	18.6	29.0
2004	11	25	0	19.2	27.6
2004	11	26	0	18.1	28.7
2004	11	27	0	16.6	29.4
2004	11	28	0	17.5	29.4
2004	11	29	0	16.2	29.5
2004	11	30	0	15.8	28.8
2004	12	1	0	15.8	29.0
2004	12	2	0	16.7	29.3
2004	12	3	0	15.9	29.0
2004	12	4	0	17.5	29.0
2004	12	5	0	16.1	28.1
2004	12	6	0	16.0	29.0
2004	12	7	0	16.6	29.4
2004	12	8	0	18.3	28.5
2004	12	9	0	17.3	27.4
2004	12	10	0	17.6	28.1
2004	12	11	0	17.1	28.0
2004	12	12	0	17.0	29.2
2004	12	13	0	16.9	29.1
2004	12	14	0	16.5	28.1
2004	12	15	0	16.6	28.0
2004	12	16	0	17.0	28.2
2004	12	17	0	16.9	28.0
2004	12	18	0	16.0	29.2
2004	12	19	0	16.4	26.1
2004	12	20	0	16.0	27.0
2004	12	21	0	18.5	26.7
2004	12	22	0	18.9	26.8
2004	12	23	0	18.6	24.3
2004	12	24	0	17.5	25.6
2004	12	25	0	18.3	22.7
2004	12	26	0	15.3	24.5
2004	12	27	0	12.3	22.2
2004	12	28	0	11.7	22.8
2004	12	29	0	12.6	24.0
2004	12	30	0	13.6	24.1
2004	12	31	0	11.5	24.8
2005	1	1	0	12.5	26.4
2005	1	2	0	12.7	26.1
2005	1	3	0	15.3	26.8
2005	1	4	0	18.0	25.7
2005	1	5	0	15.2	26.1
2005	1	6	0	16.0	25.5
2005	1	7	0	16.2	25.6
2005	1	8	0	15.1	25.0
2005	1	9	0	15.0	24.0
2005	1	10	0	11.8	25.1
2005	1	11	0	15.5	18.8
2005	1	12	0	13.2	23.6
2005	1	13	0	13.6	22.2
2005	1	14	0	13.4	23.5
2005	1	15	0	13.6	23.9
2005	1	16	0	12.0	25.6
2005	1	17	0	12.8	26.3
2005	1	18	0	14.5	24.6
2005	1	19	1	16.7	25.0
2005	1	20	0	13.8	23.5
2005	1	21	0	11.4	23.0
2005	1	22	0	12.5	22.0
2005	1	23	0	12.2	21.2
2005	1	24	0	13.2	23.7
2005	1	25	0	14.3	23.6
2005	1	26	0	14.6	24.0
2005	1	27	0	12.5	25.1
2005	1	28	0	12.6	24.5
2005	1	29	0	17.2	24.4
2005	1	30	0	16.6	26.9
2005	1	31	0	15.7	28.5
2005	2	1	0	17.8	25.3
2005	2	2	0	16.2	24.5
2005	2	3	0	11.5	22.4
2005	2	4	0	13.2	24.6
2005	2	5	0	13.2	25.9
2005	2	6	0	12.7	27.6
2005	2	7	0	15.8	29.6
2005	2	8	0	17.6	29.5
2005	2	9	0	16.8	29.4
2005	2	10	0	17.4	28.7
2005	2	11	0	16.8	28.4
2005	2	12	0	17.5	30.8
2005	2	13	0	20.4	32.0
2005	2	14	0	20.1	30.1
2005	2	15	0	20.3	31.1
2005	2	16	0	21.5	30.4
2005	2	17	0	23.2	32.0
2005	2	18	0	23.5	31.2
2005	2	19	0	23.4	30.4
2005	2	20	2	21.2	30.5
2005	2	21	0	23.0	32.1
2005	2	22	1	20.6	28.8
2005	2	23	0	18.2	30.2
2005	2	24	0	19.4	28.3
2005	2	25	0	18.5	29.0
2005	2	26	0	19.5	30.2
2005	2	27	0	17.6	30.3
2005	2	28	0	16.6	31.5
2005	3	1	0	19.0	32.9
2005	3	2	0	21.6	34.1
2005	3	3	0	23.6	34.5
2005	3	4	0	21.3	35.6
2005	3	5	0	21.8	33.2
2005	3	6	0	24.5	34.6
2005	3	7	0	24.0	33.4
2005	3	8	0	25.0	33.2
2005	3	9	0	23.0	33.0
2005	3	10	0	23.3	34.4
2005	3	11	0	21.4	29.7
2005	3	12	0	21.6	26.5
2005	3	13	0	20.5	32.4
2005	3	14	0	21.3	33.1
2005	3	15	0	21.0	32.5
2005	3	16	0	22.2	32.6
2005	3	17	0	22.7	33.0
2005	3	18	0	23.7	31.2
2005	3	19	0	21.5	32.0
2005	3	20	2	23.0	34.4
2005	3	21	0	24.0	35.5
2005	3	22	0	25.4	33.8
2005	3	23	4	22.0	28.0
2005	3	24	46	19.4	24.5
2005	3	25	11	20.4	29.5
2005	3	26	0	21.8	31.8
2005	3	27	0	23.5	32.5
2005	3	28	0	23.8	33.0
2005	3	29	0	25.2	32.7
2005	3	30	0	23.7	32.3
2005	3	31	92	19.4	28.5
2005	4	1	5	22.8	32.4
2005	4	2	0	22.4	33.7
2005	4	3	0	23.4	34.6
2005	4	4	3	20.0	32.8
2005	4	5	0	22.6	32.7
2005	4	6	0	25.0	33.3
2005	4	7	0	24.6	33.3
2005	4	8	0	26.0	33.8
2005	4	9	0	25.8	34.2
2005	4	10	0	26.4	34.5
2005	4	11	0	24.8	33.6
2005	4	12	0	24.6	34.0
2005	4	13	0	22.5	35.0
2005	4	14	0	25.5	35.0
2005	4	15	0	25.7	35.5
2005	4	16	0	26.0	34.2
2005	4	17	0	27.0	35.2
2005	4	18	0	22.6	35.3
2005	4	19	0	27.4	35.4
2005	4	20	0	28.6	35.5
2005	4	21	1	23.3	37.0
2005	4	22	0	27.0	36.2
2005	4	23	0	26.5	35.2
2005	4	24	0	22.5	34.8
2005	4	25	6	22.3	34.2
2005	4	26	23	19.6	35.0
2005	4	27	45	21.6	35.5
2005	4	28	1	23.5	36.2
2005	4	29	0	22.0	32.6
2005	4	30	7	21.8	32.4
2005	5	1	0	21.0	32.7
2005	5	2	0	22.8	32.3
2005	5	3	0	23.7	33.6
2005	5	4	0	25.3	29.0
2005	5	5	6	22.7	30.8
2005	5	6	16	19.7	31.4
2005	5	7	0	23.0	32.9
2005	5	8	0	23.3	30.4
2005	5	9	0	22.8	32.5
2005	5	10	10	25.5	35.9
2005	5	11	0	26.5	36.4
2005	5	12	0	26.6	35.2
2005	5	13	8	22.2	35.6
2005	5	14	38	20.7	35.5
2005	5	15	0	24.2	31.5
2005	5	16	0	25.5	35.7
2005	5	17	10	21.2	32.2
2005	5	18	63	20.8	34.0
2005	5	19	0	26.5	32.5
2005	5	20	38	22.1	32.5
2005	5	21	0	22.9	32.4
2005	5	22	28	20.5	27.7
2005	5	23	72	21.7	29.8
2005	5	24	0	26.2	30.4
2005	5	25	2	26.0	35.2
2005	5	26	0	28.4	35.2
2005	5	27	0	25.5	35.2
2005	5	28	0	28.5	35.5
2005	5	29	0	28.5	35.5
2005	5	30	0	28.0	35.5
2005	5	31	0	28.2	35.5
2005	6	1	0	28.5	35.5
2005	6	2	0	29.3	36.6
2005	6	3	0	29.2	35.7
2005	6	4	1	24.5	34.0
2005	6	5	1	25.6	35.7
2005	6	6	84	22.5	35.0
2005	6	7	0	28.0	36.0
2005	6	8	10	24.3	35.6
2005	6	9	0	29.3	35.5
2005	6	10	0	28.5	36.2
2005	6	11	6	25.8	35.4
2005	6	12	0	28.0	35.2
2005	6	13	0	29.5	33.2
2005	6	14	11	26.5	34.5
2005	6	15	52	24.5	32.0
2005	6	16	2	25.0	31.2
2005	6	17	21	25.5	34.0
2005	6	18	1	29.0	35.3
2005	6	19	0	28.7	34.0
2005	6	20	0	28.3	34.8
2005	6	21	0	28.5	35.0
2005	6	22	1	28.4	32.2
2005	6	23	25	26.5	30.5
2005	6	24	12	27.2	32.8
2005	6	25	5	25.2	30.2
2005	6	26	0	26.8	32.2
2005	6	27	3	25.6	30.0
2005	6	28	10	25.2	27.5
2005	6	29	14	25.5	27.6
2005	6	30	0	25.8	29.2
2005	7	1	0	25.9	29.2
2005	7	2	59	25.2	29.0
2005	7	3	101	24.2	27.0
2005	7	4	61	24.6	29.2
2005	7	5	21	24.0	29.9
2005	7	6	18	24.5	33.0
2005	7	7	0	26.5	33.4
2005	7	8	0	27.0	32.8
2005	7	9	0	27.0	31.9
2005	7	10	5	26.8	30.4
2005	7	11	5	25.5	30.0
2005	7	12	16	25.4	32.2
2005	7	13	1	26.4	27.3
2005	7	14	122	24.8	28.5
2005	7	15	33	24.4	26.7
2005	7	16	25	24.0	31.5
2005	7	17	0	26.0	33.3
2005	7	18	0	26.7	32.8
2005	7	19	0	27.5	33.4
2005	7	20	11	25.0	32.5
2005	7	21	28	25.5	32.8
2005	7	22	4	24.8	31.6
2005	7	23	5	25.6	32.5
2005	7	24	2	26.5	33.2
2005	7	25	11	25.5	33.2
2005	7	26	2	27.0	31.8
2005	7	27	0	26.0	33.2
2005	7	28	0	26.6	33.3
2005	7	29	0	26.9	33.7
2005	7	30	5	27.0	32.8
2005	7	31	7	27.5	33.0
2005	8	1	0	27.2	34.0
2005	8	2	0	28.0	34.0
2005	8	3	1	26.0	32.7
2005	8	4	0	26.4	31.0
2005	8	5	13	27.0	33.2
2005	8	6	22	26.0	30.7
2005	8	7	1	26.5	32.5
2005	8	8	4	27.0	31.2
2005	8	9	26	25.3	30.8
2005	8	10	71	25.7	30.3
2005	8	11	22	25.8	31.7
2005	8	12	25	24.3	32.2
2005	8	13	68	25.5	33.2
2005	8	14	1	28.0	32.4
2005	8	15	1	27.0	31.6
2005	8	16	7	26.4	32.1
2005	8	17	19	27.0	32.7
2005	8	18	8	26.8	32.2
2005	8	19	6	26.8	31.0
2005	8	20	2	26.6	31.6
2005	8	21	10	26.2	30.5
2005	8	22	6	26.5	31.2
2005	8	23	12	26.8	32.6
2005	8	24	6	27.0	30.5
2005	8	25	30	25.2	30.4
2005	8	26	0	27.0	33.1
2005	8	27	0	27.0	32.0
2005	8	28	0	27.0	33.3
2005	8	29	0	28.2	33.1
2005	8	30	0	28.0	33.4
2005	8	31	0	28.5	33.2
2005	9	1	30	26.8	32.4
2005	9	2	1	27.4	34.0
2005	9	3	0	27.7	32.6
2005	9	4	0	28.0	33.6
2005	9	5	0	27.0	30.4
2005	9	6	12	24.8	35.1
2005	9	7	0	27.2	32.7
2005	9	8	67	24.0	34.0
2005	9	9	18	25.0	32.6
2005	9	10	11	24.0	32.9
2005	9	11	14	25.1	32.5
2005	9	12	1	26.3	33.0
2005	9	13	0	26.5	33.0
2005	9	14	20	25.3	33.2
2005	9	15	0	26.4	34.6
2005	9	16	0	26.8	34.5
2005	9	17	0	26.5	33.0
2005	9	18	0	28.0	33.8
2005	9	19	0	27.7	34.1
2005	9	20	128	23.8	29.7
2005	9	21	64	24.0	32.8
2005	9	22	1	26.3	32.4
2005	9	23	8	25.5	31.0
2005	9	24	7	24.5	31.4
2005	9	25	61	26.0	31.1
2005	9	26	2	24.5	33.5
2005	9	27	4	27.0	33.6
2005	9	28	35	25.7	33.7
2005	9	29	30	25.8	31.5
2005	9	30	0	26.8	31.2
2005	10	1	91	24.0	25.8
2005	10	2	41	24.0	27.5
2005	10	3	18	24.7	30.0
2005	10	4	42	24.7	30.0
2005	10	5	3	25.7	32.2
2005	10	6	6	23.4	31.7
2005	10	7	0	24.5	32.4
2005	10	8	0	26.2	32.5
2005	10	9	4	24.6	33.6
2005	10	10	0	25.7	34.0
2005	10	11	0	26.0	32.2
2005	10	12	0	25.9	33.4
2005	10	13	0	26.4	33.5
2005	10	14	0	26.2	34.6
2005	10	15	0	25.0	34.1
2005	10	16	0	26.4	33.0
2005	10	17	4	25.5	31.5
2005	10	18	31	23.7	29.0
2005	10	19	16	23.2	29.2
2005	10	20	10	23.0	24.6
2005	10	21	36	23.2	26.7
2005	10	22	16	23.8	28.0
2005	10	23	28	20.8	22.2
2005	10	24	71	21.0	26.7
2005	10	25	0	22.4	30.4
2005	10	26	0	23.0	32.2
2005	10	27	0	24.8	31.7
2005	10	28	0	25.5	30.0
2005	10	29	0	24.4	31.6
2005	10	30	0	24.4	32.1
2005	10	31	0	23.0	31.3
2005	11	1	0	21.0	29.5
2005	11	2	0	21.3	30.5
2005	11	3	0	22.5	31.4
2005	11	4	0	21.5	31.1
2005	11	5	0	21.0	31.0
2005	11	6	0	21.7	30.6
2005	11	7	0	21.2	30.5
2005	11	8	0	22.4	29.0
2005	11	9	0	24.2	30.5
2005	11	10	3	24.0	29.8
2005	11	11	0	21.7	30.6
2005	11	12	0	21.0	29.0
2005	11	13	0	17.6	28.7
2005	11	14	0	18.4	28.6
2005	11	15	0	18.7	28.4
2005	11	16	0	19.5	30.0
2005	11	17	0	19.5	30.0
2005	11	18	0	18.8	29.2
2005	11	19	0	16.0	28.0
2005	11	20	0	17.5	28.4
2005	11	21	0	19.7	27.5
2005	11	22	0	19.0	28.2
2005	11	23	0	18.7	28.0
2005	11	24	0	18.8	27.8
2005	11	25	0	18.3	27.0
2005	11	26	0	18.8	26.2
2005	11	27	0	18.0	27.5
2005	11	28	0	18.5	28.9
2005	11	29	0	18.4	28.3
2005	11	30	0	16.3	28.0
2005	12	1	0	16.2	27.4
2005	12	2	0	16.3	27.7
2005	12	3	0	16.6	28.5
2005	12	4	0	18.0	26.6
2005	12	5	0	16.6	26.6
2005	12	6	0	16.2	27.0
2005	12	7	0	16.0	27.5
2005	12	8	0	15.0	27.5
2005	12	9	0	14.3	27.1
2005	12	10	0	13.4	27.5
2005	12	11	0	14.0	27.0
2005	12	12	0	14.5	27.2
2005	12	13	0	16.2	26.8
2005	12	14	0	15.6	27.0
2005	12	15	0	14.0	29.0
2005	12	16	0	15.7	28.8
2005	12	17	0	16.2	27.3
2005	12	18	0	19.0	27.6
2005	12	19	0	16.5	28.2
2005	12	20	0	15.2	27.8
2005	12	21	0	15.2	28.8
2005	12	22	0	20.0	23.3
2005	12	23	0	19.4	26.4
2005	12	24	0	16.5	26.8
2005	12	25	0	16.5	27.2
2005	12	26	0	15.5	25.6
2005	12	27	0	14.0	26.0
2005	12	28	0	13.2	26.9
2005	12	29	0	12.6	26.1
2005	12	30	0	12.2	25.6
2005	12	31	0	14.7	26.5
2006	1	1	0	14.5	27.0
2006	1	2	0	13.2	27.2
2006	1	3	0	13.0	26.7
2006	1	4	0	14.4	26.0
2006	1	5	0	13.9	25.5
2006	1	6	0	14.3	25.4
2006	1	7	0	14.0	24.4
2006	1	8	0	12.6	20.3
2006	1	9	0	12.7	16.2
2006	1	10	0	13.2	19.0
2006	1	11	0	11.0	23.4
2006	1	12	0	11.4	23.8
2006	1	13	0	10.4	24.6
2006	1	14	0	11.7	25.4
2006	1	15	0	13.0	26.0
2006	1	16	0	12.5	24.7
2006	1	17	0	12.8	27.0
2006	1	18	0	14.8	25.8
2006	1	19	0	16.0	28.1
2006	1	20	0	16.2	27.0
2006	1	21	0	12.3	26.7
2006	1	22	0	13.1	25.0
2006	1	23	0	10.4	25.5
2006	1	24	0	12.6	24.0
2006	1	25	0	14.6	25.6
2006	1	26	0	14.2	26.3
2006	1	27	0	15.4	26.5
2006	1	28	0	13.7	28.1
2006	1	29	0	16.6	27.5
2006	1	30	0	13.8	28.0
2006	1	31	0	15.0	28.2
2006	2	1	0	15.4	29.3
2006	2	2	0	16.2	29.3
2006	2	3	0	15.5	30.4
2006	2	4	0	16.8	29.5
2006	2	5	0	15.7	28.5
2006	2	6	0	15.7	29.5
2006	2	7	0	15.5	29.9
2006	2	8	0	16.1	31.7
2006	2	9	0	15.5	30.7
2006	2	10	0	17.4	29.5
2006	2	11	0	15.5	30.4
2006	2	12	0	16.0	31.1
2006	2	13	0	18.3	30.0
2006	2	14	0	20.3	29.5
2006	2	15	0	20.6	31.7
2006	2	16	0	21.8	32.2
2006	2	17	0	21.5	30.7
2006	2	18	0	23.2	31.2
2006	2	19	0	23.0	31.5
2006	2	20	0	23.8	30.2
2006	2	21	0	23.8	30.6
2006	2	22	0	22.7	32.3
2006	2	23	0	22.2	33.0
2006	2	24	0	23.0	34.4
2006	2	25	0	22.0	34.4
2006	2	26	0	22.0	34.5
2006	2	27	0	22.2	35.9
2006	2	28	0	22.0	33.2
2006	3	1	0	22.8	32.4
2006	3	2	0	21.2	31.5
2006	3	3	0	21.7	29.3
2006	3	4	0	17.8	32.0
2006	3	5	0	22.0	31.2
2006	3	6	0	20.5	32.7
2006	3	7	0	23.5	33.1
2006	3	8	0	24.0	33.7
2006	3	9	0	23.5	35.0
2006	3	10	0	23.7	35.2
2006	3	11	0	22.5	26.4
2006	3	12	0	19.0	30.1
2006	3	13	0	20.2	31.6
2006	3	14	0	20.2	32.5
2006	3	15	0	22.0	33.5
2006	3	16	0	22.0	30.7
2006	3	17	0	21.8	32.3
2006	3	18	0	21.5	31.6
2006	3	19	0	17.4	31.7
2006	3	20	0	16.3	32.1
2006	3	21	0	18.0	34.6
2006	3	22	0	23.2	34.5
2006	3	23	0	24.2	34.0
2006	3	24	0	21.2	34.8
2006	3	25	0	22.5	36.4
2006	3	26	0	24.5	38.5
2006	3	27	0	25.5	35.1
2006	3	28	0	25.5	34.7
2006	3	29	0	25.4	36.0
2006	3	30	0	21.3	36.1
2006	3	31	0	25.4	36.0
2006	4	1	0	24.7	34.5
2006	4	2	0	25.2	35.0
2006	4	3	0	25.8	33.9
2006	4	4	0	23.0	32.6
2006	4	5	102	20.7	33.7
2006	4	6	38	20.7	33.8
2006	4	7	3	22.0	33.1
2006	4	8	1	20.2	33.0
2006	4	9	0	25.7	33.0
2006	4	10	0	25.6	33.0
2006	4	11	0	25.8	33.2
2006	4	12	0	26.8	33.8
2006	4	13	0	26.8	34.0
2006	4	14	24	21.3	34.2
2006	4	15	0	26.4	33.2
2006	4	16	0	26.3	33.7
2006	4	17	0	26.5	34.1
2006	4	18	1	22.3	27.8
2006	4	19	6	21.1	31.7
2006	4	20	0	23.0	32.0
2006	4	21	0	21.3	33.5
2006	4	22	2	22.4	34.1
2006	4	23	4	22.3	34.4
2006	4	24	0	25.6	35.2
2006	4	25	0	21.0	35.0
2006	4	26	0	25.7	35.7
2006	4	27	0	22.3	32.2
2006	4	28	0	24.8	35.2
2006	4	29	0	24.8	36.6
2006	4	30	0	24.3	37.1
2006	5	1	0	27.5	36.3
2006	5	2	0	26.6	34.8
2006	5	3	0	26.4	36.0
2006	5	4	0	27.0	36.2
2006	5	5	0	25.5	35.7
2006	5	6	0	24.1	36.5
2006	5	7	10	20.4	28.0
2006	5	8	14	21.0	32.4
2006	5	9	1	26.2	34.4
2006	5	10	2	25.0	36.6
2006	5	11	21	20.6	34.2
2006	5	12	14	22.7	24.0
2006	5	13	40	22.0	31.3
2006	5	14	1	22.3	31.0
2006	5	15	0	23.0	32.0
2006	5	16	0	25.8	34.7
2006	5	17	0	25.8	36.1
2006	5	18	0	27.3	36.5
2006	5	19	0	27.3	36.8
2006	5	20	0	26.4	35.6
2006	5	21	0	26.0	36.0
2006	5	22	3	25.8	35.3
2006	5	23	0	26.7	34.2
2006	5	24	2	25.5	34.5
2006	5	25	18	25.8	36.3
2006	5	26	0	26.0	30.1
2006	5	27	36	23.7	32.2
2006	5	28	4	26.4	30.4
2006	5	29	12	24.1	30.4
2006	5	30	6	26.5	34.5
2006	5	31	1	24.2	33.5
2006	6	1	24	22.7	30.3
2006	6	2	2	22.3	27.0
2006	6	3	35	24.3	32.7
2006	6	4	36	25.2	32.0
2006	6	5	11	26.2	32.4
2006	6	6	2	26.0	30.7
2006	6	7	4	26.4	30.9
2006	6	8	0	27.0	32.2
2006	6	9	2	26.0	28.1
2006	6	10	40	25.5	26.4
2006	6	11	58	25.0	33.8
2006	6	12	0	28.6	33.6
2006	6	13	0	29.0	33.1
2006	6	14	0	28.7	32.0
2006	6	15	2	24.2	33.8
2006	6	16	4	27.6	34.4
2006	6	17	71	22.3	34.0
2006	6	18	0	28.2	35.0
2006	6	19	14	24.2	35.0
2006	6	20	14	23.0	32.7
2006	6	21	2	26.5	33.6
2006	6	22	4	24.8	32.5
2006	6	23	0	27.6	32.9
2006	6	24	0	27.8	31.8
2006	6	25	0	27.5	31.8
2006	6	26	0	27.5	33.2
2006	6	27	0	27.6	33.8
2006	6	28	0	26.8	33.6
2006	6	29	1	27.5	34.0
2006	6	30	0	27.8	34.5
2006	7	1	2	27.4	35.6
2006	7	2	1	28.4	34.0
2006	7	3	0	28.0	33.0
2006	7	4	8	26.5	32.6
2006	7	5	4	27.0	31.5
2006	7	6	19	27.0	30.9
2006	7	7	58	25.6	33.0
2006	7	8	33	25.5	31.2
2006	7	9	1	26.4	31.7
2006	7	10	22	25.2	30.0
2006	7	11	8	24.6	31.0
2006	7	12	91	25.0	33.2
2006	7	13	0	27.5	33.5
2006	7	14	0	27.8	33.3
2006	7	15	0	27.0	32.5
2006	7	16	0	27.2	33.2
2006	7	17	10	26.8	33.0
2006	7	18	2	27.5	33.3
2006	7	19	8	25.3	29.2
2006	7	20	28	26.5	31.5
2006	7	21	2	26.0	30.7
2006	7	22	2	26.2	32.2
2006	7	23	0	26.5	32.6
2006	7	24	0	27.3	34.0
2006	7	25	0	28.0	34.6
2006	7	26	0	28.4	31.0
2006	7	27	0	27.0	33.5
2006	7	28	12	26.0	32.8
2006	7	29	6	26.7	29.3
2006	7	30	9	26.0	32.3
2006	7	31	5	27.0	33.7
2006	8	1	1	27.2	34.0
2006	8	2	1	27.5	34.1
2006	8	3	0	27.3	31.6
2006	8	4	0	26.4	31.6
2006	8	5	0	23.5	26.6
2006	8	6	35	22.7	30.2
2006	8	7	2	25.4	33.8
2006	8	8	1	26.4	31.9
2006	8	9	4	26.0	35.2
2006	8	10	29	25.6	34.4
2006	8	11	1	27.1	35.0
2006	8	12	0	27.8	33.8
2006	8	13	0	27.6	33.2
2006	8	14	1	26.8	32.8
2006	8	15	4	27.5	34.3
2006	8	16	0	27.5	33.8
2006	8	17	0	27.5	32.4
2006	8	18	1	27.0	33.0
2006	8	19	0	27.3	30.8
2006	8	20	17	26.4	33.0
2006	8	21	34	25.4	33.0
2006	8	22	0	25.8	30.4
2006	8	23	11	26.0	29.0
2006	8	24	6	26.5	32.4
2006	8	25	0	27.2	33.0
2006	8	26	1	27.3	32.5
2006	8	27	0	27.3	33.5
2006	8	28	1	26.2	33.3
2006	8	29	8	26.5	31.4
2006	8	30	8	26.8	32.4
2006	8	31	1	27.2	32.2
2006	9	1	7	26.2	34.1
2006	9	2	0	27.9	33.0
2006	9	3	17	25.0	32.8
2006	9	4	0	25.6	32.4
2006	9	5	0	26.5	33.6
2006	9	6	0	26.8	33.8
2006	9	7	0	27.8	34.2
2006	9	8	0	28.1	32.6
2006	9	9	35	25.6	32.3
2006	9	10	0	26.0	29.6
2006	9	11	40	23.8	28.2
2006	9	12	185	24.6	29.9
2006	9	13	12	24.0	32.8
2006	9	14	0	26.4	33.8
2006	9	15	8	26.6	33.2
2006	9	16	0	26.5	34.3
2006	9	17	0	27.0	32.0
2006	9	18	0	26.2	34.8
2006	9	19	15	25.3	33.0
2006	9	20	5	25.2	26.4
2006	9	21	25	24.2	25.3
2006	9	22	114	24.0	27.0
2006	9	23	86	24.2	27.8
2006	9	24	99	25.0	31.6
2006	9	25	0	26.3	31.2
2006	9	26	0	26.0	32.0
2006	9	27	0	25.4	34.2
2006	9	28	0	27.5	35.7
2006	9	29	14	25.5	33.5
2006	9	30	1	25.5	32.6
2006	10	1	1	26.7	31.1
2006	10	2	0	24.5	33.0
2006	10	3	2	26.7	34.7
2006	10	4	0	28.0	34.6
2006	10	5	0	28.1	32.3
2006	10	6	0	25.3	32.1
2006	10	7	20	24.0	33.3
2006	10	8	0	25.8	33.4
2006	10	9	0	25.8	34.5
2006	10	10	0	25.8	34.1
2006	10	11	0	27.0	33.6
2006	10	12	1	26.2	33.0
2006	10	13	7	26.8	30.7
2006	10	14	13	24.6	32.1
2006	10	15	4	24.8	31.8
2006	10	16	0	25.2	32.5
2006	10	17	1	25.4	33.5
2006	10	18	9	22.0	31.5
2006	10	19	0	24.3	29.9
2006	10	20	0	23.5	30.9
2006	10	21	3	21.8	31.9
2006	10	22	0	23.0	31.5
2006	10	23	0	23.8	32.0
2006	10	24	0	23.4	31.8
2006	10	25	0	22.3	32.0
2006	10	26	0	22.6	33.1
2006	10	27	0	22.7	33.0
2006	10	28	0	24.2	30.0
2006	10	29	0	23.2	32.8
2006	10	30	0	23.2	30.0
2006	10	31	0	24.0	29.3
2006	11	1	0	24.0	27.1
2006	11	2	2	22.3	31.5
2006	11	3	0	22.4	32.6
2006	11	4	0	22.5	32.5
2006	11	5	0	23.6	29.7
2006	11	6	0	23.2	30.9
2006	11	7	0	23.4	30.4
2006	11	8	0	21.3	30.9
2006	11	9	0	23.0	27.9
2006	11	10	0	23.6	27.8
2006	11	11	0	22.7	30.0
2006	11	12	1	20.7	29.3
2006	11	13	0	20.2	30.4
2006	11	14	0	20.0	30.0
2006	11	15	0	13.3	31.2
2006	11	16	0	19.2	30.8
2006	11	17	0	20.5	30.2
2006	11	18	0	20.3	30.6
2006	11	19	0	18.6	29.7
2006	11	20	0	19.5	30.3
2006	11	21	0	18.3	30.7
2006	11	22	0	17.4	29.2
2006	11	23	0	17.3	29.5
2006	11	24	0	18.2	30.7
2006	11	25	0	21.4	30.5
2006	11	26	0	18.5	28.8
2006	11	27	2	17.5	27.8
2006	11	28	0	14.8	26.3
2006	11	29	0	15.0	26.1
2006	11	30	0	15.3	26.5
2006	12	1	0	15.0	26.9
2006	12	2	0	13.7	26.5
2006	12	3	0	16.0	26.5
2006	12	4	0	15.8	26.8
2006	12	5	0	15.1	27.1
2006	12	6	0	15.5	27.9
2006	12	7	0	15.8	28.3
2006	12	8	0	15.6	27.9
2006	12	9	0	16.5	28.3
2006	12	10	0	16.4	27.7
2006	12	11	0	16.6	27.7
2006	12	12	0	18.8	28.3
2006	12	13	0	16.2	25.3
2006	12	14	0	15.0	24.9
2006	12	15	0	15.8	25.6
2006	12	16	0	14.8	27.2
2006	12	17	0	16.5	30.1
2006	12	18	0	17.0	26.5
2006	12	19	0	17.5	26.6
2006	12	20	0	16.4	28.9
2006	12	21	0	17.0	29.3
2006	12	22	0	16.6	28.3
2006	12	23	0	17.5	28.3
2006	12	24	0	18.2	26.6
2006	12	25	0	16.4	26.2
2006	12	26	0	16.2	25.9
2006	12	27	0	12.8	26.5
2006	12	28	0	12.6	25.7
2006	12	29	0	14.0	23.7
2006	12	30	0	14.4	23.3
2006	12	31	0	15.2	24.5
2007	1	1	0	11.3	25.0
2007	1	2	0	12.0	24.0
2007	1	3	0	11.0	22.9
2007	1	4	0	10.5	18.1
2007	1	5	0	9.7	20.0
2007	1	6	0	12.8	22.1
2007	1	7	0	12.0	18.9
2007	1	8	0	12.2	23.0
2007	1	9	0	12.1	20.7
2007	1	10	0	11.6	24.5
2007	1	11	0	12.0	24.6
2007	1	12	0	11.5	25.2
2007	1	13	0	12.6	24.5
2007	1	14	0	12.4	23.1
2007	1	15	0	9.6	24.0
2007	1	16	0	9.6	25.0
2007	1	17	0	11.0	25.7
2007	1	18	0	10.8	24.6
2007	1	19	0	12.8	24.0
2007	1	20	0	11.2	25.6
2007	1	21	0	12.6	25.6
2007	1	22	0	12.3	26.6
2007	1	23	0	11.6	25.6
2007	1	24	0	13.4	25.7
2007	1	25	0	14.8	26.5
2007	1	26	0	15.0	27.5
2007	1	27	0	13.8	25.7
2007	1	28	0	14.2	28.8
2007	1	29	0	14.7	28.1
2007	1	30	0	17.2	27.8
2007	1	31	0	18.6	28.0
2007	2	1	0	19.0	27.4
2007	2	2	0	18.8	26.2
2007	2	3	0	17.8	25.0
2007	2	4	0	18.2	27.8
2007	2	5	10	17.5	27.4
2007	2	6	0	17.2	24.5
2007	2	7	0	17.4	25.9
2007	2	8	3	16.8	24.7
2007	2	9	4	17.0	27.1
2007	2	10	0	17.6	28.3
2007	2	11	0	16.8	29.4
2007	2	12	0	19.0	25.6
2007	2	13	0	16.7	24.9
2007	2	14	9	16.0	22.5
2007	2	15	4	16.2	24.5
2007	2	16	0	12.6	25.5
2007	2	17	0	16.3	26.9
2007	2	18	0	14.2	26.7
2007	2	19	0	15.3	26.9
2007	2	20	0	13.2	26.8
2007	2	21	0	14.2	28.0
2007	2	22	0	15.6	28.5
2007	2	23	0	17.2	29.3
2007	2	24	0	16.3	30.0
2007	2	25	0	17.2	30.8
2007	2	26	0	19.2	28.1
2007	2	27	0	17.4	29.6
2007	2	28	0	18.4	30.7
2007	3	1	0	18.8	27.8
2007	3	2	9	18.2	22.4
2007	3	3	1	17.6	28.0
2007	3	4	0	16.9	27.8
2007	3	5	0	16.0	28.3
2007	3	6	0	15.6	29.2
2007	3	7	0	15.5	28.7
2007	3	8	0	15.1	29.0
2007	3	9	0	15.0	30.3
2007	3	10	0	16.3	32.0
2007	3	11	0	20.7	33.3
2007	3	12	0	23.0	33.6
2007	3	13	0	21.6	32.2
2007	3	14	0	21.7	29.4
2007	3	15	0	19.4	29.8
2007	3	16	0	18.8	28.1
2007	3	17	0	16.3	29.6
2007	3	18	0	15.8	30.1
2007	3	19	0	17.5	32.0
2007	3	20	0	19.4	34.2
2007	3	21	0	24.0	32.6
2007	3	22	0	23.3	32.8
2007	3	23	1	22.6	33.4
2007	3	24	0	25.3	34.2
2007	3	25	0	24.4	34.0
2007	3	26	0	20.8	35.0
2007	3	27	0	20.2	35.0
2007	3	28	0	20.0	34.9
2007	3	29	0	21.4	35.8
2007	3	30	0	22.4	36.7
2007	3	31	0	24.3	36.1
2007	4	1	0	24.6	35.5
2007	4	2	0	25.5	35.9
2007	4	3	0	26.2	35.8
2007	4	4	0	26.8	35.0
2007	4	5	0	26.0	34.5
2007	4	6	0	25.2	34.5
2007	4	7	0	25.6	34.8
2007	4	8	0	22.5	34.7
2007	4	9	0	25.8	34.7
2007	4	10	0	24.5	35.0
2007	4	11	0	21.8	27.5
2007	4	12	2	20.2	25.4
2007	4	13	1	18.1	31.4
2007	4	14	0	23.7	32.2
2007	4	15	0	24.5	33.8
2007	4	16	0	25.5	35.3
2007	4	17	0	25.2	32.4
2007	4	18	0	24.6	34.5
2007	4	19	20	23.4	35.1
2007	4	20	0	25.2	34.9
2007	4	21	0	26.2	33.7
2007	4	22	15	23.6	35.0
2007	4	23	63	19.7	35.0
2007	4	24	23	19.0	34.7
2007	4	25	3	21.5	33.0
2007	4	26	0	24.1	33.6
2007	4	27	35	20.8	29.9
2007	4	28	1	22.1	33.3
2007	4	29	0	24.2	33.5
2007	4	30	0	24.3	35.3
2007	5	1	0	26.0	36.8
2007	5	2	0	26.4	37.5
2007	5	3	0	26.0	36.0
2007	5	4	0	25.0	36.0
2007	5	5	0	28.0	37.3
2007	5	6	0	25.6	37.0
2007	5	7	2	24.8	34.3
2007	5	8	21	25.0	34.9
2007	5	9	0	26.2	33.0
2007	5	10	7	25.3	35.5
2007	5	11	0	27.4	35.3
2007	5	12	2	23.5	34.0
2007	5	13	1	23.3	35.7
2007	5	14	0	25.7	28.5
2007	5	15	2	22.5	26.1
2007	5	16	1	23.3	34.0
2007	5	17	0	26.3	34.2
2007	5	18	1	26.5	34.4
2007	5	19	1	24.3	33.5
2007	5	20	64	25.0	32.0
2007	5	21	50	24.8	34.5
2007	5	22	4	25.4	34.3
2007	5	23	0	29.2	35.7
2007	5	24	0	28.6	33.7
2007	5	25	29	22.5	35.0
2007	5	26	0	25.5	35.7
2007	5	27	0	28.6	35.0
2007	5	28	0	26.5	36.3
2007	5	29	0	28.5	37.0
2007	5	30	0	28.7	37.4
2007	5	31	0	28.5	37.1
2007	6	1	0	28.5	35.9
2007	6	2	20	23.6	35.3
2007	6	3	0	28.5	33.2
2007	6	4	1	22.0	32.8
2007	6	5	61	22.5	26.5
2007	6	6	34	22.4	30.8
2007	6	7	27	22.8	33.6
2007	6	8	102	24.8	31.8
2007	6	9	3	25.3	29.5
2007	6	10	18	23.0	24.6
2007	6	11	152	22.5	30.0
2007	6	12	30	24.0	32.0
2007	6	13	13	25.7	32.0
2007	6	14	0	26.0	34.6
2007	6	15	0	27.0	32.2
2007	6	16	36	23.8	31.0
2007	6	17	52	23.5	31.8
2007	6	18	19	25.3	33.5
2007	6	19	0	28.0	34.8
2007	6	20	0	27.7	34.4
2007	6	21	22	26.3	35.9
2007	6	22	0	27.7	32.7
2007	6	23	30	26.0	32.6
2007	6	24	2	26.0	33.7
2007	6	25	0	27.4	34.6
2007	6	26	0	27.8	34.5
2007	6	27	0	27.6	35.8
2007	6	28	1	27.5	32.2
2007	6	29	3	26.2	29.8
2007	6	30	2	26.7	32.7
2007	7	1	0	25.3	31.6
2007	7	2	18	26.2	31.1
2007	7	3	1	26.8	33.3
2007	7	4	6	26.8	30.8
2007	7	5	6	25.6	30.8
2007	7	6	17	25.3	31.0
2007	7	7	1	26.7	31.3
2007	7	8	19	25.0	32.2
2007	7	9	12	26.4	33.5
2007	7	10	0	28.2	34.7
2007	7	11	18	25.7	34.1
2007	7	12	0	27.7	34.6
2007	7	13	0	28.2	34.8
2007	7	14	0	28.8	33.8
2007	7	15	15	25.8	32.7
2007	7	16	70	26.6	31.4
2007	7	17	25	26.6	31.8
2007	7	18	2	28.0	32.3
2007	7	19	15	25.2	29.7
2007	7	20	16	24.5	30.3
2007	7	21	32	25.0	25.9
2007	7	22	72	23.4	25.7
2007	7	23	136	23.8	32.4
2007	7	24	80	24.6	29.7
2007	7	25	41	24.0	30.9
2007	7	26	27	24.0	28.0
2007	7	27	63	23.6	28.8
2007	7	28	9	25.0	31.8
2007	7	29	48	24.5	30.3
2007	7	30	0	26.4	33.2
2007	7	31	4	25.6	32.5
2007	8	1	38	25.3	31.3
2007	8	2	4	24.2	31.7
2007	8	3	0	26.4	33.7
2007	8	4	0	27.4	34.5
2007	8	5	0	28.3	35.5
2007	8	6	8	26.8	33.5
2007	8	7	3	26.2	32.1
2007	8	8	6	26.2	32.5
2007	8	9	10	26.3	35.8
2007	8	10	0	28.0	35.9
2007	8	11	6	26.8	32.8
2007	8	12	9	27.0	29.5
2007	8	13	4	27.0	30.5
2007	8	14	59	26.3	31.8
2007	8	15	9	26.2	31.0
2007	8	16	37	24.8	30.7
2007	8	17	8	26.0	30.4
2007	8	18	61	25.6	32.7
2007	8	19	0	26.2	32.3
2007	8	20	0	26.2	33.6
2007	8	21	29	25.8	32.8
2007	8	22	11	26.4	34.0
2007	8	23	0	27.8	33.3
2007	8	24	0	27.7	30.5
2007	8	25	119	24.6	30.3
2007	8	26	1	26.0	31.8
2007	8	27	63	25.0	32.5
2007	8	28	0	26.4	32.6
2007	8	29	1	27.2	31.8
2007	8	30	1	28.0	33.1
2007	8	31	18	26.6	33.9
2007	9	1	0	27.8	33.6
2007	9	2	1	28.0	33.3
2007	9	3	0	27.8	33.3
2007	9	4	1	26.0	30.7
2007	9	5	18	26.4	30.8
2007	9	6	35	25.2	30.2
2007	9	7	6	26.4	28.8
2007	9	8	15	26.0	27.0
2007	9	9	14	25.6	31.6
2007	9	10	0	26.8	31.4
2007	9	11	57	24.5	31.7
2007	9	12	14	25.7	33.3
2007	9	13	2	26.0	33.2
2007	9	14	0	26.9	33.1
2007	9	15	1	26.7	31.1
2007	9	16	3	26.5	33.5
2007	9	17	0	27.6	32.1
2007	9	18	4	27.0	32.7
2007	9	19	0	26.0	34.8
2007	9	20	1	26.3	34.9
2007	9	21	0	27.1	34.8
2007	9	22	0	28.3	32.7
2007	9	23	0	27.0	29.1
2007	9	24	3	24.6	29.8
2007	9	25	2	25.5	30.0
2007	9	26	2	25.9	33.7
2007	9	27	0	26.6	33.8
2007	9	28	0	26.5	32.5
2007	9	29	0	26.5	32.3
2007	9	30	0	26.9	31.7
2007	10	1	3	26.4	33.8
2007	10	2	10	26.4	32.8
2007	10	3	0	26.8	34.2
2007	10	4	0	27.2	34.9
2007	10	5	0	27.4	35.0
2007	10	6	0	28.8	35.6
2007	10	7	0	28.9	33.6
2007	10	8	28	25.0	27.5
2007	10	9	142	24.2	28.3
2007	10	10	16	23.5	32.4
2007	10	11	0	26.0	30.9
2007	10	12	0	25.6	32.7
2007	10	13	0	25.8	32.5
2007	10	14	0	24.5	31.0
2007	10	15	2	24.0	29.0
2007	10	16	69	22.4	25.6
2007	10	17	1	23.4	31.8
2007	10	18	0	25.4	28.6
2007	10	19	46	21.5	31.3
2007	10	20	3	22.8	31.3
2007	10	21	0	21.5	31.8
2007	10	22	0	22.0	31.6
2007	10	23	0	21.8	30.9
2007	10	24	0	20.9	31.5
2007	10	25	0	19.5	31.8
2007	10	26	0	19.5	31.5
2007	10	27	0	20.5	30.7
2007	10	28	0	20.4	30.5
2007	10	29	0	20.7	30.5
2007	10	30	0	20.8	32.0
2007	10	31	0	25.3	30.8
2007	11	1	2	24.0	29.8
2007	11	2	1	24.8	27.8
2007	11	3	0	22.0	31.8
2007	11	4	0	23.1	30.4
2007	11	5	12	21.0	30.3
2007	11	6	0	21.6	30.3
2007	11	7	0	22.3	30.9
2007	11	8	0	22.1	30.6
2007	11	9	0	22.0	30.3
2007	11	10	0	22.5	31.0
2007	11	11	0	21.8	31.0
2007	11	12	0	21.0	30.7
2007	11	13	0	20.2	31.3
2007	11	14	0	19.0	29.3
2007	11	15	1	19.4	21.2
2007	11	16	95	18.0	23.3
2007	11	17	0	20.0	25.9
2007	11	18	0	18.6	28.8
2007	11	19	0	18.4	29.6
2007	11	20	0	17.6	29.0
2007	11	21	0	17.4	28.7
2007	11	22	0	18.0	29.7
2007	11	23	0	16.8	29.9
2007	11	24	0	18.5	29.3
2007	11	25	0	17.5	29.8
2007	11	26	0	17.2	28.8
2007	11	27	0	18.4	28.3
2007	11	28	0	18.0	27.5
2007	11	29	0	18.4	27.9
2007	11	30	0	18.0	28.3
2007	12	1	0	18.0	28.0
2007	12	2	0	16.9	27.3
2007	12	3	0	19.1	26.7
2007	12	4	0	16.7	26.8
2007	12	5	0	17.3	26.3
2007	12	6	0	15.8	28.2
2007	12	7	0	16.0	28.0
2007	12	8	0	16.0	27.2
2007	12	9	0	16.8	26.0
2007	12	10	0	14.0	26.0
2007	12	11	0	13.8	26.3
2007	12	12	0	13.2	26.6
2007	12	13	0	14.6	26.9
2007	12	14	0	15.2	26.3
2007	12	15	0	19.0	25.3
2007	12	16	0	16.5	25.8
2007	12	17	0	13.7	23.7
2007	12	18	0	14.0	25.3
2007	12	19	0	15.0	25.6
2007	12	20	0	14.7	25.2
2007	12	21	0	11.5	23.6
2007	12	22	0	11.3	24.8
2007	12	23	0	13.2	24.3
2007	12	24	0	12.4	24.5
2007	12	25	0	13.4	25.0
2007	12	26	0	13.7	26.0
2007	12	27	0	14.5	24.8
2007	12	28	0	14.6	24.8
2007	12	29	0	14.2	24.5
2007	12	30	0	15.4	25.3
2007	12	31	0	15.5	25.0
2008	1	1	0	15.2	25.6
2008	1	2	0	15.3	26.2
2008	1	3	0	14.9	26.9
2008	1	4	0	15.2	27.2
2008	1	5	0	16.2	26.3
2008	1	6	0	14.4	26.5
2008	1	7	0	15.5	26.3
2008	1	8	0	14.8	26.8
2008	1	9	0	14.4	26.9
2008	1	10	0	14.5	27.7
2008	1	11	0	15.1	29.0
2008	1	12	0	14.5	26.6
2008	1	13	0	14.2	24.3
2008	1	14	0	13.4	23.5
2008	1	15	0	11.8	23.6
2008	1	16	0	12.1	24.7
2008	1	17	0	13.8	25.6
2008	1	18	0	14.3	25.2
2008	1	19	0	15.0	27.2
2008	1	20	0	18.3	26.3
2008	1	21	0	19.4	25.5
2008	1	22	0	14.2	24.0
2008	1	23	0	13.7	23.5
2008	1	24	0	15.7	19.1
2008	1	25	4	15.3	17.7
2008	1	26	12	15.7	19.3
2008	1	27	7	15.1	22.1
2008	1	28	0	11.4	22.6
2008	1	29	0	10.5	22.8
2008	1	30	0	12.8	19.0
2008	1	31	0	12.3	20.4
2008	2	1	0	13.2	22.1
2008	2	2	0	11.5	22.3
2008	2	3	0	12.6	23.5
2008	2	4	0	11.7	25.5
2008	2	5	0	13.3	26.3
2008	2	6	0	16.5	28.0
2008	2	7	0	19.2	28.3
2008	2	8	0	18.9	28.4
2008	2	9	0	20.4	21.4
2008	2	10	2	18.6	25.3
2008	2	11	0	14.5	25.0
2008	2	12	0	12.0	24.0
2008	2	13	0	11.6	23.9
2008	2	14	0	10.8	24.3
2008	2	15	0	12.4	24.1
2008	2	16	0	11.0	25.1
2008	2	17	0	12.9	26.1
2008	2	18	0	15.5	27.7
2008	2	19	0	18.5	27.3
2008	2	20	54	15.8	23.7
2008	2	21	0	15.3	25.9
2008	2	22	0	14.6	28.1
2008	2	23	0	14.4	28.5
2008	2	24	0	16.3	29.8
2008	2	25	0	19.7	27.3
2008	2	26	0	20.3	27.6
2008	2	27	0	18.4	27.8
2008	2	28	0	15.2	28.1
2008	2	29	0	15.8	30.6
2008	3	1	0	17.0	29.7
2008	3	2	0	18.7	30.1
2008	3	3	0	21.6	30.3
2008	3	4	8	16.5	29.6
2008	3	5	12	16.5	29.0
2008	3	6	0	18.8	28.1
2008	3	7	0	20.1	28.1
2008	3	8	0	20.0	30.8
2008	3	9	0	21.9	31.8
2008	3	10	0	22.6	31.5
2008	3	11	0	22.5	31.5
2008	3	12	0	22.0	32.9
2008	3	13	0	23.0	32.2
2008	3	14	0	24.1	31.5
2008	3	15	0	23.6	33.4
2008	3	16	1	23.8	33.3
2008	3	17	0	21.0	33.7
2008	3	18	0	23.3	34.6
2008	3	19	0	24.2	33.8
2008	3	20	6	21.2	32.0
2008	3	21	6	21.2	30.8
2008	3	22	0	24.8	32.6
2008	3	23	0	24.2	30.3
2008	3	24	0	22.8	29.6
2008	3	25	0	21.3	32.7
2008	3	26	0	23.2	31.8
2008	3	27	0	24.8	33.2
2008	3	28	12	22.8	32.5
2008	3	29	0	24.8	33.0
2008	3	30	0	23.5	32.9
2008	3	31	0	25.0	34.0
2008	4	1	0	23.2	32.4
2008	4	2	0	21.5	32.8
2008	4	3	33	21.5	32.6
2008	4	4	25	19.6	27.6
2008	4	5	0	20.7	32.0
2008	4	6	0	22.7	32.6
2008	4	7	0	22.5	32.3
2008	4	8	0	21.2	32.6
2008	4	9	0	20.7	33.5
2008	4	10	0	20.8	35.0
2008	4	11	0	25.0	36.7
2008	4	12	0	25.2	36.0
2008	4	13	0	25.3	34.7
2008	4	14	25	22.0	33.7
2008	4	15	0	26.2	33.8
2008	4	16	0	26.5	34.0
2008	4	17	0	26.6	35.1
2008	4	18	8	22.8	35.1
2008	4	19	0	27.0	36.2
2008	4	20	0	27.4	36.4
2008	4	21	0	26.7	36.6
2008	4	22	0	26.4	36.9
2008	4	23	0	26.8	36.9
2008	4	24	0	26.5	36.1
2008	4	25	0	26.4	36.0
2008	4	26	0	26.3	35.6
2008	4	27	0	26.8	34.3
2008	4	28	0	27.2	35.1
2008	4	29	0	27.8	35.7
2008	4	30	0	26.1	36.2
2008	5	1	0	27.4	35.8
2008	5	2	0	24.2	35.8
2008	5	3	5	22.0	35.7
2008	5	4	22	23.0	34.1
2008	5	5	0	25.4	35.0
2008	5	6	15	20.3	33.7
2008	5	7	0	26.4	35.5
2008	5	8	1	25.2	35.5
2008	5	9	23	22.6	33.9
2008	5	10	0	22.2	33.9
2008	5	11	2	23.4	34.8
2008	5	12	0	26.2	35.3
2008	5	13	0	26.9	36.7
2008	5	14	2	25.8	35.0
2008	5	15	0	26.8	35.6
2008	5	16	0	27.8	34.8
2008	5	17	7	26.0	34.7
2008	5	18	0	26.0	35.0
2008	5	19	32	21.8	34.0
2008	5	20	1	23.5	32.3
2008	5	21	0	26.6	35.2
2008	5	22	0	27.2	35.2
2008	5	23	4	24.0	34.8
2008	5	24	0	26.2	35.3
2008	5	25	3	24.2	31.4
2008	5	26	3	24.5	33.0
2008	5	27	68	23.2	32.4
2008	5	28	0	25.6	34.8
2008	5	29	15	25.2	35.0
2008	5	30	0	26.4	35.8
2008	5	31	2	25.2	35.0
2008	6	1	0	27.3	35.4
2008	6	2	0	28.1	32.6
2008	6	3	85	22.5	33.5
2008	6	4	5	26.8	34.4
2008	6	5	22	23.0	30.5
2008	6	6	0	26.0	32.7
2008	6	7	14	25.7	33.3
2008	6	8	0	26.8	31.0
2008	6	9	35	25.7	31.6
2008	6	10	7	25.7	30.0
2008	6	11	1	26.5	32.1
2008	6	12	12	27.4	34.2
2008	6	13	0	27.8	34.2
2008	6	14	0	28.0	33.9
2008	6	15	0	27.8	35.3
2008	6	16	2	26.6	32.6
2008	6	17	1	26.0	29.1
2008	6	18	27	24.8	31.2
2008	6	19	22	26.0	28.5
2008	6	20	10	24.6	30.3
2008	6	21	9	24.6	-99.9
2008	6	22	0	27.3	33.4
2008	6	23	0	27.8	32.9
2008	6	24	0	26.5	32.7
2008	6	25	3	27.2	34.2
2008	6	26	0	27.5	32.8
2008	6	27	0	27.3	32.0
2008	6	28	3	26.6	33.3
2008	6	29	111	25.0	31.3
2008	6	30	40	26.2	30.0
2008	7	1	38	24.8	29.3
2008	7	2	88	25.4	30.4
2008	7	3	1	27.0	29.5
2008	7	4	61	24.6	32.1
2008	7	5	10	26.5	30.4
2008	7	6	3	25.8	32.7
2008	7	7	1	25.6	31.8
2008	7	8	1	25.5	30.5
2008	7	9	1	26.5	32.9
2008	7	10	63	25.5	32.2
2008	7	11	11	26.6	31.6
2008	7	12	56	26.6	32.8
2008	7	13	30	26.4	31.5
2008	7	14	3	26.5	30.3
2008	7	15	28	25.2	30.8
2008	7	16	46	25.0	30.0
2008	7	17	32	26.0	31.5
2008	7	18	4	26.8	31.0
2008	7	19	5	26.7	31.4
2008	7	20	13	26.8	30.1
2008	7	21	59	25.0	31.7
2008	7	22	0	27.4	32.8
2008	7	23	0	27.2	32.8
2008	7	24	0	27.4	34.0
2008	7	25	0	27.7	33.8
2008	7	26	0	27.6	34.0
2008	7	27	3	27.2	33.1
2008	7	28	6	25.6	33.0
2008	7	29	0	27.2	31.8
2008	7	30	0	27.4	32.5
2008	7	31	0	27.2	32.7
2008	8	1	0	27.3	32.7
2008	8	2	4	27.5	33.9
2008	8	3	1	25.6	30.4
2008	8	4	7	27.0	31.8
2008	8	5	2	27.3	30.7
2008	8	6	18	25.8	32.8
2008	8	7	0	27.6	34.0
2008	8	8	0	27.8	36.0
2008	8	9	5	26.5	32.8
2008	8	10	7	25.8	31.4
2008	8	11	65	26.0	30.3
2008	8	12	19	26.0	32.0
2008	8	13	12	26.5	31.0
2008	8	14	8	26.5	32.5
2008	8	15	8	27.0	32.0
2008	8	16	0	27.0	31.6
2008	8	17	5	27.3	32.0
2008	8	18	10	26.6	30.7
2008	8	19	26	25.2	29.5
2008	8	20	48	25.4	31.8
2008	8	21	1	26.7	31.9
2008	8	22	0	26.5	32.9
2008	8	23	0	26.6	33.3
2008	8	24	13	27.0	33.0
2008	8	25	0	27.5	33.2
2008	8	26	0	27.8	33.1
2008	8	27	8	26.5	32.9
2008	8	28	3	26.6	29.6
2008	8	29	39	23.6	30.7
2008	8	30	9	25.0	30.9
2008	8	31	1	25.8	33.5
2008	9	1	0	27.6	33.1
2008	9	2	0	27.8	31.1
2008	9	3	0	27.4	33.4
2008	9	4	2	27.0	31.6
2008	9	5	7	26.8	31.0
2008	9	6	0	26.2	32.3
2008	9	7	0	26.6	33.3
2008	9	8	35	25.0	31.9
2008	9	9	10	26.2	32.3
2008	9	10	0	26.6	34.0
2008	9	11	0	28.0	33.9
2008	9	12	5	25.5	34.1
2008	9	13	1	27.6	32.8
2008	9	14	3	24.6	34.0
2008	9	15	0	26.7	34.8
2008	9	16	26	24.4	31.5
2008	9	17	0	27.2	31.3
2008	9	18	3	26.1	31.8
2008	9	19	12	26.4	32.0
2008	9	20	44	25.3	32.3
2008	9	21	1	26.7	31.6
2008	9	22	34	25.1	32.5
2008	9	23	20	25.0	31.8
2008	9	24	5	25.8	32.5
2008	9	25	0	26.2	33.2
2008	9	26	0	26.8	33.7
2008	9	27	58	24.8	31.8
2008	9	28	13	25.7	30.8
2008	9	29	0	26.6	33.6
2008	9	30	0	25.4	33.2
2008	10	1	0	25.6	34.1
2008	10	2	0	27.4	31.6
2008	10	3	27	24.1	31.3
2008	10	4	6	25.4	31.8
2008	10	5	1	26.2	31.9
2008	10	6	8	24.4	30.2
2008	10	7	0	24.4	31.8
2008	10	8	0	24.6	32.7
2008	10	9	33	23.0	31.9
2008	10	10	26	24.8	31.7
2008	10	11	0	24.6	33.3
2008	10	12	0	24.8	33.5
2008	10	13	0	24.8	32.5
2008	10	14	0	24.2	33.8
2008	10	15	0	25.2	33.8
2008	10	16	0	25.5	34.4
2008	10	17	0	25.4	34.8
2008	10	18	0	25.5	34.3
2008	10	19	0	23.5	33.8
2008	10	20	0	25.4	34.1
2008	10	21	0	24.6	33.8
2008	10	22	0	25.0	33.0
2008	10	23	0	25.0	33.7
2008	10	24	0	26.2	27.5
2008	10	25	3	21.8	23.5
2008	10	26	47	20.5	21.3
2008	10	27	76	19.2	22.5
2008	10	28	0	18.0	28.5
2008	10	29	0	18.9	29.6
2008	10	30	0	19.2	31.3
2008	10	31	0	20.3	31.3
2008	11	1	0	21.2	31.8
2008	11	2	0	21.3	31.5
2008	11	3	0	22.2	32.0
2008	11	4	0	21.6	30.3
2008	11	5	0	22.5	31.1
2008	11	6	0	21.2	30.8
2008	11	7	0	20.8	32.3
2008	11	8	0	21.4	31.6
2008	11	9	0	20.0	30.8
2008	11	10	0	19.9	30.6
2008	11	11	0	19.5	30.0
2008	11	12	0	18.8	29.7
2008	11	13	0	18.5	29.0
2008	11	14	0	19.0	28.3
2008	11	15	0	18.0	28.4
2008	11	16	0	18.4	28.6
2008	11	17	0	17.3	28.3
2008	11	18	0	17.2	28.6
2008	11	19	0	17.5	29.5
2008	11	20	0	18.5	29.5
2008	11	21	0	18.5	30.7
2008	11	22	0	19.8	28.5
2008	11	23	0	18.2	28.0
2008	11	24	0	17.8	27.7
2008	11	25	0	16.6	27.1
2008	11	26	0	16.3	29.6
2008	11	27	0	17.2	30.0
2008	11	28	0	17.0	28.8
2008	11	29	0	16.8	28.8
2008	11	30	0	16.9	29.5
2008	12	1	0	18.4	28.5
2008	12	2	0	18.0	28.0
2008	12	3	0	18.7	28.4
2008	12	4	0	18.6	27.6
2008	12	5	0	17.8	28.9
2008	12	6	0	18.4	28.8
2008	12	7	0	18.7	28.0
2008	12	8	0	18.5	28.3
2008	12	9	0	18.6	28.9
2008	12	10	0	18.4	28.9
2008	12	11	0	17.8	28.8
2008	12	12	0	18.8	28.9
2008	12	13	0	17.6	29.0
2008	12	14	0	18.0	27.3
2008	12	15	0	18.8	24.8
2008	12	16	0	16.5	22.5
2008	12	17	0	16.6	20.1
2008	12	18	0	15.8	21.0
2008	12	19	0	16.2	19.4
2008	12	20	0	15.5	20.0
2008	12	21	0	15.2	20.6
2008	12	22	0	15.5	23.3
2008	12	23	0	18.0	24.0
2008	12	24	0	17.4	24.3
2008	12	25	0	16.0	24.8
2008	12	26	0	14.8	23.6
2008	12	27	0	15.0	24.3
2008	12	28	0	15.2	24.0
2008	12	29	0	14.0	25.9
2008	12	30	0	14.0	25.7
2008	12	31	0	13.0	26.2
2009	1	1	0	12.4	25.6
2009	1	2	0	12.7	25.9
2009	1	3	0	12.8	25.0
2009	1	4	0	12.5	25.1
2009	1	5	0	11.1	25.2
2009	1	6	0	14.9	25.7
2009	1	7	0	15.7	26.4
2009	1	8	0	16.8	28.0
2009	1	9	0	15.4	28.0
2009	1	10	0	14.2	26.8
2009	1	11	0	14.5	26.9
2009	1	12	0	15.4	26.3
2009	1	13	0	15.0	22.6
2009	1	14	0	14.6	21.8
2009	1	15	0	13.6	25.6
2009	1	16	0	14.0	27.0
2009	1	17	0	13.7	27.0
2009	1	18	0	14.5	27.6
2009	1	19	0	15.3	28.0
2009	1	20	0	15.6	26.7
2009	1	21	0	14.3	25.5
2009	1	22	0	14.0	22.5
2009	1	23	0	14.0	23.1
2009	1	24	0	15.0	23.8
2009	1	25	0	15.6	25.9
2009	1	26	0	17.3	28.1
2009	1	27	1	20.2	25.8
2009	1	28	0	20.0	27.6
2009	1	29	0	15.4	27.6
2009	1	30	0	14.4	25.9
2009	1	31	0	15.2	26.5
2009	2	1	0	14.6	26.3
2009	2	2	0	12.2	27.1
2009	2	3	0	13.4	27.3
2009	2	4	0	13.4	26.3
2009	2	5	0	14.9	28.5
2009	2	6	0	15.4	29.5
2009	2	7	0	16.0	30.2
2009	2	8	0	17.5	30.0
2009	2	9	0	16.8	29.0
2009	2	10	0	14.5	28.8
2009	2	11	0	15.0	29.2
2009	2	12	0	16.8	29.8
2009	2	13	1	18.8	28.5
2009	2	14	0	16.5	28.5
2009	2	15	0	15.6	28.9
2009	2	16	0	15.5	30.0
2009	2	17	0	18.8	29.6
2009	2	18	0	17.2	29.1
2009	2	19	0	16.8	29.5
2009	2	20	0	15.3	29.9
2009	2	21	0	15.0	30.3
2009	2	22	0	20.3	32.0
2009	2	23	0	19.5	31.8
2009	2	24	0	21.5	30.8
2009	2	25	0	23.2	33.3
2009	2	26	0	23.8	33.9
2009	2	27	0	22.0	31.3
2009	2	28	0	22.7	32.3
2009	3	1	0	21.5	30.3
2009	3	2	0	15.8	31.6
2009	3	3	0	17.7	31.8
2009	3	4	0	19.4	31.7
2009	3	5	0	20.0	34.4
2009	3	6	0	23.8	34.2
2009	3	7	0	23.8	34.1
2009	3	8	0	20.8	35.0
2009	3	9	0	24.0	33.6
2009	3	10	0	26.0	32.5
2009	3	11	0	18.7	33.1
2009	3	12	0	23.0	32.8
2009	3	13	0	18.5	33.0
2009	3	14	0	20.6	34.9
2009	3	15	0	18.2	33.8
2009	3	16	0	21.2	32.7
2009	3	17	0	20.5	34.7
2009	3	18	0	22.3	33.9
2009	3	19	0	21.5	35.5
2009	3	20	0	22.2	33.9
2009	3	21	0	23.8	35.1
2009	3	22	0	23.6	31.7
2009	3	23	0	22.0	33.6
2009	3	24	0	22.0	35.3
2009	3	25	0	24.0	36.0
2009	3	26	0	23.5	31.9
2009	3	27	0	20.5	29.8
2009	3	28	0	20.6	33.4
2009	3	29	1	22.6	33.8
2009	3	30	38	19.4	33.0
2009	3	31	4	23.4	30.5
2009	4	1	6	20.4	32.5
2009	4	2	0	23.8	33.4
2009	4	3	0	23.0	32.9
2009	4	4	0	21.6	33.7
2009	4	5	0	25.6	34.3
2009	4	6	0	27.0	33.7
2009	4	7	5	23.5	35.1
2009	4	8	0	25.8	36.3
2009	4	9	0	26.0	33.5
2009	4	10	2	21.5	35.0
2009	4	11	0	25.6	35.4
2009	4	12	0	26.3	35.0
2009	4	13	0	25.8	36.3
2009	4	14	0	25.3	36.8
2009	4	15	0	26.5	35.8
2009	4	16	0	26.5	36.1
2009	4	17	0	26.8	30.6
2009	4	18	0	24.7	37.3
2009	4	19	0	28.2	37.3
2009	4	20	1	26.8	36.1
2009	4	21	0	28.0	35.8
2009	4	22	0	28.4	36.7
2009	4	23	0	28.3	36.8
2009	4	24	0	28.0	38.4
2009	4	25	0	26.8	38.2
2009	4	26	0	26.8	38.7
2009	4	27	0	27.0	39.6
2009	4	28	0	26.6	36.5
2009	4	29	0	27.5	34.9
2009	4	30	0	27.5	34.3
2009	5	1	5	23.2	35.0
2009	5	2	6	23.7	31.4
2009	5	3	6	22.0	33.3
2009	5	4	10	22.2	34.9
2009	5	5	0	26.6	35.8
2009	5	6	0	24.5	35.6
2009	5	7	7	22.2	36.0
2009	5	8	0	27.2	36.9
2009	5	9	0	27.4	37.8
2009	5	10	0	28.5	36.9
2009	5	11	11	21.6	35.5
2009	5	12	3	23.8	32.2
2009	5	13	0	25.0	34.5
2009	5	14	1	23.2	32.5
2009	5	15	0	25.0	33.9
2009	5	16	16	22.2	33.3
2009	5	17	1	24.6	34.0
2009	5	18	9	24.4	31.3
2009	5	19	40	22.7	35.8
2009	5	20	0	27.5	36.4
2009	5	21	0	27.8	36.5
2009	5	22	0	28.2	36.7
2009	5	23	0	27.6	36.5
2009	5	24	0	26.4	35.1
2009	5	25	13	25.0	30.5
2009	5	26	38	24.5	30.7
2009	5	27	0	24.8	32.8
2009	5	28	0	27.8	35.3
2009	5	29	0	28.2	34.4
2009	5	30	2	25.5	35.5
2009	5	31	0	28.2	35.1
2009	6	1	4	24.2	33.1
2009	6	2	0	26.6	34.0
2009	6	3	0	26.4	32.5
2009	6	4	9	23.7	34.3
2009	6	5	0	26.0	34.6
2009	6	6	0	25.8	34.6
2009	6	7	2	26.3	34.7
2009	6	8	36	24.5	33.9
2009	6	9	20	25.5	34.8
2009	6	10	15	23.8	34.8
2009	6	11	0	24.4	35.2
2009	6	12	0	26.4	34.5
2009	6	13	33	22.6	34.7
2009	6	14	0	25.2	34.5
2009	6	15	6	27.4	35.5
2009	6	16	0	28.9	35.9
2009	6	17	0	26.2	36.5
2009	6	18	0	27.8	36.5
2009	6	19	0	29.6	34.8
2009	6	20	0	28.0	35.6
2009	6	21	0	28.7	35.5
2009	6	22	0	29.0	36.2
2009	6	23	0	29.3	35.4
2009	6	24	0	29.2	34.8
2009	6	25	2	28.4	34.1
2009	6	26	0	27.8	34.6
2009	6	27	0	28.0	34.2
2009	6	28	2	27.8	31.4
2009	6	29	26	26.0	32.2
2009	6	30	15	27.3	31.7
2009	7	1	36	24.4	31.7
2009	7	2	29	25.5	28.8
2009	7	3	40	25.5	28.3
2009	7	4	7	25.5	31.6
2009	7	5	0	27.0	33.7
2009	7	6	0	27.4	33.6
2009	7	7	11	26.6	30.9
2009	7	8	2	26.4	32.3
2009	7	9	5	26.5	31.1
2009	7	10	9	26.2	32.2
2009	7	11	4	26.4	31.6
2009	7	12	0	27.0	32.3
2009	7	13	5	27.4	33.9
2009	7	14	0	27.5	32.8
2009	7	15	0	26.8	32.0
2009	7	16	6	26.4	31.7
2009	7	17	1	27.0	33.0
2009	7	18	0	27.8	34.7
2009	7	19	3	27.3	34.3
2009	7	20	0	28.2	35.7
2009	7	21	0	28.2	34.0
2009	7	22	0	27.5	32.7
2009	7	23	2	27.3	32.8
2009	7	24	2	28.0	32.5
2009	7	25	15	27.8	35.6
2009	7	26	0	28.5	33.4
2009	7	27	89	26.4	32.1
2009	7	28	333	25.2	29.5
2009	7	29	17	26.3	30.8
2009	7	30	41	24.8	30.3
2009	7	31	19	25.6	32.5
2009	8	1	8	25.6	33.7
2009	8	2	0	25.6	34.3
2009	8	3	14	26.4	34.1
2009	8	4	2	27.6	34.2
2009	8	5	0	27.2	29.3
2009	8	6	4	25.5	30.4
2009	8	7	75	25.4	33.8
2009	8	8	3	26.8	33.5
2009	8	9	12	26.7	33.5
2009	8	10	0	28.0	33.7
2009	8	11	0	28.7	33.5
2009	8	12	0	28.4	33.8
2009	8	13	1	28.2	33.3
2009	8	14	1	28.0	33.0
2009	8	15	0	25.4	28.5
2009	8	16	29	26.0	31.1
2009	8	17	7	26.8	33.3
2009	8	18	5	26.8	33.3
2009	8	19	70	25.2	32.6
2009	8	20	55	24.6	30.5
2009	8	21	5	26.0	30.6
2009	8	22	1	26.3	33.7
2009	8	23	0	24.4	31.7
2009	8	24	78	24.3	31.9
2009	8	25	8	25.4	33.3
2009	8	26	0	26.7	32.1
2009	8	27	13	25.2	28.5
2009	8	28	35	24.4	32.3
2009	8	29	0	26.7	34.0
2009	8	30	0	28.2	32.4
2009	8	31	56	25.8	33.4
2009	9	1	0	26.5	34.2
2009	9	2	0	27.5	34.6
2009	9	3	5	26.6	31.7
2009	9	4	2	26.5	32.5
2009	9	5	0	26.6	31.5
2009	9	6	13	26.5	32.0
2009	9	7	2	27.3	34.6
2009	9	8	8	26.0	29.7
2009	9	9	0	26.6	30.5
2009	9	10	19	26.2	31.5
2009	9	11	0	26.4	32.3
2009	9	12	3	26.2	35.1
2009	9	13	0	27.5	35.3
2009	9	14	0	27.5	33.5
2009	9	15	8	26.6	30.3
2009	9	16	45	24.5	33.8
2009	9	17	12	25.8	31.5
2009	9	18	4	27.0	32.7
2009	9	19	16	25.4	33.2
2009	9	20	2	26.5	32.7
2009	9	21	0	25.8	29.2
2009	9	22	44	24.5	28.8
2009	9	23	30	25.0	28.0
2009	9	24	58	24.5	31.1
2009	9	25	0	26.1	32.9
2009	9	26	0	26.0	35.0
2009	9	27	0	27.6	34.7
2009	9	28	4	27.0	34.5
2009	9	29	20	26.5	34.7
2009	9	30	3	26.8	34.2
2009	10	1	0	27.2	34.9
2009	10	2	0	28.0	35.8
2009	10	3	7	24.8	31.4
2009	10	4	1	26.4	32.9
2009	10	5	18	25.4	30.7
2009	10	6	8	25.3	28.8
2009	10	7	23	25.8	30.9
2009	10	8	7	26.3	30.8
2009	10	9	7	25.6	32.6
2009	10	10	0	25.2	32.8
2009	10	11	0	24.5	32.1
2009	10	12	0	24.5	32.5
2009	10	13	0	24.0	33.0
2009	10	14	0	24.0	34.0
2009	10	15	0	25.0	32.5
2009	10	16	1	25.4	30.6
2009	10	17	0	24.5	33.0
2009	10	18	0	26.0	32.3
2009	10	19	2	25.2	33.1
2009	10	20	0	20.8	32.5
2009	10	21	0	21.2	32.2
2009	10	22	0	23.4	32.7
2009	10	23	0	21.2	32.3
2009	10	24	0	23.5	32.1
2009	10	25	0	23.2	32.2
2009	10	26	0	23.0	32.5
2009	10	27	0	20.6	31.7
2009	10	28	0	22.6	31.5
2009	10	29	0	22.4	31.8
2009	10	30	0	22.8	31.7
2009	10	31	0	22.6	31.0
2009	11	1	0	21.8	32.0
2009	11	2	0	21.6	32.9
2009	11	3	0	23.8	33.9
2009	11	4	0	23.3	33.0
2009	11	5	0	23.8	30.9
2009	11	6	0	23.8	32.3
2009	11	7	0	22.2	32.5
2009	11	8	0	21.0	32.0
2009	11	9	0	21.8	31.9
2009	11	10	0	21.2	29.9
2009	11	11	0	20.8	31.9
2009	11	12	0	20.7	32.3
2009	11	13	0	22.0	31.3
2009	11	14	0	23.0	32.8
2009	11	15	0	25.2	31.3
2009	11	16	0	24.5	33.5
2009	11	17	0	22.2	28.3
2009	11	18	3	20.4	26.9
2009	11	19	1	21.4	28.6
2009	11	20	0	18.8	27.5
2009	11	21	0	18.4	27.0
2009	11	22	0	16.3	27.2
2009	11	23	0	15.2	27.5
2009	11	24	0	16.4	27.3
2009	11	25	0	17.7	28.2
2009	11	26	0	17.0	29.0
2009	11	27	0	15.4	27.8
2009	11	28	0	15.6	28.5
2009	11	29	0	15.6	28.3
2009	11	30	0	15.6	28.8
2009	12	1	0	16.5	28.8
2009	12	2	0	16.8	29.0
2009	12	3	0	16.7	28.3
2009	12	4	0	17.2	28.1
2009	12	5	0	17.1	26.8
2009	12	6	0	16.5	27.3
2009	12	7	0	16.1	27.6
2009	12	8	0	15.4	27.1
2009	12	9	0	14.4	27.7
2009	12	10	0	16.5	21.1
2009	12	11	0	15.5	23.6
2009	12	12	0	14.6	23.0
2009	12	13	0	15.8	25.7
2009	12	14	0	15.0	26.1
2009	12	15	0	16.0	27.1
2009	12	16	0	15.6	27.3
2009	12	17	0	17.6	28.0
2009	12	18	0	16.4	28.3
2009	12	19	0	18.4	27.5
2009	12	20	0	17.2	27.4
2009	12	21	0	16.4	26.0
2009	12	22	0	15.2	26.2
2009	12	23	0	15.8	25.2
2009	12	24	0	14.8	24.0
2009	12	25	0	11.4	23.3
2009	12	26	0	12.8	24.3
2009	12	27	0	12.4	24.0
2009	12	28	0	14.5	24.2
2009	12	29	0	12.5	24.1
2009	12	30	0	12.0	25.0
2009	12	31	0	13.4	23.5
2010	1	1	0	13.8	23.0
2010	1	2	0	12.3	23.1
2010	1	3	0	11.2	20.3
2010	1	4	0	11.0	16.1
2010	1	5	0	10.5	22.5
2010	1	6	0	10.5	23.2
2010	1	7	0	11.7	25.6
2010	1	8	0	11.5	27.3
2010	1	9	0	13.8	26.0
2010	1	10	0	13.6	25.3
2010	1	11	0	10.6	20.7
2010	1	12	0	10.2	17.8
2010	1	13	0	9.6	18.8
2010	1	14	0	10.0	24.8
2010	1	15	0	15.0	26.2
2010	1	16	0	12.7	17.0
2010	1	17	0	13.4	21.9
2010	1	18	0	12.0	16.4
2010	1	19	0	12.9	16.7
2010	1	20	0	13.5	24.3
2010	1	21	0	12.4	27.8
2010	1	22	0	13.2	26.5
2010	1	23	0	13.4	27.3
2010	1	24	0	14.3	27.5
2010	1	25	0	14.4	29.0
2010	1	26	0	15.2	27.3
2010	1	27	0	15.6	27.0
2010	1	28	0	14.5	27.3
2010	1	29	0	14.8	27.5
2010	1	30	0	16.0	27.1
2010	1	31	0	13.5	27.2
2010	2	1	0	12.8	27.0
2010	2	2	0	12.2	28.1
2010	2	3	0	13.6	27.3
2010	2	4	0	12.0	26.5
2010	2	5	0	13.5	26.1
2010	2	6	0	12.0	26.5
2010	2	7	0	12.6	28.2
2010	2	8	0	14.0	28.2
2010	2	9	0	15.4	28.3
2010	2	10	0	16.6	29.1
2010	2	11	0	17.8	30.7
2010	2	12	0	16.2	30.2
2010	2	13	0	18.8	28.5
2010	2	14	0	17.3	28.7
2010	2	15	0	17.6	29.1
2010	2	16	0	18.6	30.2
2010	2	17	0	20.7	28.6
2010	2	18	0	20.4	28.0
2010	2	19	0	14.4	28.8
2010	2	20	0	16.2	29.3
2010	2	21	0	15.0	28.7
2010	2	22	0	14.4	29.3
2010	2	23	0	16.0	30.1
2010	2	24	0	20.0	30.1
2010	2	25	48	15.6	30.3
2010	2	26	0	20.8	31.2
2010	2	27	0	19.8	31.2
2010	2	28	0	19.6	31.1
2010	3	1	0	19.6	33.4
2010	3	2	0	22.0	33.4
2010	3	3	0	22.4	34.3
2010	3	4	0	24.0	33.0
2010	3	5	0	24.8	34.0
2010	3	6	0	25.4	33.8
2010	3	7	0	24.8	34.2
2010	3	8	0	24.8	33.5
2010	3	9	0	21.2	32.5
2010	3	10	0	20.8	32.0
2010	3	11	0	19.8	32.8
2010	3	12	0	18.4	33.5
2010	3	13	0	20.2	32.7
2010	3	14	0	22.6	34.7
2010	3	15	0	24.4	35.0
2010	3	16	22	20.0	33.0
2010	3	17	0	22.6	34.1
2010	3	18	0	24.8	35.5
2010	3	19	0	21.7	34.3
2010	3	20	0	21.5	35.5
2010	3	21	0	21.7	37.3
2010	3	22	0	25.9	35.0
2010	3	23	0	25.6	35.7
2010	3	24	0	26.2	35.0
2010	3	25	0	26.0	34.1
2010	3	26	0	26.8	33.5
2010	3	27	0	25.6	33.7
2010	3	28	0	26.3	33.8
2010	3	29	0	22.8	34.7
2010	3	30	0	26.4	35.0
2010	3	31	0	24.2	34.3
2010	4	1	0	27.5	36.1
2010	4	2	0	27.5	35.1
2010	4	3	0	27.2	35.4
2010	4	4	0	27.2	34.3
2010	4	5	0	26.7	34.4
2010	4	6	0	27.1	37.1
2010	4	7	0	27.0	36.3
2010	4	8	0	26.6	37.0
2010	4	9	0	26.5	37.3
2010	4	10	0	26.6	37.9
2010	4	11	0	28.2	36.7
2010	4	12	0	27.8	35.7
2010	4	13	0	27.8	35.6
2010	4	14	0	26.0	35.2
2010	4	15	0	26.8	36.1
2010	4	16	14	20.8	35.2
2010	4	17	0	26.6	34.5
2010	4	18	0	22.4	32.3
2010	4	19	0	25.8	34.8
2010	4	20	0	28.4	36.7
2010	4	21	0	29.0	35.8
2010	4	22	0	28.5	36.1
2010	4	23	0	28.7	36.2
2010	4	24	0	28.6	35.4
2010	4	25	2	25.2	36.8
2010	4	26	0	28.5	35.1
2010	4	27	11	21.8	33.7
2010	4	28	0	24.6	35.6
2010	4	29	10	23.6	35.3
2010	4	30	0	24.2	32.0
2010	5	1	0	25.0	35.0
2010	5	2	0	27.8	33.0
2010	5	3	27	23.5	35.4
2010	5	4	0	25.6	35.2
2010	5	5	0	25.5	35.5
2010	5	6	2	23.7	33.3
2010	5	7	0	26.3	35.5
2010	5	8	3	22.6	32.4
2010	5	9	0	26.8	35.9
2010	5	10	0	28.0	36.7
2010	5	11	0	29.0	36.9
2010	5	12	0	29.3	36.7
2010	5	13	0	29.2	36.2
2010	5	14	0	29.4	36.0
2010	5	15	29	21.3	34.9
2010	5	16	0	28.2	35.3
2010	5	17	2	25.7	35.7
2010	5	18	0	28.0	35.7
2010	5	19	0	28.6	35.0
2010	5	20	0	28.2	36.8
2010	5	21	70	22.0	27.5
2010	5	22	12	23.3	30.6
2010	5	23	1	25.0	34.0
2010	5	24	0	25.7	32.0
2010	5	25	0	25.7	33.5
2010	5	26	19	25.7	35.3
2010	5	27	1	23.8	33.0
2010	5	28	9	23.4	30.5
2010	5	29	2	26.2	33.2
2010	5	30	0	27.5	35.4
2010	5	31	0	23.5	30.3
2010	6	1	28	24.4	35.0
2010	6	2	0	29.0	35.3
2010	6	3	10	25.5	32.9
2010	6	4	21	23.7	32.7
2010	6	5	49	23.4	31.7
2010	6	6	45	23.2	32.9
2010	6	7	0	26.2	35.0
2010	6	8	0	29.7	35.5
2010	6	9	0	26.5	35.5
2010	6	10	0	28.8	35.8
2010	6	11	0	28.5	35.5
2010	6	12	0	28.8	33.5
2010	6	13	3	26.0	33.0
2010	6	14	0	26.3	32.7
2010	6	15	0	26.4	33.2
2010	6	16	8	28.3	32.3
2010	6	17	0	27.8	30.5
2010	6	18	35	24.6	33.6
2010	6	19	1	27.4	32.5
2010	6	20	0	27.6	30.9
2010	6	21	4	27.4	34.0
2010	6	22	0	28.2	32.3
2010	6	23	0	28.1	34.7
2010	6	24	0	28.5	34.1
2010	6	25	0	27.2	32.3
2010	6	26	3	27.4	29.2
2010	6	27	28	26.5	32.9
2010	6	28	11	25.6	30.9
2010	6	29	50	25.7	28.4
2010	6	30	12	24.6	33.6
2010	7	1	0	27.8	34.0
2010	7	2	1	27.5	33.0
2010	7	3	19	27.2	33.0
2010	7	4	3	27.3	34.3
2010	7	5	0	28.2	31.7
2010	7	6	16	25.6	32.9
2010	7	7	1	27.8	33.4
2010	7	8	0	27.7	35.0
2010	7	9	6	27.4	34.5
2010	7	10	0	28.2	34.7
2010	7	11	13	28.0	31.0
2010	7	12	2	27.4	30.5
2010	7	13	1	26.5	31.0
2010	7	14	30	26.6	34.4
2010	7	15	1	28.0	33.5
2010	7	16	1	28.1	34.7
2010	7	17	0	28.4	34.8
2010	7	18	0	28.3	35.1
2010	7	19	0	28.7	33.5
2010	7	20	0	28.4	31.5
2010	7	21	0	27.8	31.7
2010	7	22	0	28.2	33.0
2010	7	23	8	27.4	33.8
2010	7	24	0	27.6	33.5
2010	7	25	16	26.4	32.1
2010	7	26	11	25.8	32.1
2010	7	27	0	27.4	34.0
2010	7	28	0	27.6	35.0
2010	7	29	9	27.5	31.8
2010	7	30	20	26.4	32.0
2010	7	31	9	25.3	27.8
2010	8	1	14	25.8	32.3
2010	8	2	23	26.6	34.1
2010	8	3	0	27.8	32.3
2010	8	4	0	27.9	33.3
2010	8	5	31	25.4	33.7
2010	8	6	0	26.8	33.0
2010	8	7	2	27.6	35.0
2010	8	8	0	28.4	33.7
2010	8	9	6	27.8	35.1
2010	8	10	0	29.0	34.1
2010	8	11	5	26.2	33.3
2010	8	12	82	26.5	32.1
2010	8	13	1	27.0	33.1
2010	8	14	1	27.4	31.2
2010	8	15	20	26.6	32.5
2010	8	16	6	27.2	33.3
2010	8	17	3	27.5	33.1
2010	8	18	0	27.7	33.7
2010	8	19	0	28.0	32.5
2010	8	20	65	25.5	33.1
2010	8	21	2	26.9	33.6
2010	8	22	9	26.2	31.7
2010	8	23	0	27.6	33.8
2010	8	24	0	27.8	33.5
2010	8	25	21	25.0	33.3
2010	8	26	34	26.7	31.6
2010	8	27	3	27.3	33.1
2010	8	28	5	26.5	33.5
2010	8	29	0	26.6	34.0
2010	8	30	0	28.1	32.9
2010	8	31	7	27.6	32.1
2010	9	1	1	26.3	33.5
2010	9	2	2	27.0	33.8
2010	9	3	0	28.3	31.2
2010	9	4	3	26.3	33.7
2010	9	5	0	27.8	32.6
2010	9	6	0	27.7	33.0
2010	9	7	13	27.4	34.0
2010	9	8	1	27.3	34.0
2010	9	9	1	28.3	33.9
2010	9	10	1	28.3	33.1
2010	9	11	2	26.9	33.3
2010	9	12	0	26.5	33.2
2010	9	13	4	26.7	32.8
2010	9	14	1	26.6	31.1
2010	9	15	31	24.8	30.1
2010	9	16	1	26.0	31.7
2010	9	17	24	25.2	32.6
2010	9	18	2	25.6	31.8
2010	9	19	5	26.0	29.8
2010	9	20	6	25.8	32.5
2010	9	21	0	27.2	31.2
2010	9	22	0	26.5	32.5
2010	9	23	2	25.8	33.0
2010	9	24	0	26.8	32.5
2010	9	25	15	25.5	30.8
2010	9	26	29	26.2	31.9
2010	9	27	7	26.2	34.0
2010	9	28	0	27.8	31.5
2010	9	29	18	25.2	33.1
2010	9	30	0	26.3	33.0
2010	10	1	5	26.0	33.8
2010	10	2	0	26.8	34.3
2010	10	3	0	26.5	35.3
2010	10	4	0	27.3	35.7
2010	10	5	0	27.5	34.9
2010	10	6	1	25.8	29.5
2010	10	7	20	23.3	25.2
2010	10	8	27	23.6	25.3
2010	10	9	87	23.5	27.6
2010	10	10	0	23.2	31.5
2010	10	11	0	23.8	32.3
2010	10	12	0	23.2	33.2
2010	10	13	0	25.4	33.8
2010	10	14	0	27.0	34.2
2010	10	15	31	24.0	33.5
2010	10	16	0	26.0	33.8
2010	10	17	0	26.2	32.6
2010	10	18	0	26.4	33.3
2010	10	19	0	26.2	34.8
2010	10	20	0	27.0	34.0
2010	10	21	1	25.9	34.3
2010	10	22	0	26.2	32.3
2010	10	23	0	26.0	32.1
2010	10	24	0	26.0	33.2
2010	10	25	0	25.1	32.5
2010	10	26	2	25.4	31.5
2010	10	27	0	24.3	32.2
2010	10	28	0	22.6	31.8
2010	10	29	0	21.7	31.2
2010	10	30	0	21.5	32.2
2010	10	31	0	23.4	32.6
2010	11	1	0	24.5	29.6
2010	11	2	0	21.5	27.5
2010	11	3	0	22.4	31.2
2010	11	4	0	21.8	31.2
2010	11	5	0	21.8	32.2
2010	11	6	0	23.2	33.2
2010	11	7	0	23.4	32.5
2010	11	8	0	22.4	33.2
2010	11	9	0	21.4	31.3
2010	11	10	0	21.4	31.3
2010	11	11	0	21.1	30.0
2010	11	12	0	21.1	29.7
2010	11	13	0	21.0	30.1
2010	11	14	0	21.2	30.1
2010	11	15	0	21.4	30.5
2010	11	16	0	20.5	30.2
2010	11	17	0	20.8	29.8
2010	11	18	0	21.0	31.0
2010	11	19	0	22.2	28.5
2010	11	20	0	22.5	30.1
2010	11	21	0	20.2	29.1
2010	11	22	0	17.4	29.1
2010	11	23	0	16.6	28.3
2010	11	24	0	17.3	29.8
2010	11	25	0	18.8	29.4
2010	11	26	0	19.0	29.2
2010	11	27	0	21.4	29.1
2010	11	28	0	20.4	29.8
2010	11	29	0	21.6	28.3
2010	11	30	0	18.8	27.3
2010	12	1	0	14.5	27.5
2010	12	2	0	14.8	27.2
2010	12	3	0	15.1	29.3
2010	12	4	0	16.2	29.7
2010	12	5	0	15.6	27.8
2010	12	6	0	20.8	25.4
2010	12	7	0	20.8	28.2
2010	12	8	0	20.6	28.0
2010	12	9	20	19.5	22.8
2010	12	10	61	19.8	26.7
2010	12	11	0	19.8	28.0
2010	12	12	0	17.0	26.4
2010	12	13	0	17.2	25.6
2010	12	14	0	16.4	23.5
2010	12	15	0	12.6	23.9
2010	12	16	0	13.4	26.1
2010	12	17	0	13.6	26.3
2010	12	18	0	14.6	25.8
2010	12	19	0	14.5	25.6
2010	12	20	0	16.4	25.6
2010	12	21	0	14.8	24.9
2010	12	22	0	15.2	24.6
2010	12	23	0	13.4	25.0
2010	12	24	0	11.0	25.1
2010	12	25	0	11.5	25.3
2010	12	26	0	11.2	25.2
2010	12	27	0	14.7	25.7
2010	12	28	0	13.4	25.0
2010	12	29	0	13.8	25.6
2010	12	30	0	13.5	26.0
2010	12	31	0	13.8	26.5
2011	1	1	0	15.3	26.6
2011	1	2	0	16.4	23.5
2011	1	3	0	12.4	17.5
2011	1	4	0	12.8	23.0
2011	1	5	0	13.0	23.0
2011	1	6	0	13.4	24.2
2011	1	7	0	13.2	24.6
2011	1	8	0	12.6	24.8
2011	1	9	0	14.2	26.3
2011	1	10	0	12.5	23.1
2011	1	11	0	8.4	18.3
2011	1	12	0	8.5	17.1
2011	1	13	0	8.2	14.2
2011	1	14	0	10.0	18.5
2011	1	15	0	9.8	22.8
2011	1	16	0	12.0	24.6
2011	1	17	0	11.0	21.1
2011	1	18	0	8.7	21.2
2011	1	19	0	10.8	24.2
2011	1	20	0	12.0	24.8
2011	1	21	0	10.7	22.7
2011	1	22	0	12.0	23.5
2011	1	23	0	11.9	24.6
2011	1	24	0	12.8	26.1
2011	1	25	0	12.6	26.8
2011	1	26	0	13.9	27.2
2011	1	27	0	16.0	26.1
2011	1	28	0	12.8	26.1
2011	1	29	0	11.4	26.1
2011	1	30	0	13.6	26.5
2011	1	31	0	15.5	27.8
2011	2	1	0	15.0	27.3
2011	2	2	0	14.0	27.0
2011	2	3	0	16.8	27.7
2011	2	4	0	15.5	28.2
2011	2	5	0	14.8	29.3
2011	2	6	0	15.7	28.8
2011	2	7	0	15.7	28.8
2011	2	8	0	16.7	31.0
2011	2	9	0	16.6	30.3
2011	2	10	0	14.8	27.7
2011	2	11	0	13.0	27.5
2011	2	12	0	14.0	28.3
2011	2	13	0	15.5	29.0
2011	2	14	0	15.4	29.1
2011	2	15	0	20.8	30.8
2011	2	16	0	21.6	31.0
2011	2	17	0	19.2	29.3
2011	2	18	0	16.8	26.0
2011	2	19	0	16.6	28.3
2011	2	20	0	20.0	28.1
2011	2	21	0	21.5	24.3
2011	2	22	0	17.5	28.6
2011	2	23	0	17.6	29.3
2011	2	24	0	18.5	29.6
2011	2	25	0	15.2	29.7
2011	2	26	0	19.6	30.7
2011	2	27	0	17.8	30.2
2011	2	28	0	17.3	28.5
2011	3	1	0	16.0	29.8
2011	3	2	0	18.7	31.3
2011	3	3	0	17.0	31.6
2011	3	4	0	18.8	33.0
2011	3	5	0	20.6	34.5
2011	3	6	0	21.8	32.6
2011	3	7	0	19.2	31.7
2011	3	8	0	19.0	31.6
2011	3	9	0	20.4	34.2
2011	3	10	0	21.6	32.1
2011	3	11	0	24.2	32.0
2011	3	12	0	20.8	31.2
2011	3	13	0	21.7	32.9
2011	3	14	0	21.8	33.5
2011	3	15	0	21.0	32.8
2011	3	16	0	21.2	32.7
2011	3	17	0	21.5	32.1
2011	3	18	0	22.6	31.5
2011	3	19	0	23.0	32.6
2011	3	20	0	24.4	32.9
2011	3	21	0	24.8	34.0
2011	3	22	0	25.5	32.3
2011	3	23	0	25.0	33.6
2011	3	24	0	24.4	32.1
2011	3	25	1	23.0	32.1
2011	3	26	0	25.0	33.1
2011	3	27	14	19.5	30.5
2011	3	28	1	22.0	32.3
2011	3	29	0	20.5	29.4
2011	3	30	0	22.0	30.9
2011	3	31	4	20.2	27.5
2011	4	1	11	21.2	32.5
2011	4	2	0	23.0	32.4
2011	4	3	49	20.5	31.5
2011	4	4	8	20.6	32.6
2011	4	5	5	20.8	30.4
2011	4	6	0	21.4	33.2
2011	4	7	0	22.6	34.0
2011	4	8	0	23.8	34.8
2011	4	9	0	23.5	33.5
2011	4	10	0	25.2	35.0
2011	4	11	0	25.6	34.8
2011	4	12	0	22.4	35.8
2011	4	13	0	25.5	35.5
2011	4	14	0	26.5	33.7
2011	4	15	9	20.7	33.1
2011	4	16	0	25.5	34.8
2011	4	17	9	21.8	34.8
2011	4	18	0	26.4	35.2
2011	4	19	0	24.0	34.3
2011	4	20	5	20.2	33.3
2011	4	21	0	24.2	34.1
2011	4	22	5	23.4	32.9
2011	4	23	0	26.4	35.0
2011	4	24	0	24.0	33.7
2011	4	25	0	21.8	32.1
2011	4	26	0	23.0	33.1
2011	4	27	1	21.0	31.3
2011	4	28	0	24.4	31.2
2011	4	29	21	22.5	31.1
2011	4	30	0	25.0	34.3
2011	5	1	0	25.8	35.0
2011	5	2	5	21.3	33.7
2011	5	3	0	23.0	34.1
2011	5	4	0	23.6	32.4
2011	5	5	3	23.2	32.2
2011	5	6	23	24.4	33.3
2011	5	7	10	25.2	33.5
2011	5	8	0	27.0	35.0
2011	5	9	0	27.3	35.3
2011	5	10	20	23.3	34.3
2011	5	11	17	21.8	31.0
2011	5	12	25	22.0	34.0
2011	5	13	0	27.3	34.1
2011	5	14	14	21.8	33.7
2011	5	15	0	24.4	35.3
2011	5	16	0	28.4	33.4
2011	5	17	1	27.7	34.6
2011	5	18	1	26.0	32.2
2011	5	19	15	21.5	27.6
2011	5	20	3	24.5	32.3
2011	5	21	0	23.7	33.2
2011	5	22	24	22.0	34.3
2011	5	23	11	24.7	30.6
2011	5	24	17	23.5	34.1
2011	5	25	3	24.5	32.7
2011	5	26	13	24.5	34.4
2011	5	27	0	27.0	32.8
2011	5	28	10	25.0	34.7
2011	5	29	3	25.8	33.7
2011	5	30	17	25.6	33.0
2011	5	31	0	27.4	35.0
2011	6	1	46	25.0	33.6
2011	6	2	0	27.7	30.6
2011	6	3	13	24.6	34.2
2011	6	4	11	25.5	36.0
2011	6	5	0	28.3	35.5
2011	6	6	0	28.2	35.8
2011	6	7	0	28.2	34.6
2011	6	8	0	27.3	32.6
2011	6	9	0	26.3	33.3
2011	6	10	0	27.0	35.2
2011	6	11	9	23.2	30.5
2011	6	12	40	23.5	34.3
2011	6	13	0	27.0	34.5
2011	6	14	1	26.6	33.8
2011	6	15	0	27.4	34.0
2011	6	16	3	26.3	29.9
2011	6	17	13	25.4	27.8
2011	6	18	15	24.8	27.4
2011	6	19	56	25.0	32.8
2011	6	20	0	26.3	33.0
2011	6	21	7	26.0	32.9
2011	6	22	0	27.1	34.0
2011	6	23	0	28.0	35.2
2011	6	24	0	26.4	30.3
2011	6	25	11	27.0	34.5
2011	6	26	2	27.0	28.7
2011	6	27	23	26.0	30.5
2011	6	28	17	26.2	30.5
2011	6	29	19	25.8	30.7
2011	6	30	28	25.5	32.3
2011	7	1	35	25.0	27.4
2011	7	2	34	23.9	28.2
2011	7	3	7	25.3	29.4
2011	7	4	0	26.5	31.3
2011	7	5	0	26.3	32.8
2011	7	6	1	26.3	32.1
2011	7	7	1	26.5	31.3
2011	7	8	33	24.5	33.8
2011	7	9	7	26.8	34.2
2011	7	10	0	27.8	34.5
2011	7	11	0	27.8	35.4
2011	7	12	7	27.6	33.2
2011	7	13	9	28.0	33.4
2011	7	14	1	28.2	32.5
2011	7	15	21	25.8	31.8
2011	7	16	1	27.2	32.0
2011	7	17	0	27.8	32.4
2011	7	18	25	26.0	31.7
2011	7	19	21	26.9	30.3
2011	7	20	84	25.2	30.3
2011	7	21	23	25.7	29.1
2011	7	22	32	25.5	31.2
2011	7	23	14	25.3	32.6
2011	7	24	0	26.8	33.5
2011	7	25	0	26.4	33.9
2011	7	26	0	27.5	32.5
2011	7	27	0	28.0	34.2
2011	7	28	0	28.4	34.0
2011	7	29	0	28.5	34.6
2011	7	30	0	28.5	34.7
2011	7	31	0	28.3	33.5
2011	8	1	0	28.0	35.0
2011	8	2	0	29.4	33.3
2011	8	3	7	26.9	32.7
2011	8	4	5	27.4	33.4
2011	8	5	2	26.3	27.6
2011	8	6	26	25.8	30.4
2011	8	7	22	25.8	28.4
2011	8	8	9	26.2	27.5
2011	8	9	79	25.5	27.2
2011	8	10	94	24.5	27.6
2011	8	11	15	25.5	30.0
2011	8	12	7	25.8	34.4
2011	8	13	0	26.0	27.5
2011	8	14	11	25.0	32.2
2011	8	15	0	27.0	32.0
2011	8	16	0	26.8	29.2
2011	8	17	32	24.8	27.6
2011	8	18	28	25.2	31.2
2011	8	19	0	26.5	32.5
2011	8	20	5	27.2	32.0
2011	8	21	1	27.8	31.5
2011	8	22	3	27.0	31.8
2011	8	23	12	26.5	30.6
2011	8	24	9	26.7	28.7
2011	8	25	37	25.8	31.0
2011	8	26	3	26.5	31.0
2011	8	27	2	26.2	33.5
2011	8	28	0	26.6	32.8
2011	8	29	0	27.4	34.2
2011	8	30	0	28.0	34.5
2011	8	31	0	28.3	33.3
2011	9	1	1	27.0	32.0
2011	9	2	5	26.2	32.0
2011	9	3	9	25.2	32.6
2011	9	4	0	26.8	33.6
2011	9	5	1	27.4	33.2
2011	9	6	4	26.2	32.6
2011	9	7	0	27.0	31.0
2011	9	8	25	25.0	30.0
2011	9	9	3	25.6	31.3
2011	9	10	1	26.6	33.2
2011	9	11	0	27.4	33.5
2011	9	12	0	27.1	36.2
2011	9	13	0	29.4	36.2
2011	9	14	1	25.8	31.8
2011	9	15	18	26.5	32.0
2011	9	16	36	25.7	28.2
2011	9	17	17	25.7	28.4
2011	9	18	1	26.0	32.3
2011	9	19	10	26.3	32.0
2011	9	20	5	26.6	34.0
2011	9	21	13	25.5	32.7
2011	9	22	0	26.5	31.7
2011	9	23	0	27.2	32.0
2011	9	24	0	26.8	31.0
2011	9	25	11	23.7	32.7
2011	9	26	1	27.0	33.0
2011	9	27	26	25.7	33.0
2011	9	28	19	25.4	32.2
2011	9	29	0	26.8	33.8
2011	9	30	0	27.6	34.4
2011	10	1	0	28.6	32.4
2011	10	2	40	24.7	32.5
2011	10	3	1	25.8	32.9
2011	10	4	0	26.4	33.4
2011	10	5	0	26.9	34.5
2011	10	6	0	27.0	34.2
2011	10	7	0	26.5	34.0
2011	10	8	0	26.5	33.2
2011	10	9	27	25.3	32.8
2011	10	10	13	25.5	33.5
2011	10	11	5	25.4	33.6
2011	10	12	0	24.7	33.6
2011	10	13	0	24.8	33.8
2011	10	14	0	25.0	34.0
2011	10	15	0	24.7	34.4
2011	10	16	0	25.2	32.0
2011	10	17	0	25.5	33.6
2011	10	18	0	24.6	31.0
2011	10	19	6	24.4	31.5
2011	10	20	2	25.6	34.0
2011	10	21	0	25.8	33.0
2011	10	22	7	23.4	29.7
2011	10	23	11	22.5	31.0
2011	10	24	0	23.5	32.0
2011	10	25	0	22.4	32.8
2011	10	26	0	23.2	32.2
2011	10	27	0	23.0	32.2
2011	10	28	0	22.4	31.8
2011	10	29	0	23.0	31.2
2011	10	30	0	22.5	30.7
2011	10	31	0	22.0	30.8
2011	11	1	0	21.3	31.0
2011	11	2	0	20.5	30.2
2011	11	3	0	19.4	29.2
2011	11	4	0	20.2	29.0
2011	11	5	0	19.6	29.4
2011	11	6	0	19.5	29.4
2011	11	7	0	20.5	28.8
2011	11	8	0	19.8	31.2
2011	11	9	0	18.5	32.4
2011	11	10	0	18.2	32.0
2011	11	11	0	18.0	32.0
2011	11	12	0	19.8	30.5
2011	11	13	0	21.8	30.0
2011	11	14	0	21.0	29.4
2011	11	15	0	21.1	29.6
2011	11	16	0	20.4	29.6
2011	11	17	0	18.8	28.8
2011	11	18	0	19.0	27.6
2011	11	19	0	18.4	28.5
2011	11	20	0	18.0	28.8
2011	11	21	0	18.3	29.8
2011	11	22	0	18.5	30.6
2011	11	23	0	18.5	30.6
2011	11	24	0	17.2	31.2
2011	11	25	0	17.6	30.5
2011	11	26	0	19.4	29.2
2011	11	27	0	19.0	28.4
2011	11	28	0	18.2	28.5
2011	11	29	0	18.0	28.1
2011	11	30	0	17.2	27.0
2011	12	1	0	17.4	29.3
2011	12	2	0	18.5	29.5
2011	12	3	0	17.8	30.0
2011	12	4	0	18.4	28.5
2011	12	5	0	18.4	28.8
2011	12	6	0	18.4	28.5
2011	12	7	0	17.5	28.8
2011	12	8	0	17.2	29.2
2011	12	9	0	18.2	28.4
2011	12	10	0	15.3	26.2
2011	12	11	0	17.3	25.5
2011	12	12	0	17.3	25.8
2011	12	13	0	17.4	24.3
2011	12	14	0	15.2	23.6
2011	12	15	0	12.0	21.4
2011	12	16	0	13.2	22.8
2011	12	17	0	12.0	19.3
2011	12	18	0	13.0	19.8
2011	12	19	0	12.0	18.2
2011	12	20	0	12.5	20.2
2011	12	21	0	13.0	18.2
2011	12	22	0	12.5	18.4
2011	12	23	0	11.0	17.0
2011	12	24	0	12.3	19.5
2011	12	25	0	12.4	24.0
2011	12	26	0	12.2	26.0
2011	12	27	0	13.0	27.8
2011	12	28	0	15.6	28.8
2011	12	29	0	15.0	28.8
2011	12	30	0	16.0	29.2
2011	12	31	0	13.6	28.7
2012	1	1	0	18.0	28.5
2012	1	2	0	18.6	22.5
2012	1	3	1	17.2	22.4
2012	1	4	0	15.8	24.5
2012	1	5	0	15.8	25.0
2012	1	6	0	16.3	23.5
2012	1	7	1	17.0	24.0
2012	1	8	0	17.8	26.3
2012	1	9	0	18.7	20.4
2012	1	10	7	16.0	23.0
2012	1	11	1	17.0	24.5
2012	1	12	0	13.0	21.4
2012	1	13	0	10.7	19.6
2012	1	14	0	11.6	22.2
2012	1	15	0	10.5	23.0
2012	1	16	0	11.0	22.8
2012	1	17	0	11.3	25.3
2012	1	18	0	15.8	24.2
2012	1	19	0	17.1	26.0
2012	1	20	0	15.6	25.7
2012	1	21	0	16.2	21.5
2012	1	22	0	13.3	22.5
2012	1	23	0	13.2	22.9
2012	1	24	0	11.2	24.0
2012	1	25	0	11.0	24.3
2012	1	26	0	11.4	25.5
2012	1	27	0	13.7	25.5
2012	1	28	0	12.7	26.0
2012	1	29	0	13.4	25.8
2012	1	30	0	14.0	26.8
2012	1	31	0	14.4	26.0
2012	2	1	0	14.5	26.0
2012	2	2	0	12.3	24.0
2012	2	3	0	12.6	26.1
2012	2	4	0	15.8	27.6
2012	2	5	0	13.7	27.8
2012	2	6	0	14.0	29.4
2012	2	7	0	15.7	28.1
2012	2	8	0	15.2	29.0
2012	2	9	0	20.0	27.7
2012	2	10	0	15.4	24.2
2012	2	11	0	14.3	25.7
2012	2	12	0	12.7	25.6
2012	2	13	0	12.2	27.3
2012	2	14	0	13.8	28.2
2012	2	15	0	17.7	29.5
2012	2	16	0	20.3	28.3
2012	2	17	0	18.8	29.5
2012	2	18	0	18.8	29.4
2012	2	19	0	14.4	27.9
2012	2	20	0	14.2	28.2
2012	2	21	0	15.6	29.3
2012	2	22	0	16.5	31.3
2012	2	23	0	17.5	31.3
2012	2	24	0	19.3	33.0
2012	2	25	0	18.7	32.2
2012	2	26	0	18.0	30.8
2012	2	27	0	15.8	29.8
2012	2	28	0	15.6	29.8
2012	2	29	1	20.7	29.8
2012	3	1	1	20.3	31.0
2012	3	2	0	21.8	30.8
2012	3	3	0	18.8	31.2
2012	3	4	0	21.2	32.0
2012	3	5	0	21.2	32.0
2012	3	6	0	22.8	33.6
2012	3	7	0	23.8	34.2
2012	3	8	0	24.0	32.4
2012	3	9	0	24.0	32.5
2012	3	10	0	23.0	32.2
2012	3	11	0	20.0	33.5
2012	3	12	0	20.0	33.8
2012	3	13	0	19.8	32.8
2012	3	14	0	20.8	31.0
2012	3	15	0	20.5	29.6
2012	3	16	0	18.3	32.4
2012	3	17	0	19.2	33.2
2012	3	18	36	18.7	31.0
2012	3	19	0	21.5	30.8
2012	3	20	0	24.8	32.3
2012	3	21	0	24.4	33.8
2012	3	22	0	24.6	34.6
2012	3	23	0	23.2	32.5
2012	3	24	0	19.4	33.6
2012	3	25	0	22.0	34.0
2012	3	26	0	24.5	35.0
2012	3	27	0	24.6	34.8
2012	3	28	0	24.4	35.4
2012	3	29	0	24.7	37.3
2012	3	30	0	24.6	34.2
2012	3	31	0	25.2	35.5
2012	4	1	0	23.8	36.5
2012	4	2	0	23.0	37.1
2012	4	3	0	25.0	36.2
2012	4	4	0	26.0	35.6
2012	4	5	0	24.6	35.0
2012	4	6	0	21.2	26.0
2012	4	7	62	20.2	27.4
2012	4	8	9	20.2	32.4
2012	4	9	18	20.2	24.0
2012	4	10	9	19.0	29.0
2012	4	11	0	19.4	31.2
2012	4	12	0	20.0	28.6
2012	4	13	40	23.2	31.7
2012	4	14	0	23.5	34.2
2012	4	15	0	24.6	34.6
2012	4	16	11	21.7	34.5
2012	4	17	0	26.0	35.2
2012	4	18	0	26.8	35.4
2012	4	19	52	21.0	35.0
2012	4	20	0	26.5	35.0
2012	4	21	8	22.6	33.4
2012	4	22	29	23.0	36.5
2012	4	23	0	27.4	35.5
2012	4	24	0	27.4	35.5
2012	4	25	0	25.4	34.8
2012	4	26	31	21.8	34.3
2012	4	27	0	27.5	35.0
2012	4	28	0	26.6	34.0
2012	4	29	0	27.6	36.3
2012	4	30	0	27.0	35.4
2012	5	1	0	22.0	29.5
2012	5	2	53	22.1	32.0
2012	5	3	13	22.8	33.6
2012	5	4	16	20.5	30.2
2012	5	5	6	20.5	34.4
2012	5	6	0	23.6	35.2
2012	5	7	0	24.2	35.8
2012	5	8	0	26.8	36.0
2012	5	9	0	26.5	35.2
2012	5	10	0	27.5	35.5
2012	5	11	0	27.0	34.8
2012	5	12	0	26.8	35.0
2012	5	13	1	23.4	34.0
2012	5	14	0	28.5	35.8
2012	5	15	0	29.0	35.4
2012	5	16	1	22.7	34.8
2012	5	17	10	22.5	35.1
2012	5	18	4	23.5	34.5
2012	5	19	1	26.2	33.7
2012	5	20	1	26.1	34.0
2012	5	21	1	26.4	35.5
2012	5	22	0	28.2	36.2
2012	5	23	0	29.2	35.8
2012	5	24	0	26.6	36.0
2012	5	25	4	25.3	36.0
2012	5	26	0	28.8	36.2
2012	5	27	0	29.0	36.0
2012	5	28	0	29.4	35.0
2012	5	29	2	28.0	35.6
2012	5	30	0	28.0	34.8
2012	5	31	24	27.4	31.8
2012	6	1	3	28.0	31.6
2012	6	2	0	26.8	34.5
2012	6	3	1	23.4	34.5
2012	6	4	0	29.5	35.5
2012	6	5	8	24.0	31.2
2012	6	6	56	23.2	31.8
2012	6	7	0	26.4	35.5
2012	6	8	2	26.0	35.5
2012	6	9	0	29.0	36.7
2012	6	10	0	27.6	36.0
2012	6	11	0	28.6	35.0
2012	6	12	0	28.6	35.5
2012	6	13	0	28.7	35.7
2012	6	14	0	29.3	35.4
2012	6	15	0	29.3	32.8
2012	6	16	0	26.3	27.0
2012	6	17	9	25.3	32.8
2012	6	18	17	25.3	32.2
2012	6	19	42	26.4	33.0
2012	6	20	2	26.7	32.5
2012	6	21	6	27.0	32.7
2012	6	22	0	27.6	31.5
2012	6	23	0	27.2	30.6
2012	6	24	8	26.8	28.7
2012	6	25	7	25.4	28.3
2012	6	26	10	25.4	34.1
2012	6	27	0	28.3	32.3
2012	6	28	0	26.2	33.0
2012	6	29	0	26.8	35.2
2012	6	30	4	28.2	34.8
2012	7	1	17	27.8	34.2
2012	7	2	7	25.8	33.5
2012	7	3	2	26.0	32.5
2012	7	4	18	25.4	33.1
2012	7	5	29	26.7	32.6
2012	7	6	2	27.8	33.7
2012	7	7	4	26.0	33.7
2012	7	8	0	25.8	32.3
2012	7	9	1	26.4	32.8
2012	7	10	10	26.1	32.0
2012	7	11	1	27.5	33.5
2012	7	12	4	27.0	32.6
2012	7	13	16	26.6	34.3
2012	7	14	6	26.4	32.6
2012	7	15	14	26.5	32.2
2012	7	16	0	28.0	33.0
2012	7	17	0	25.5	32.7
2012	7	18	51	25.3	30.9
2012	7	19	2	25.2	32.5
2012	7	20	2	26.6	33.6
2012	7	21	1	27.4	31.7
2012	7	22	5	27.2	32.0
2012	7	23	5	27.4	32.9
2012	7	24	0	28.2	33.6
2012	7	25	0	27.8	33.0
2012	7	26	0	27.4	31.6
2012	7	27	9	26.4	31.0
2012	7	28	1	27.2	32.0
2012	7	29	18	26.6	31.1
2012	7	30	1	26.0	31.6
2012	7	31	0	26.2	30.5
2012	8	1	11	26.7	30.7
2012	8	2	1	26.5	32.2
2012	8	3	0	27.0	34.3
2012	8	4	9	26.3	33.5
2012	8	5	1	26.5	31.0
2012	8	6	2	26.4	31.8
2012	8	7	6	27.0	32.3
2012	8	8	26	26.0	32.5
2012	8	9	16	27.0	33.8
2012	8	10	0	27.3	33.0
2012	8	11	0	25.8	31.8
2012	8	12	2	25.5	28.5
2012	8	13	54	25.3	28.6
2012	8	14	13	25.6	33.0
2012	8	15	2	27.0	33.1
2012	8	16	0	28.3	33.9
2012	8	17	7	26.2	33.1
2012	8	18	0	26.2	33.6
2012	8	19	1	27.3	33.3
2012	8	20	8	26.0	31.2
2012	8	21	34	24.4	31.2
2012	8	22	40	25.6	33.0
2012	8	23	0	26.9	32.5
2012	8	24	2	27.0	33.0
2012	8	25	24	26.8	32.7
2012	8	26	0	27.3	33.5
2012	8	27	0	27.6	33.3
2012	8	28	21	26.5	33.2
2012	8	29	1	27.1	34.5
2012	8	30	1	27.8	32.5
2012	8	31	0	27.5	34.5
2012	9	1	0	27.4	34.0
2012	9	2	0	28.1	34.4
2012	9	3	1	27.7	32.7
2012	9	4	0	27.4	30.7
2012	9	5	3	25.0	30.6
2012	9	6	23	24.9	31.5
2012	9	7	0	25.5	35.2
2012	9	8	0	28.2	36.5
2012	9	9	0	27.1	32.0
2012	9	10	10	26.2	33.3
2012	9	11	0	27.3	32.0
2012	9	12	1	27.0	33.4
2012	9	13	4	26.6	31.8
2012	9	14	12	25.7	29.2
2012	9	15	2	26.6	32.2
2012	9	16	0	26.8	31.3
2012	9	17	5	26.3	32.0
2012	9	18	8	26.5	33.0
2012	9	19	0	26.9	33.0
2012	9	20	0	27.3	33.2
2012	9	21	0	27.4	33.5
2012	9	22	0	26.5	34.3
2012	9	23	0	27.4	34.2
2012	9	24	0	26.1	33.5
2012	9	25	0	26.8	33.1
2012	9	26	0	26.6	33.0
2012	9	27	0	26.8	33.2
2012	9	28	8	26.3	34.5
2012	9	29	0	28.0	32.1
2012	9	30	4	26.7	33.8
2012	10	1	0	26.8	34.4
2012	10	2	0	27.0	33.8
2012	10	3	0	27.2	33.0
2012	10	4	2	27.0	29.3
2012	10	5	13	24.8	30.8
2012	10	6	0	25.9	32.4
2012	10	7	0	25.5	33.6
2012	10	8	0	26.4	33.8
2012	10	9	0	26.3	30.6
2012	10	10	2	24.0	30.5
2012	10	11	7	23.5	31.3
2012	10	12	2	25.5	31.8
2012	10	13	1	25.3	31.2
2012	10	14	11	24.0	32.5
2012	10	15	0	24.1	33.0
2012	10	16	0	24.6	33.2
2012	10	17	0	24.8	33.3
2012	10	18	0	25.7	34.2
2012	10	19	0	25.7	33.3
2012	10	20	0	24.3	32.6
2012	10	21	0	23.5	33.0
2012	10	22	0	23.0	33.2
2012	10	23	0	23.2	32.2
2012	10	24	0	22.7	32.0
2012	10	25	0	20.3	31.2
2012	10	26	0	20.4	31.0
2012	10	27	0	22.1	31.4
2012	10	28	0	22.4	30.8
2012	10	29	0	22.5	32.8
2012	10	30	0	21.8	33.2
2012	10	31	0	22.4	33.0
2012	11	1	0	22.8	32.3
2012	11	2	0	23.3	31.4
2012	11	3	0	24.3	27.6
2012	11	4	4	20.9	23.8
2012	11	5	22	21.5	25.1
2012	11	6	18	21.8	24.5
2012	11	7	24	22.2	28.7
2012	11	8	0	21.7	29.0
2012	11	9	0	19.8	28.6
2012	11	10	0	17.4	28.7
2012	11	11	0	18.5	29.0
2012	11	12	0	17.6	29.4
2012	11	13	0	18.2	29.0
2012	11	14	0	18.5	29.3
2012	11	15	0	17.7	29.5
2012	11	16	0	17.8	30.3
2012	11	17	0	18.2	30.7
2012	11	18	0	22.4	32.4
2012	11	19	0	20.6	32.4
2012	11	20	0	23.4	31.8
2012	11	21	0	21.2	31.0
2012	11	22	0	20.5	28.6
2012	11	23	0	16.7	28.1
2012	11	24	0	15.3	27.2
2012	11	25	0	15.4	27.0
2012	11	26	0	15.0	28.0
2012	11	27	0	14.8	27.0
2012	11	28	0	15.0	27.2
2012	11	29	0	15.7	27.5
2012	11	30	0	16.0	27.2
2012	12	1	0	16.0	28.5
2012	12	2	0	16.2	28.4
2012	12	3	0	17.6	27.7
2012	12	4	0	15.8	27.6
2012	12	5	0	15.0	27.2
2012	12	6	0	14.7	26.4
2012	12	7	0	13.8	26.7
2012	12	8	0	15.2	26.3
2012	12	9	0	16.4	26.5
2012	12	10	0	16.5	25.0
2012	12	11	0	15.6	23.1
2012	12	12	5	16.2	25.5
2012	12	13	0	17.7	26.5
2012	12	14	0	18.5	26.8
2012	12	15	0	16.8	26.4
2012	12	16	0	15.9	25.0
2012	12	17	0	16.8	24.7
2012	12	18	0	15.0	19.3
2012	12	19	0	15.2	22.5
2012	12	20	0	15.0	22.4
2012	12	21	0	13.5	23.6
2012	12	22	0	12.3	20.2
2012	12	23	0	13.6	21.6
2012	12	24	0	12.7	22.2
2012	12	25	0	13.0	21.0
2012	12	26	0	12.4	20.8
2012	12	27	0	11.8	20.5
2012	12	28	0	10.7	15.7
2012	12	29	0	10.5	19.5
2012	12	30	0	9.6	21.6
2012	12	31	0	10.8	23.7
2013	1	1	0	11.0	24.6
2013	1	2	0	11.5	26.7
2013	1	3	0	14.9	25.2
2013	1	4	0	14.8	25.6
2013	1	5	0	14.6	25.0
2013	1	6	0	12.0	23.7
2013	1	7	0	14.8	21.3
2013	1	8	0	9.6	18.2
2013	1	9	0	7.2	15.0
2013	1	10	0	7.6	18.2
2013	1	11	0	8.0	19.4
2013	1	12	0	7.9	22.3
2013	1	13	0	10.5	24.1
2013	1	14	0	11.4	25.6
2013	1	15	0	12.3	26.5
2013	1	16	0	12.0	26.6
2013	1	17	0	13.0	26.9
2013	1	18	0	14.0	28.1
2013	1	19	0	14.2	28.0
2013	1	20	0	16.8	26.6
2013	1	21	0	16.0	24.8
2013	1	22	0	14.5	25.4
2013	1	23	0	13.7	25.7
2013	1	24	0	13.1	26.3
2013	1	25	0	8.8	23.0
2013	1	26	0	10.8	22.8
2013	1	27	0	11.4	22.4
2013	1	28	0	13.2	24.6
2013	1	29	0	13.6	25.0
2013	1	30	0	12.6	26.2
2013	1	31	0	14.1	27.2
2013	2	1	0	14.5	25.5
2013	2	2	0	14.3	27.4
2013	2	3	0	17.3	28.3
2013	2	4	0	16.2	28.7
2013	2	5	0	15.4	30.2
2013	2	6	0	16.5	31.7
2013	2	7	0	18.0	30.2
2013	2	8	0	19.4	28.2
2013	2	9	0	17.2	26.2
2013	2	10	0	15.8	27.5
2013	2	11	0	16.8	28.5
2013	2	12	0	17.8	29.8
2013	2	13	0	18.8	29.0
2013	2	14	0	19.2	29.4
2013	2	15	0	15.0	30.6
2013	2	16	0	18.7	29.5
2013	2	17	0	19.7	23.3
2013	2	18	8	16.0	21.5
2013	2	19	0	14.0	26.0
2013	2	20	0	16.5	27.9
2013	2	21	0	17.7	28.6
2013	2	22	0	19.0	31.2
2013	2	23	0	19.0	31.6
2013	2	24	0	20.3	32.2
2013	2	25	0	19.0	32.4
2013	2	26	0	20.6	31.0
2013	2	27	0	20.2	31.2
2013	2	28	0	17.4	32.0
2013	3	1	0	20.0	29.4
2013	3	2	0	16.7	30.3
2013	3	3	0	19.0	31.0
2013	3	4	0	18.4	32.0
2013	3	5	0	17.4	31.9
2013	3	6	0	18.7	33.0
2013	3	7	0	19.4	33.5
2013	3	8	0	20.2	32.8
2013	3	9	0	19.5	32.8
2013	3	10	0	19.2	33.6
2013	3	11	0	22.3	32.0
2013	3	12	0	23.4	31.7
2013	3	13	0	24.8	33.4
2013	3	14	8	23.0	34.1
2013	3	15	0	24.8	34.7
2013	3	16	0	24.2	34.4
2013	3	17	0	22.4	33.6
2013	3	18	0	20.2	32.3
2013	3	19	0	22.2	33.8
2013	3	20	0	22.4	34.5
2013	3	21	0	24.6	34.2
2013	3	22	0	22.5	35.2
2013	3	23	17	21.3	33.9
2013	3	24	1	24.8	33.5
2013	3	25	0	25.2	35.4
2013	3	26	0	25.3	36.0
2013	3	27	0	24.7	35.4
2013	3	28	0	24.2	35.2
2013	3	29	0	24.8	33.5
2013	3	30	0	24.0	34.5
2013	3	31	0	25.0	33.6
2013	4	1	2	20.5	33.2
2013	4	2	0	24.8	35.0
2013	4	3	0	25.5	36.0
2013	4	4	0	26.0	36.8
2013	4	5	0	25.5	35.4
2013	4	6	0	23.8	35.8
2013	4	7	0	23.2	35.0
2013	4	8	0	25.4	36.5
2013	4	9	0	26.0	37.0
2013	4	10	0	26.4	36.4
2013	4	11	0	26.8	35.2
2013	4	12	0	27.2	36.8
2013	4	13	0	26.5	36.3
2013	4	14	0	26.7	33.5
2013	4	15	0	24.8	34.4
2013	4	16	0	23.0	30.2
2013	4	17	3	19.8	30.0
2013	4	18	4	20.2	32.0
2013	4	19	0	24.0	34.0
2013	4	20	9	20.4	32.4
2013	4	21	0	23.8	32.6
2013	4	22	0	23.0	29.6
2013	4	23	1	20.8	31.7
2013	4	24	0	22.7	34.2
2013	4	25	0	24.4	35.4
2013	4	26	0	26.6	36.2
2013	4	27	0	26.8	32.4
2013	4	28	13	22.8	32.7
2013	4	29	0	26.0	35.0
2013	4	30	0	27.3	34.8
2013	5	1	0	28.3	35.6
2013	5	2	0	28.8	35.8
2013	5	3	0	28.2	37.1
2013	5	4	0	28.0	32.5
2013	5	5	4	20.0	29.6
2013	5	6	2	20.7	24.6
2013	5	7	17	21.8	30.0
2013	5	8	18	24.4	34.2
2013	5	9	40	23.5	30.4
2013	5	10	0	26.7	34.5
2013	5	11	0	28.5	33.3
2013	5	12	7	23.6	31.1
2013	5	13	3	23.8	33.6
2013	5	14	19	22.8	32.8
2013	5	15	0	24.8	32.5
2013	5	16	3	21.2	24.5
2013	5	17	75	21.1	31.8
2013	5	18	0	25.2	33.2
2013	5	19	3	24.4	34.2
2013	5	20	0	27.5	32.8
2013	5	21	30	24.6	29.5
2013	5	22	4	24.5	28.6
2013	5	23	1	24.0	27.2
2013	5	24	109	23.9	29.0
2013	5	25	22	24.1	32.0
2013	5	26	0	26.1	33.6
2013	5	27	0	26.5	35.0
2013	5	28	0	26.2	33.0
2013	5	29	1	26.1	32.0
2013	5	30	1	26.0	29.8
2013	5	31	19	24.2	29.7
2013	6	1	12	22.0	34.6
2013	6	2	0	27.0	35.4
2013	6	3	0	27.8	36.4
2013	6	4	0	28.4	35.5
2013	6	5	0	28.8	35.3
2013	6	6	1	28.2	33.0
2013	6	7	37	25.6	27.3
2013	6	8	20	25.6	33.8
2013	6	9	0	27.8	32.7
2013	6	10	0	27.6	34.8
2013	6	11	0	28.7	36.0
2013	6	12	0	28.1	35.4
2013	6	13	0	28.0	34.8
2013	6	14	0	27.5	32.8
2013	6	15	1	27.4	35.0
2013	6	16	0	27.7	35.8
2013	6	17	0	28.6	35.9
2013	6	18	0	28.8	36.0
2013	6	19	0	29.3	35.2
2013	6	20	9	26.0	33.8
2013	6	21	34	25.8	35.7
2013	6	22	11	26.4	34.5
2013	6	23	0	28.0	34.6
2013	6	24	1	27.0	33.6
2013	6	25	1	27.2	30.5
2013	6	26	32	26.2	32.0
2013	6	27	10	27.0	32.3
2013	6	28	14	26.5	30.4
2013	6	29	85	25.5	28.6
2013	6	30	57	26.3	29.2
2013	7	1	5	26.5	33.2
2013	7	2	0	27.3	33.5
2013	7	3	0	27.7	34.0
2013	7	4	0	27.1	31.4
2013	7	5	28	25.9	33.4
2013	7	6	0	27.6	33.5
2013	7	7	0	27.8	34.3
2013	7	8	0	27.7	34.2
2013	7	9	0	27.7	34.0
2013	7	10	0	28.2	33.5
2013	7	11	1	27.9	33.0
2013	7	12	0	27.4	33.0
2013	7	13	5	26.2	31.4
2013	7	14	6	27.0	32.0
2013	7	15	3	27.3	33.7
2013	7	16	0	27.7	33.6
2013	7	17	1	26.4	32.4
2013	7	18	1	27.2	33.2
2013	7	19	2	26.5	31.8
2013	7	20	41	26.4	32.5
2013	7	21	11	27.7	33.5
2013	7	22	2	28.0	34.5
2013	7	23	0	28.6	34.6
2013	7	24	1	28.3	34.2
2013	7	25	0	27.8	33.5
2013	7	26	5	26.6	30.0
2013	7	27	29	25.2	28.3
2013	7	28	122	24.5	27.7
2013	7	29	35	25.0	31.5
2013	7	30	3	26.4	32.6
2013	7	31	1	26.6	31.0
2013	8	1	4	25.5	32.0
2013	8	2	6	27.2	33.4
2013	8	3	0	27.5	34.5
2013	8	4	17	27.0	33.0
2013	8	5	0	27.5	32.5
2013	8	6	3	25.5	28.0
2013	8	7	20	24.5	30.6
2013	8	8	39	25.1	32.2
2013	8	9	1	25.0	33.8
2013	8	10	1	26.4	30.4
2013	8	11	18	24.5	30.8
2013	8	12	4	26.3	31.0
2013	8	13	4	26.2	32.8
2013	8	14	1	26.3	31.7
2013	8	15	0	26.0	29.6
2013	8	16	30	25.0	31.3
2013	8	17	8	25.5	31.3
2013	8	18	1	25.6	32.3
2013	8	19	0	26.2	30.6
2013	8	20	0	26.0	29.7
2013	8	21	1	25.3	30.5
2013	8	22	11	25.5	32.6
2013	8	23	7	26.7	33.5
2013	8	24	0	27.8	33.8
2013	8	25	0	28.0	35.0
2013	8	26	0	28.8	34.2
2013	8	27	17	25.5	32.2
2013	8	28	5	26.5	31.9
2013	8	29	4	26.3	31.6
2013	8	30	9	26.6	33.0
2013	8	31	1	27.5	33.5
2013	9	1	0	27.4	33.2
2013	9	2	2	27.5	32.2
2013	9	3	1	27.0	32.6
2013	9	4	5	27.0	33.5
2013	9	5	11	25.2	32.7
2013	9	6	4	27.2	34.0
2013	9	7	5	26.5	33.0
2013	9	8	0	25.5	26.6
2013	9	9	0	24.6	30.1
2013	9	10	0	25.5	31.6
2013	9	11	0	25.0	32.0
2013	9	12	3	26.2	32.3
2013	9	13	26	26.8	35.7
2013	9	14	12	24.5	31.0
2013	9	15	0	24.2	33.8
2013	9	16	0	25.0	32.8
2013	9	17	0	27.4	33.4
2013	9	18	12	26.5	34.2
2013	9	19	0	26.6	32.9
2013	9	20	2	27.3	34.0
2013	9	21	0	26.8	35.0
2013	9	22	4	27.9	34.3
2013	9	23	0	27.2	34.2
2013	9	24	0	28.4	35.0
2013	9	25	27	28.1	31.6
2013	9	26	1	25.7	33.5
2013	9	27	20	26.0	33.5
2013	9	28	0	26.0	30.5
2013	9	29	1	26.6	30.1
2013	9	30	2	24.2	29.6
2013	10	1	5	25.1	33.6
2013	10	2	0	25.6	35.0
2013	10	3	0	24.8	31.7
2013	10	4	4	25.0	28.5
2013	10	5	30	24.5	30.5
2013	10	6	13	24.7	29.0
2013	10	7	3	24.5	31.2
2013	10	8	1	25.3	32.3
2013	10	9	0	24.4	32.4
2013	10	10	0	25.6	34.0
2013	10	11	0	24.3	34.7
2013	10	12	0	25.4	35.2
2013	10	13	4	25.8	32.2
2013	10	14	1	26.4	33.2
2013	10	15	0	26.7	33.4
2013	10	16	6	25.2	31.4
2013	10	17	1	25.5	33.3
2013	10	18	0	25.3	34.0
2013	10	19	0	25.4	34.5
2013	10	20	0	26.0	33.2
2013	10	21	3	24.2	30.7
2013	10	22	35	23.3	28.0
2013	10	23	13	23.0	28.5
2013	10	24	0	23.5	32.5
2013	10	25	0	22.4	26.1
2013	10	26	11	22.8	24.6
2013	10	27	1	22.2	28.0
2013	10	28	0	23.2	30.6
2013	10	29	0	22.8	31.6
2013	10	30	0	22.4	31.5
2013	10	31	0	20.1	31.5
2013	11	1	0	21.0	30.9
2013	11	2	0	20.9	31.0
2013	11	3	0	21.5	31.5
2013	11	4	0	22.3	30.2
2013	11	5	0	20.8	29.4
2013	11	6	0	19.2	29.6
2013	11	7	0	19.4	31.0
2013	11	8	0	18.5	30.5
2013	11	9	0	18.5	31.0
2013	11	10	0	19.5	31.5
2013	11	11	0	20.4	30.8
2013	11	12	0	19.5	30.1
2013	11	13	0	17.4	29.5
2013	11	14	0	17.4	30.5
2013	11	15	0	18.1	31.8
2013	11	16	0	17.9	32.1
2013	11	17	0	18.6	32.0
2013	11	18	0	18.2	31.6
2013	11	19	0	17.2	29.4
2013	11	20	0	17.0	28.9
2013	11	21	0	16.6	28.7
2013	11	22	0	16.2	29.6
2013	11	23	0	17.2	29.0
2013	11	24	0	16.0	28.2
2013	11	25	0	17.4	28.6
2013	11	26	0	16.7	29.6
2013	11	27	0	17.7	29.0
2013	11	28	0	17.2	30.2
2013	11	29	0	18.4	29.6
2013	11	30	0	19.4	29.5
2013	12	1	0	18.8	29.4
2013	12	2	0	19.4	29.8
2013	12	3	0	17.6	29.0
2013	12	4	0	17.5	30.5
2013	12	5	0	18.3	29.0
2013	12	6	0	19.0	29.4
2013	12	7	0	16.8	28.7
2013	12	8	0	18.0	28.8
2013	12	9	0	17.0	28.5
2013	12	10	0	18.0	28.6
2013	12	11	0	16.8	28.0
2013	12	12	0	16.6	26.5
2013	12	13	0	13.4	26.4
2013	12	14	0	15.1	26.4
2013	12	15	0	14.0	26.3
2013	12	16	0	13.0	27.0
2013	12	17	0	13.0	28.0
2013	12	18	0	13.0	26.0
2013	12	19	0	14.3	25.0
2013	12	20	0	14.5	24.7
2013	12	21	4	16.8	24.4
2013	12	22	0	16.3	25.0
2013	12	23	0	17.0	26.6
2013	12	24	0	17.0	26.4
2013	12	25	0	15.3	21.4
2013	12	26	0	13.8	21.6
2013	12	27	0	12.3	20.6
2013	12	28	0	13.3	22.0
2013	12	29	0	13.2	21.8
2013	12	30	0	13.6	24.3
2013	12	31	0	11.8	23.7
2014	1	1	0	11.2	25.7
2014	1	2	0	13.5	25.2
2014	1	3	0	13.0	23.2
2014	1	4	0	13.5	22.5
2014	1	5	0	13.5	22.4
2014	1	6	0	13.6	20.4
2014	1	7	0	12.0	22.7
2014	1	8	0	10.7	22.8
2014	1	9	0	10.3	20.1
2014	1	10	0	11.0	23.1
2014	1	11	0	11.7	27.2
2014	1	12	0	16.4	25.0
2014	1	13	0	15.8	25.7
2014	1	14	0	14.8	22.2
2014	1	15	0	14.0	17.7
2014	1	16	0	14.2	21.6
2014	1	17	0	13.0	23.0
2014	1	18	0	13.6	27.8
2014	1	19	0	13.6	27.2
2014	1	20	0	16.4	23.9
2014	1	21	0	13.2	22.4
2014	1	22	0	12.5	28.2
2014	1	23	0	15.0	28.5
2014	1	24	0	16.3	26.7
2014	1	25	0	16.4	27.0
2014	1	26	0	16.0	25.0
2014	1	27	0	14.0	23.8
2014	1	28	0	13.0	22.5
2014	1	29	0	13.5	28.0
2014	1	30	0	13.5	27.4
2014	1	31	0	14.5	24.2
2014	2	1	0	13.8	25.0
2014	2	2	0	13.3	27.5
2014	2	3	0	12.0	25.0
2014	2	4	0	11.6	21.5
2014	2	5	0	12.5	26.8
2014	2	6	0	15.4	28.4
2014	2	7	0	15.2	29.0
2014	2	8	0	17.6	30.4
2014	2	9	0	19.0	30.0
2014	2	10	0	17.5	28.0
2014	2	11	0	17.4	27.7
2014	2	12	0	16.8	27.4
2014	2	13	0	14.8	27.7
2014	2	14	0	14.7	28.0
2014	2	15	0	17.5	24.2
2014	2	16	1	16.8	22.1
2014	2	17	8	17.0	23.0
2014	2	18	3	12.2	24.8
2014	2	19	0	14.2	27.4
2014	2	20	0	16.6	27.8
2014	2	21	0	14.0	27.5
2014	2	22	0	14.6	28.5
2014	2	23	0	17.5	28.5
2014	2	24	0	18.7	28.8
2014	2	25	0	19.4	29.0
2014	2	26	0	17.1	28.5
2014	2	27	0	16.6	29.2
2014	2	28	0	17.6	29.0
2014	3	1	0	17.7	28.6
2014	3	2	0	18.2	29.2
2014	3	3	0	18.5	29.4
2014	3	4	0	19.8	29.4
2014	3	5	0	19.6	29.0
2014	3	6	0	18.0	29.2
2014	3	7	0	17.1	29.4
2014	3	8	0	16.0	29.4
2014	3	9	0	16.3	30.2
2014	3	10	0	16.6	29.7
2014	3	11	0	18.8	31.0
2014	3	12	0	18.2	32.2
2014	3	13	0	21.6	33.2
2014	3	14	0	20.7	32.5
2014	3	15	0	19.0	32.1
2014	3	16	0	20.5	32.6
2014	3	17	0	18.2	33.6
2014	3	18	0	20.5	33.8
2014	3	19	0	24.2	34.0
2014	3	20	0	22.5	33.3
2014	3	21	0	20.1	32.7
2014	3	22	0	21.3	34.1
2014	3	23	10	20.0	31.4
2014	3	24	0	22.0	33.0
2014	3	25	0	20.5	32.1
2014	3	26	0	23.5	33.7
2014	3	27	0	25.2	36.0
2014	3	28	0	25.8	36.3
2014	3	29	0	25.5	38.0
2014	3	30	0	25.6	37.6
2014	3	31	0	25.6	37.8
2014	4	1	0	26.2	36.6
2014	4	2	0	26.0	36.4
2014	4	3	0	25.2	37.0
2014	4	4	54	18.9	30.6
2014	4	5	6	21.5	33.0
2014	4	6	0	24.2	35.0
2014	4	7	1	23.3	34.0
2014	4	8	0	26.8	34.2
2014	4	9	0	27.2	34.7
2014	4	10	0	25.0	35.4
2014	4	11	0	24.0	36.6
2014	4	12	0	25.5	35.8
2014	4	13	0	23.3	35.7
2014	4	14	0	23.6	36.0
2014	4	15	0	25.4	35.6
2014	4	16	0	25.2	37.2
2014	4	17	0	25.2	37.2
2014	4	18	0	24.8	37.7
2014	4	19	0	28.2	37.7
2014	4	20	0	26.0	38.5
2014	4	21	0	27.0	37.8
2014	4	22	0	22.6	39.0
2014	4	23	0	26.8	39.4
2014	4	24	0	27.8	40.2
2014	4	25	0	28.9	39.0
2014	4	26	0	28.0	38.0
2014	4	27	1	25.5	37.5
2014	4	28	0	22.5	35.0
2014	4	29	7	28.3	36.5
2014	4	30	11	20.3	36.0
2014	5	1	0	27.4	36.0
2014	5	2	15	21.1	33.5
2014	5	3	3	26.8	34.7
2014	5	4	0	23.8	35.5
2014	5	5	0	27.2	31.2
2014	5	6	0	25.6	35.5
2014	5	7	0	27.3	35.3
2014	5	8	22	23.7	36.0
2014	5	9	0	28.5	37.7
2014	5	10	0	28.6	35.6
2014	5	11	1	24.7	32.7
2014	5	12	3	26.5	35.8
2014	5	13	0	28.3	37.4
2014	5	14	15	27.0	37.0
2014	5	15	0	26.8	36.7
2014	5	16	0	26.7	37.8
2014	5	17	0	28.5	36.5
2014	5	18	0	28.4	37.0
2014	5	19	0	28.3	36.4
2014	5	20	0	28.3	37.4
2014	5	21	0	27.5	37.4
2014	5	22	0	28.0	36.8
2014	5	23	0	28.7	38.0
2014	5	24	0	29.5	35.7
2014	5	25	34	24.7	34.0
2014	5	26	20	24.7	33.8
2014	5	27	0	26.8	32.4
2014	5	28	10	25.1	30.8
2014	5	29	18	25.2	35.3
2014	5	30	0	27.5	31.2
2014	5	31	6	25.0	29.5
2014	6	1	5	24.2	31.1
2014	6	2	24	24.5	29.6
2014	6	3	52	25.5	33.4
2014	6	4	15	27.2	35.6
2014	6	5	0	27.8	36.4
2014	6	6	0	28.0	35.6
2014	6	7	0	28.2	35.2
2014	6	8	0	28.5	36.0
2014	6	9	0	29.0	35.4
2014	6	10	0	28.8	36.4
2014	6	11	0	29.0	33.8
2014	6	12	22	23.2	36.6
2014	6	13	0	23.9	34.0
2014	6	14	12	26.6	37.0
2014	6	15	0	27.8	36.7
2014	6	16	21	25.8	35.0
2014	6	17	0	29.0	32.4
2014	6	18	15	26.6	32.5
2014	6	19	0	27.0	32.5
2014	6	20	32	25.5	29.8
2014	6	21	13	26.0	28.0
2014	6	22	25	25.2	28.4
2014	6	23	14	25.3	28.2
2014	6	24	40	23.3	31.4
2014	6	25	19	24.7	33.3
2014	6	26	0	27.0	33.3
2014	6	27	1	26.9	31.2
2014	6	28	9	27.0	33.3
2014	6	29	13	26.4	31.4
2014	6	30	10	26.6	33.4
2014	7	1	0	26.6	33.5
2014	7	2	0	26.6	32.0
2014	7	3	1	27.4	30.2
2014	7	4	4	26.7	31.6
2014	7	5	5	25.8	28.7
2014	7	6	69	25.7	33.8
2014	7	7	3	26.5	34.0
2014	7	8	0	28.0	35.0
2014	7	9	37	26.8	34.6
2014	7	10	0	28.4	34.7
2014	7	11	2	27.0	34.7
2014	7	12	4	28.5	35.8
2014	7	13	0	28.9	34.2
2014	7	14	1	28.8	32.8
2014	7	15	0	27.3	31.5
2014	7	16	5	27.0	30.8
2014	7	17	8	27.3	32.5
2014	7	18	6	27.0	33.5
2014	7	19	3	26.6	32.6
2014	7	20	0	27.5	32.8
2014	7	21	4	25.6	29.4
2014	7	22	9	25.5	31.4
2014	7	23	8	26.6	32.0
2014	7	24	2	26.2	32.5
2014	7	25	0	27.5	34.4
2014	7	26	0	27.4	34.5
2014	7	27	11	25.8	32.0
2014	7	28	23	24.0	33.5
2014	7	29	3	26.0	32.5
2014	7	30	2	27.0	34.3
2014	7	31	2	27.2	33.2
2014	8	1	1	27.8	33.6
2014	8	2	1	28.3	34.4
2014	8	3	0	27.4	32.8
2014	8	4	5	25.8	31.5
2014	8	5	20	25.0	32.5
2014	8	6	11	25.7	33.4
2014	8	7	23	26.4	33.0
2014	8	8	1	27.5	32.6
2014	8	9	0	27.3	32.9
2014	8	10	0	27.0	32.8
2014	8	11	0	27.3	33.5
2014	8	12	2	27.6	32.5
2014	8	13	23	25.8	29.7
2014	8	14	14	24.8	28.8
2014	8	15	55	24.8	30.3
2014	8	16	10	25.4	29.5
2014	8	17	16	25.8	31.5
2014	8	18	0	27.0	32.7
2014	8	19	17	25.8	32.8
2014	8	20	75	25.7	33.0
2014	8	21	15	26.5	32.8
2014	8	22	0	27.0	32.5
2014	8	23	16	26.8	31.8
2014	8	24	0	27.0	32.5
2014	8	25	0	27.6	32.5
2014	8	26	0	25.4	32.5
2014	8	27	15	25.6	29.4
2014	8	28	9	24.3	30.6
2014	8	29	13	24.5	34.0
2014	8	30	0	27.2	33.6
2014	8	31	49	25.2	31.0
2014	9	1	1	26.0	31.8
2014	9	2	0	26.4	33.0
2014	9	3	0	26.4	33.0
2014	9	4	0	27.0	33.8
2014	9	5	1	26.7	33.0
2014	9	6	0	27.0	33.2
2014	9	7	0	27.0	32.8
2014	9	8	0	26.6	32.6
2014	9	9	0	27.2	33.4
2014	9	10	0	27.2	34.0
2014	9	11	0	27.4	34.0
2014	9	12	0	27.0	33.0
2014	9	13	1	26.8	33.5
2014	9	14	0	27.0	34.6
2014	9	15	0	27.7	34.2
2014	9	16	0	27.0	34.0
2014	9	17	0	27.4	34.8
2014	9	18	5	28.0	34.0
2014	9	19	9	25.3	31.5
2014	9	20	34	25.2	29.0
2014	9	21	37	25.8	30.4
2014	9	22	10	26.3	29.7
2014	9	23	35	26.0	30.0
2014	9	24	0	26.2	31.8
2014	9	25	18	24.6	32.0
2014	9	26	0	26.7	32.0
2014	9	27	4	24.2	34.4
2014	9	28	0	26.0	34.7
2014	9	29	0	26.0	34.2
2014	9	30	1	25.5	33.4
2014	10	1	0	25.7	34.5
2014	10	2	0	26.3	33.8
2014	10	3	0	26.5	33.2
2014	10	4	0	26.2	34.0
2014	10	5	0	26.0	35.4
2014	10	6	0	25.9	36.0
2014	10	7	2	23.9	35.0
2014	10	8	0	26.2	33.5
2014	10	9	0	25.7	34.3
2014	10	10	0	26.8	34.2
2014	10	11	1	26.8	29.0
2014	10	12	37	24.7	31.0
2014	10	13	0	26.0	33.0
2014	10	14	6	25.4	31.8
2014	10	15	2	25.5	33.0
2014	10	16	0	26.5	32.6
2014	10	17	0	23.5	32.0
2014	10	18	0	22.8	30.3
2014	10	19	0	22.6	31.2
2014	10	20	0	23.0	31.0
2014	10	21	0	22.4	32.8
2014	10	22	0	22.2	32.2
2014	10	23	0	22.0	32.0
2014	10	24	0	21.7	31.5
2014	10	25	0	22.5	33.0
2014	10	26	1	23.5	30.4
2014	10	27	0	22.5	27.2
2014	10	28	0	22.5	27.0
2014	10	29	0	19.5	30.4
2014	10	30	0	20.1	31.6
2014	10	31	0	20.5	31.4
2014	11	1	0	20.0	31.5
2014	11	2	0	21.5	32.0
2014	11	3	0	21.5	32.0
2014	11	4	0	23.2	32.0
2014	11	5	0	21.9	31.8
2014	11	6	0	21.2	33.2
2014	11	7	0	22.8	33.8
2014	11	8	0	24.4	33.2
2014	11	9	0	26.5	31.5
2014	11	10	0	23.0	32.2
2014	11	11	0	20.8	31.4
2014	11	12	0	20.0	31.5
2014	11	13	0	20.2	32.0
2014	11	14	0	20.2	30.3
2014	11	15	0	17.5	29.5
2014	11	16	0	17.2	28.8
2014	11	17	0	18.3	29.7
2014	11	18	0	19.2	29.8
2014	11	19	0	20.5	28.7
2014	11	20	0	21.0	28.9
2014	11	21	0	21.0	28.8
2014	11	22	0	16.5	29.2
2014	11	23	0	16.5	28.8
2014	11	24	0	16.2	28.5
2014	11	25	0	15.4	28.4
2014	11	26	0	17.8	27.5
2014	11	27	0	15.8	28.5
2014	11	28	0	17.0	27.5
2014	11	29	0	16.3	28.2
2014	11	30	0	17.0	27.5
2014	12	1	0	17.0	27.5
2014	12	2	0	16.7	27.6
2014	12	3	0	17.0	27.5
2014	12	4	0	17.8	28.0
2014	12	5	0	18.0	29.0
2014	12	6	0	17.4	29.2
2014	12	7	0	17.8	23.4
2014	12	8	0	16.3	23.9
2014	12	9	0	15.0	23.5
2014	12	10	0	14.7	23.7
2014	12	11	0	16.8	21.2
2014	12	12	0	13.7	20.7
2014	12	13	0	14.5	20.0
2014	12	14	0	16.0	25.4
2014	12	15	0	17.7	25.4
2014	12	16	0	14.6	27.6
2014	12	17	0	17.0	24.1
2014	12	18	0	12.8	22.4
2014	12	19	0	13.3	25.5
2014	12	20	0	13.8	27.8
2014	12	21	0	15.0	26.3
2014	12	22	0	14.4	25.8
2014	12	23	0	13.4	26.5
2014	12	24	0	13.2	26.8
2014	12	25	0	15.0	26.4
2014	12	26	0	13.4	16.5
2014	12	27	0	12.3	19.0
2014	12	28	0	13.2	21.6
2014	12	29	0	12.5	22.4
2014	12	30	0	13.0	23.0
2014	12	31	0	14.5	22.3
2015	1	1	0	17.5	25.9
2015	1	2	0	20.0	29.2
2015	1	3	0	20.8	29.9
2015	1	4	1	20.5	26.1
2015	1	5	0	18.0	23.7
2015	1	6	0	13.2	24.3
2015	1	7	0	13.0	22.5
2015	1	8	0	12.2	22.9
2015	1	9	0	13.7	23.3
2015	1	10	0	13.2	23.8
2015	1	11	0	11.4	21.0
2015	1	12	0	11.8	24.5
2015	1	13	0	12.6	26.5
2015	1	14	0	14.2	27.2
2015	1	15	0	13.9	28.1
2015	1	16	0	14.2	28.5
2015	1	17	2	16.5	24.0
2015	1	18	0	11.8	16.6
2015	1	19	0	12.5	16.2
2015	1	20	0	13.4	18.6
2015	1	21	0	11.7	23.0
2015	1	22	0	12.5	27.3
2015	1	23	0	13.8	26.7
2015	1	24	0	13.4	27.1
2015	1	25	0	15.0	26.5
2015	1	26	0	13.3	26.3
2015	1	27	0	15.2	27.0
2015	1	28	0	14.7	27.0
2015	1	29	0	17.4	27.7
2015	1	30	0	17.2	23.0
2015	1	31	0	14.0	23.5
2015	2	1	0	12.8	23.3
2015	2	2	0	14.8	27.2
2015	2	3	0	14.1	29.4
2015	2	4	0	14.0	29.2
2015	2	5	0	16.2	28.5
2015	2	6	0	17.3	25.7
2015	2	7	0	14.1	25.1
2015	2	8	0	14.3	26.4
2015	2	9	0	15.0	27.2
2015	2	10	0	17.0	26.8
2015	2	11	0	16.0	26.3
2015	2	12	0	13.2	26.3
2015	2	13	0	14.5	26.9
2015	2	14	0	14.8	28.4
2015	2	15	4	16.8	27.0
2015	2	16	0	16.6	28.7
2015	2	17	0	15.3	29.4
2015	2	18	0	18.4	29.8
2015	2	19	2	17.5	27.4
2015	2	20	11	17.2	28.8
2015	2	21	0	18.6	29.4
2015	2	22	0	20.4	30.0
2015	2	23	0	19.4	32.2
2015	2	24	0	20.3	31.4
2015	2	25	0	21.8	29.8
2015	2	26	0	21.8	32.0
2015	2	27	0	21.7	31.3
2015	2	28	0	22.7	31.8
2015	3	1	0	21.5	33.0
2015	3	2	0	21.7	32.9
2015	3	3	0	20.3	30.2
2015	3	4	0	21.0	26.5
2015	3	5	4	20.0	28.0
2015	3	6	0	15.0	28.1
2015	3	7	0	15.0	28.7
2015	3	8	0	16.6	31.1
2015	3	9	0	17.2	31.7
2015	3	10	0	19.3	32.3
2015	3	11	0	19.0	31.1
2015	3	12	0	15.9	31.0
2015	3	13	0	17.3	31.3
2015	3	14	0	19.2	33.6
2015	3	15	0	21.0	34.0
2015	3	16	0	22.7	31.3
2015	3	17	0	21.0	32.2
2015	3	18	0	24.4	32.5
2015	3	19	0	20.1	32.0
2015	3	20	0	19.0	31.8
2015	3	21	0	20.6	33.0
2015	3	22	0	19.2	33.6
2015	3	23	0	20.7	34.8
2015	3	24	0	23.2	36.4
2015	3	25	0	25.0	34.8
2015	3	26	0	22.0	33.4
2015	3	27	0	24.0	34.0
2015	3	28	0	25.8	33.1
2015	3	29	0	25.0	33.6
2015	3	30	0	25.1	34.2
2015	3	31	0	23.3	31.1
2015	4	1	0	22.4	31.8
2015	4	2	58	20.3	33.2
2015	4	3	0	23.8	34.5
2015	4	4	2	24.0	34.3
2015	4	5	30	19.5	30.4
2015	4	6	21	20.8	30.4
2015	4	7	0	22.6	32.4
2015	4	8	17	20.8	30.5
2015	4	9	0	24.4	33.5
2015	4	10	0	24.8	35.0
2015	4	11	0	26.3	34.5
2015	4	12	0	26.2	33.8
2015	4	13	0	24.4	33.5
2015	4	14	0	24.7	34.8
2015	4	15	1	24.9	35.5
2015	4	16	0	27.0	34.0
2015	4	17	0	26.6	33.2
2015	4	18	0	25.4	34.4
2015	4	19	15	20.1	30.8
2015	4	20	0	24.2	34.4
2015	4	21	0	25.8	35.0
2015	4	22	0	23.4	32.6
2015	4	23	6	21.0	32.0
2015	4	24	2	21.1	31.5
2015	4	25	0	20.2	25.5
2015	4	26	14	20.9	29.7
2015	4	27	0	22.5	32.8
2015	4	28	0	22.0	33.2
2015	4	29	0	25.5	33.4
2015	4	30	0	26.0	33.9
2015	5	1	0	24.8	33.4
2015	5	2	0	25.9	34.0
2015	5	3	12	24.3	35.0
2015	5	4	0	23.5	34.8
2015	5	5	0	27.0	35.3
2015	5	6	0	27.0	35.1
2015	5	7	0	27.5	33.8
2015	5	8	8	20.1	29.0
2015	5	9	0	24.0	34.0
2015	5	10	0	27.7	32.6
2015	5	11	1	21.5	31.6
2015	5	12	27	21.0	32.1
2015	5	13	16	21.7	34.5
2015	5	14	0	27.8	36.4
2015	5	15	0	28.0	34.5
2015	5	16	46	24.0	33.4
2015	5	17	1	26.8	34.8
2015	5	18	0	26.0	34.5
2015	5	19	0	26.5	34.2
2015	5	20	0	27.6	35.2
2015	5	21	0	28.0	35.8
2015	5	22	11	25.3	36.0
2015	5	23	0	29.8	36.4
2015	5	24	12	22.6	32.2
2015	5	25	0	26.1	34.0
2015	5	26	0	25.2	33.2
2015	5	27	38	22.6	30.6
2015	5	28	4	27.0	35.1
2015	5	29	1	27.2	35.5
2015	5	30	8	26.0	33.8
2015	5	31	0	27.2	35.5
2015	6	1	0	28.4	36.0
2015	6	2	0	29.0	36.2
2015	6	3	20	25.0	35.7
2015	6	4	0	27.7	36.2
2015	6	5	0	28.6	36.5
2015	6	6	0	28.3	34.8
2015	6	7	0	28.3	35.6
2015	6	8	0	28.3	36.0
2015	6	9	0	27.2	35.0
2015	6	10	1	28.8	31.2
2015	6	11	1	24.4	26.7
2015	6	12	63	23.2	33.1
2015	6	13	8	27.3	31.6
2015	6	14	38	24.2	32.5
2015	6	15	5	25.4	31.6
2015	6	16	8	25.4	31.6
2015	6	17	20	26.5	32.6
2015	6	18	0	27.4	33.4
2015	6	19	1	27.3	35.0
2015	6	20	0	27.9	34.2
2015	6	21	0	27.9	33.0
2015	6	22	3	26.2	29.3
2015	6	23	19	26.0	30.7
2015	6	24	3	26.9	30.5
2015	6	25	9	26.3	29.2
2015	6	26	83	25.5	29.5
2015	6	27	67	25.8	28.3
2015	6	28	26	25.2	30.0
2015	6	29	0	25.8	33.4
2015	6	30	0	26.5	33.0
2015	7	1	0	27.0	34.0
2015	7	2	4	27.0	32.5
2015	7	3	0	26.3	34.0
2015	7	4	0	28.0	35.2
2015	7	5	5	25.6	33.0
2015	7	6	1	27.3	34.0
2015	7	7	0	27.5	33.6
2015	7	8	29	25.4	32.8
2015	7	9	36	25.6	28.5
2015	7	10	40	25.7	31.0
2015	7	11	38	25.0	33.6
2015	7	12	0	28.0	33.4
2015	7	13	0	27.8	35.0
2015	7	14	0	28.9	35.5
2015	7	15	13	27.5	29.6
2015	7	16	63	25.0	30.6
2015	7	17	14	25.6	30.0
2015	7	18	50	25.1	28.3
2015	7	19	90	24.9	27.2
2015	7	20	33	25.3	28.5
2015	7	21	44	25.2	30.7
2015	7	22	4	26.7	31.0
2015	7	23	2	26.4	32.7
2015	7	24	12	26.0	30.0
2015	7	25	72	25.4	30.1
2015	7	26	1	25.2	31.6
2015	7	27	27	23.6	27.9
2015	7	28	19	24.4	33.2
2015	7	29	13	25.2	35.3
2015	7	30	0	28.1	34.3
2015	7	31	13	24.0	26.5
2015	8	1	74	23.8	29.5
2015	8	2	46	25.2	30.3
2015	8	3	21	25.9	32.4
2015	8	4	10	27.0	33.2
2015	8	5	0	27.2	34.4
2015	8	6	0	27.7	34.1
2015	8	7	0	27.8	33.4
2015	8	8	2	27.2	34.3
2015	8	9	0	27.5	34.5
2015	8	10	0	28.0	34.4
2015	8	11	0	27.6	34.7
2015	8	12	0	28.5	33.2
2015	8	13	1	27.7	33.3
2015	8	14	6	27.7	31.2
2015	8	15	10	27.5	33.0
2015	8	16	0	25.8	32.5
2015	8	17	23	27.5	32.7
2015	8	18	4	27.0	32.0
2015	8	19	7	26.5	32.5
2015	8	20	38	25.9	32.5
2015	8	21	88	24.7	29.6
2015	8	22	8	25.0	33.3
2015	8	23	0	27.0	31.6
2015	8	24	7	26.9	33.0
2015	8	25	0	27.6	33.2
2015	8	26	0	27.7	33.1
2015	8	27	0	27.2	33.0
2015	8	28	2	27.3	32.5
2015	8	29	7	26.5	32.1
2015	8	30	3	27.8	31.8
2015	8	31	38	27.3	29.8
2015	9	1	25	26.0	30.3
2015	9	2	64	25.0	28.5
2015	9	3	36	25.4	30.8
2015	9	4	5	24.8	31.0
2015	9	5	0	25.7	33.4
2015	9	6	5	25.8	34.7
2015	9	7	5	26.0	34.1
2015	9	8	10	24.0	34.4
2015	9	9	0	26.2	34.6
2015	9	10	2	28.1	35.4
2015	9	11	4	27.3	33.7
2015	9	12	9	26.6	34.9
2015	9	13	0	27.0	34.6
2015	9	14	24	27.0	33.6
2015	9	15	0	27.5	33.2
2015	9	16	0	27.8	33.8
2015	9	17	0	27.2	34.5
2015	9	18	0	27.8	36.5
2015	9	19	0	26.2	28.9
2015	9	20	18	25.7	27.3
2015	9	21	60	25.0	30.7
2015	9	22	16	25.4	29.8
2015	9	23	17	25.8	29.5
2015	9	24	46	25.5	31.2
2015	9	25	0	26.7	34.5
2015	9	26	0	24.0	34.7
2015	9	27	0	24.5	33.5
2015	9	28	0	24.8	33.8
2015	9	29	0	26.0	34.6
2015	9	30	0	26.8	35.4
2015	10	1	0	27.4	35.5
2015	10	2	0	28.5	35.0
2015	10	3	0	27.6	32.5
2015	10	4	2	26.2	34.3
2015	10	5	0	26.7	35.2
2015	10	6	10	25.6	33.8
2015	10	7	0	27.0	33.5
2015	10	8	9	25.4	28.4
2015	10	9	1	25.0	32.4
2015	10	10	0	24.5	33.1
2015	10	11	2	25.0	32.0
2015	10	12	0	24.7	30.2
2015	10	13	18	22.8	30.7
2015	10	14	9	23.4	30.6
2015	10	15	0	24.0	31.0
2015	10	16	0	23.4	32.6
2015	10	17	0	24.0	32.4
2015	10	18	0	23.8	33.0
2015	10	19	0	23.9	33.0
2015	10	20	0	23.7	32.8
2015	10	21	0	24.3	32.6
2015	10	22	0	23.6	32.5
2015	10	23	0	24.6	32.7
2015	10	24	0	22.4	32.8
2015	10	25	0	21.6	32.4
2015	10	26	0	20.7	32.3
2015	10	27	0	21.0	32.0
2015	10	28	0	20.3	31.4
2015	10	29	0	22.0	32.0
2015	10	30	0	22.3	31.1
2015	10	31	0	24.0	30.4
2015	11	1	0	22.5	29.3
2015	11	2	0	22.0	30.0
2015	11	3	0	21.9	31.4
2015	11	4	0	22.4	32.9
2015	11	5	0	22.4	31.2
2015	11	6	0	22.9	32.0
2015	11	7	0	21.0	31.5
2015	11	8	0	20.5	31.2
2015	11	9	0	19.0	29.6
2015	11	10	0	19.2	30.6
2015	11	11	0	19.6	30.6
2015	11	12	0	19.8	31.0
2015	11	13	0	19.3	30.5
2015	11	14	0	19.6	30.6
2015	11	15	0	21.2	29.3
2015	11	16	0	20.2	30.5
2015	11	17	0	21.5	28.5
2015	11	18	0	22.0	28.5
2015	11	19	0	21.0	29.5
2015	11	20	0	18.8	31.6
2015	11	21	0	18.2	31.8
2015	11	22	0	18.5	31.4
2015	11	23	0	17.5	30.2
2015	11	24	0	18.2	30.0
2015	11	25	0	18.4	29.0
2015	11	26	0	17.6	28.5
2015	11	27	0	17.6	27.6
2015	11	28	0	18.5	28.6
2015	11	29	0	18.0	29.8
2015	11	30	0	18.5	29.8
2015	12	1	0	20.5	30.3
2015	12	2	0	21.3	28.0
2015	12	3	0	21.5	29.2
2015	12	4	0	20.2	27.5
2015	12	5	0	17.3	29.3
2015	12	6	0	18.2	27.4
2015	12	7	0	20.2	25.8
2015	12	8	0	18.3	26.4
2015	12	9	0	17.3	27.7
2015	12	10	0	16.7	27.4
2015	12	11	0	18.0	26.7
2015	12	12	0	19.2	27.5
2015	12	13	0	21.8	27.6
2015	12	14	0	18.5	24.8
2015	12	15	0	17.4	24.2
2015	12	16	0	14.4	24.5
2015	12	17	0	11.5	24.4
2015	12	18	0	15.0	22.2
2015	12	19	1	13.3	23.6
2015	12	20	0	13.2	24.0
2015	12	21	0	12.0	24.0
2015	12	22	0	13.0	25.5
2015	12	23	0	12.9	24.8
2015	12	24	0	14.0	24.6
2015	12	25	0	16.0	22.8
2015	12	26	0	13.5	25.2
2015	12	27	0	13.8	25.2
2015	12	28	0	12.5	25.4
2015	12	29	0	13.0	26.0
2015	12	30	0	14.0	25.8
2015	12	31	0	15.5	26.4
2016	1	1	0	14.8	27.6
2016	1	2	0	14.2	27.0
2016	1	3	0	14.8	25.8
2016	1	4	0	15.4	26.5
2016	1	5	0	15.3	25.8
2016	1	6	0	15.8	26.0
2016	1	7	0	14.6	26.6
2016	1	8	0	14.4	26.8
2016	1	9	0	17.0	25.2
2016	1	10	0	17.5	24.4
2016	1	11	0	12.5	25.1
2016	1	12	0	13.4	24.5
2016	1	13	0	13.6	24.1
2016	1	14	0	14.2	25.4
2016	1	15	0	14.0	26.0
2016	1	16	0	14.9	26.6
2016	1	17	0	13.4	26.7
2016	1	18	0	13.0	25.7
2016	1	19	0	14.4	25.4
2016	1	20	0	16.7	22.8
2016	1	21	3	15.8	22.7
2016	1	22	0	14.8	20.0
2016	1	23	0	13.2	20.8
2016	1	24	0	11.4	22.0
2016	1	25	0	11.5	23.1
2016	1	26	0	10.2	22.1
2016	1	27	0	10.0	25.0
2016	1	28	0	14.4	25.8
2016	1	29	0	14.0	25.2
2016	1	30	0	13.4	24.4
2016	1	31	0	16.1	26.0
2016	2	1	0	18.1	28.0
2016	2	2	0	16.8	28.6
2016	2	3	0	17.6	27.8
2016	2	4	0	17.0	26.6
2016	2	5	0	14.4	26.7
2016	2	6	0	13.3	26.8
2016	2	7	0	13.6	28.4
2016	2	8	0	15.6	29.1
2016	2	9	1	18.6	27.5
2016	2	10	0	19.5	28.0
2016	2	11	0	17.5	27.9
2016	2	12	4	19.5	29.5
2016	2	13	0	19.2	29.0
2016	2	14	0	18.8	28.6
2016	2	15	0	19.6	30.6
2016	2	16	0	20.3	31.5
2016	2	17	0	19.5	31.0
2016	2	18	0	19.5	32.2
2016	2	19	0	21.8	33.6
2016	2	20	0	22.4	34.0
2016	2	21	0	23.0	34.0
2016	2	22	0	23.3	31.4
2016	2	23	0	20.5	31.0
2016	2	24	0	20.0	26.4
2016	2	25	8	20.5	30.4
2016	2	26	0	20.0	31.2
2016	2	27	0	22.4	31.2
2016	2	28	0	20.6	31.3
2016	2	29	0	20.5	31.9
2016	3	1	0	19.9	32.1
2016	3	2	0	21.4	32.4
2016	3	3	0	21.0	33.0
2016	3	4	0	23.4	33.5
2016	3	5	0	22.0	33.4
2016	3	6	0	23.2	33.6
2016	3	7	17	19.5	33.0
2016	3	8	0	22.5	32.7
2016	3	9	0	22.5	34.5
2016	3	10	0	25.0	34.4
2016	3	11	0	25.0	34.5
2016	3	12	0	24.6	34.2
2016	3	13	0	24.4	31.2
2016	3	14	0	21.0	31.6
2016	3	15	0	20.7	32.6
2016	3	16	0	23.0	32.4
2016	3	17	2	21.5	33.5
2016	3	18	0	19.5	33.8
2016	3	19	19	20.3	31.0
2016	3	20	0	23.4	32.0
2016	3	21	0	24.6	34.8
2016	3	22	0	25.5	34.2
2016	3	23	0	24.6	34.0
2016	3	24	0	20.8	34.5
2016	3	25	0	21.4	34.6
2016	3	26	0	23.6	34.7
2016	3	27	0	24.8	33.2
2016	3	28	0	25.5	29.2
2016	3	29	1	20.8	33.6
2016	3	30	13	21.5	33.8
2016	3	31	3	22.5	30.5
2016	4	1	28	18.2	27.0
2016	4	2	0	20.6	28.0
2016	4	3	2	24.4	31.5
2016	4	4	9	25.0	33.4
2016	4	5	16	26.4	31.2
2016	4	6	0	26.7	34.5
2016	4	7	0	27.1	35.2
2016	4	8	0	27.0	36.0
2016	4	9	0	26.8	34.8
2016	4	10	0	27.1	36.0
2016	4	11	0	26.8	36.6
2016	4	12	0	27.3	37.0
2016	4	13	0	27.5	36.8
2016	4	14	0	27.7	36.2
2016	4	15	0	27.8	35.6
2016	4	16	0	27.8	34.6
2016	4	17	0	28.4	35.4
2016	4	18	0	28.0	33.8
2016	4	19	0	27.5	36.0
2016	4	20	0	27.8	35.9
2016	4	21	0	28.0	35.5
2016	4	22	0	28.2	36.4
2016	4	23	0	28.7	36.4
2016	4	24	0	28.4	39.0
2016	4	25	0	28.0	37.0
2016	4	26	0	28.4	36.6
2016	4	27	0	28.2	36.8
2016	4	28	0	28.2	36.5
2016	4	29	0	27.0	37.4
2016	4	30	0	28.4	37.0
2016	5	1	0	28.0	37.0
2016	5	2	10	21.3	33.0
2016	5	3	0	22.0	32.4
2016	5	4	0	23.6	33.6
2016	5	5	0	25.5	35.2
2016	5	6	0	25.4	35.0
2016	5	7	0	24.2	31.6
2016	5	8	11	22.8	34.0
2016	5	9	0	26.3	35.6
2016	5	10	2	25.5	35.7
2016	5	11	0	26.1	36.4
2016	5	12	0	27.3	36.0
2016	5	13	17	22.4	33.1
2016	5	14	29	22.6	34.0
2016	5	15	2	26.8	34.7
2016	5	16	0	27.0	35.0
2016	5	17	0	28.4	35.4
2016	5	18	0	26.9	32.8
2016	5	19	22	24.0	30.6
2016	5	20	1	24.0	28.8
2016	5	21	21	23.8	26.2
2016	5	22	52	23.6	32.8
2016	5	23	0	26.7	35.0
2016	5	24	0	27.6	35.0
2016	5	25	5	24.2	34.1
2016	5	26	19	22.2	34.6
2016	5	27	3	23.0	33.2
2016	5	28	4	24.9	29.0
2016	5	29	14	24.6	34.2
2016	5	30	0	25.8	35.5
2016	5	31	0	25.4	34.7
2016	6	1	3	25.2	32.8
2016	6	2	0	25.8	35.4
2016	6	3	0	28.0	36.0
2016	6	4	0	27.8	35.0
2016	6	5	0	28.0	34.6
2016	6	6	0	28.0	32.5
2016	6	7	46	27.8	32.9
2016	6	8	20	23.9	34.0
2016	6	9	0	26.0	31.5
2016	6	10	27	26.5	35.0
2016	6	11	0	29.2	34.3
2016	6	12	75	22.8	29.5
2016	6	13	12	22.9	31.2
2016	6	14	0	25.9	32.6
2016	6	15	3	26.8	32.8
2016	6	16	12	27.6	34.2
2016	6	17	0	28.0	33.7
2016	6	18	4	26.5	34.8
2016	6	19	2	27.0	34.0
2016	6	20	0	27.6	35.3
2016	6	21	0	27.6	34.7
2016	6	22	2	27.0	33.2
2016	6	23	1	27.2	33.8
2016	6	24	0	28.0	34.6
2016	6	25	0	28.0	35.7
2016	6	26	3	26.8	35.2
2016	6	27	2	27.9	35.0
2016	6	28	0	29.0	34.6
2016	6	29	0	29.0	34.8
2016	6	30	0	28.8	34.2
2016	7	1	2	28.0	33.2
2016	7	2	5	27.0	32.2
2016	7	3	36	26.6	31.3
2016	7	4	58	25.5	30.8
2016	7	5	14	26.3	28.5
2016	7	6	51	25.1	28.8
2016	7	7	30	26.0	33.6
2016	7	8	0	27.3	34.1
2016	7	9	0	28.0	33.5
2016	7	10	0	27.3	33.0
2016	7	11	1	27.4	33.4
2016	7	12	10	26.8	33.4
2016	7	13	0	27.5	33.5
2016	7	14	21	27.4	34.5
2016	7	15	0	27.9	33.2
2016	7	16	22	26.0	29.5
2016	7	17	9	26.4	32.5
2016	7	18	13	25.0	31.0
2016	7	19	8	26.4	31.5
2016	7	20	1	26.8	32.0
2016	7	21	1	27.8	31.9
2016	7	22	3	27.2	30.8
2016	7	23	35	25.3	31.1
2016	7	24	11	25.3	32.2
2016	7	25	3	25.5	31.8
2016	7	26	16	25.2	30.7
2016	7	27	1	25.2	33.5
2016	7	28	0	27.5	33.6
2016	7	29	0	27.2	31.8
2016	7	30	0	26.8	33.5
2016	7	31	54	24.5	34.6
2016	8	1	1	25.4	33.6
2016	8	2	10	26.8	33.8
2016	8	3	4	27.2	34.4
2016	8	4	0	28.0	35.0
2016	8	5	0	28.0	33.3
2016	8	6	1	26.8	31.8
2016	8	7	0	27.0	32.6
2016	8	8	0	27.0	33.3
2016	8	9	1	26.8	31.6
2016	8	10	5	25.2	28.8
2016	8	11	21	26.1	32.6
2016	8	12	3	27.0	33.8
2016	8	13	0	28.0	33.5
2016	8	14	11	27.2	33.4
2016	8	15	2	27.8	34.8
2016	8	16	1	27.3	33.8
2016	8	17	26	26.3	31.0
2016	8	18	0	27.5	32.6
2016	8	19	12	26.6	34.8
2016	8	20	0	27.8	33.6
2016	8	21	2	28.8	29.6
2016	8	22	17	24.0	32.2
2016	8	23	0	25.5	33.2
2016	8	24	0	27.3	34.6
2016	8	25	0	28.8	36.1
2016	8	26	33	24.4	33.2
2016	8	27	0	27.4	35.4
2016	8	28	11	25.1	32.2
2016	8	29	10	24.9	34.2
2016	8	30	0	27.9	35.3
2016	8	31	0	28.2	33.7
2016	9	1	0	27.7	33.4
2016	9	2	2	27.4	32.8
2016	9	3	1	26.1	32.6
2016	9	4	5	27.4	32.5
2016	9	5	11	26.2	32.5
2016	9	6	4	27.0	31.4
2016	9	7	5	26.4	32.8
2016	9	8	0	26.4	33.6
2016	9	9	0	27.5	34.4
2016	9	10	0	27.5	34.2
2016	9	11	0	27.7	32.8
2016	9	12	3	26.8	32.5
2016	9	13	26	25.4	29.2
2016	9	14	12	25.3	32.6
2016	9	15	0	26.6	34.2
2016	9	16	0	27.2	33.8
2016	9	17	0	27.2	34.7
2016	9	18	12	26.8	34.2
2016	9	19	0	27.0	29.7
2016	9	20	2	26.1	31.1
2016	9	21	0	26.1	31.8
2016	9	22	4	26.6	32.7
2016	9	23	0	25.6	34.0
2016	9	24	0	26.8	32.2
2016	9	25	27	26.0	34.1
2016	9	26	1	25.8	33.2
2016	9	27	20	25.8	34.4
2016	9	28	0	27.5	30.3
2016	9	29	1	26.5	34.1
2016	9	30	2	26.1	34.4
2016	10	1	0	25.8	34.0
2016	10	2	0	27.2	32.3
2016	10	3	0	26.8	34.0
2016	10	4	0	27.5	35.4
2016	10	5	0	26.6	32.8
2016	10	6	0	26.5	30.4
2016	10	7	5	26.2	31.8
2016	10	8	0	26.4	32.6
2016	10	9	0	26.4	33.0
2016	10	10	0	26.6	33.5
2016	10	11	0	25.8	30.2
2016	10	12	1	24.2	31.4
2016	10	13	3	24.0	33.0
2016	10	14	3	24.8	32.4
2016	10	15	0	24.5	33.5
2016	10	16	0	25.6	34.4
2016	10	17	0	25.9	34.7
2016	10	18	0	26.8	34.6
2016	10	19	0	26.2	34.7
2016	10	20	0	25.5	36.0
2016	10	21	0	25.5	35.8
2016	10	22	0	23.6	33.6
2016	10	23	0	22.8	33.2
2016	10	24	0	24.0	32.5
2016	10	25	0	23.8	34.0
2016	10	26	0	24.5	33.8
2016	10	27	0	24.2	30.2
2016	10	28	46	24.0	30.5
2016	10	29	7	24.5	31.5
2016	10	30	10	23.8	32.5
2016	10	31	1	23.8	33.0
2016	11	1	0	25.4	34.0
2016	11	2	0	25.2	34.1
2016	11	3	0	25.6	34.5
2016	11	4	1	26.0	28.5
2016	11	5	3	23.4	25.0
2016	11	6	21	19.3	24.2
2016	11	7	0	22.4	27.4
2016	11	8	0	20.6	30.2
2016	11	9	0	20.4	31.2
2016	11	10	0	20.8	30.7
2016	11	11	0	19.4	29.5
2016	11	12	0	19.3	30.1
2016	11	13	0	19.9	30.8
2016	11	14	0	21.5	30.6
2016	11	15	0	18.9	29.8
2016	11	16	0	20.0	30.4
2016	11	17	0	20.2	30.6
2016	11	18	0	18.8	30.0
2016	11	19	0	18.0	29.8
2016	11	20	0	18.2	29.0
2016	11	21	0	18.6	28.5
2016	11	22	0	17.6	28.5
2016	11	23	0	17.7	28.5
2016	11	24	0	18.0	29.5
2016	11	25	0	18.3	29.2
2016	11	26	0	18.8	28.4
2016	11	27	0	18.6	28.5
2016	11	28	0	18.5	28.8
2016	11	29	0	18.8	28.5
2016	11	30	0	18.6	29.2
2016	12	1	0	18.8	29.6
2016	12	2	0	18.8	29.6
2016	12	3	0	19.0	29.5
2016	12	4	0	19.6	30.4
2016	12	5	0	18.4	29.6
2016	12	6	0	17.7	29.6
2016	12	7	0	16.4	30.7
2016	12	8	0	15.5	31.0
2016	12	9	0	17.0	28.4
2016	12	10	0	16.0	28.8
2016	12	11	0	16.2	28.2
2016	12	12	0	15.8	27.9
2016	12	13	0	14.9	25.8
2016	12	14	0	15.5	25.7
2016	12	15	0	15.8	26.3
2016	12	16	0	16.4	26.8
2016	12	17	0	15.8	26.7
2016	12	18	0	17.2	26.8
2016	12	19	0	17.8	26.0
2016	12	20	0	18.2	26.8
2016	12	21	0	16.8	25.8
2016	12	22	0	16.8	27.5
2016	12	23	0	17.0	28.5
2016	12	24	0	17.3	28.0
2016	12	25	0	18.0	28.2
2016	12	26	0	18.5	27.5
2016	12	27	0	17.5	26.5
2016	12	28	0	16.4	25.8
2016	12	29	0	16.4	25.8
2016	12	30	0	16.6	26.5
2016	12	31	0	15.0	26.2
2017	1	1	0	15.6	26.8
2017	1	2	0	15.5	27.5
2017	1	3	0	15.9	27.2
2017	1	4	0	16.2	26.6
2017	1	5	0	15.6	23.9
2017	1	6	0	14.5	23.6
2017	1	7	0	14.0	26.0
2017	1	8	0	13.8	27.0
2017	1	9	0	13.8	27.3
2017	1	10	0	14.0	25.6
2017	1	11	0	14.8	25.0
2017	1	12	0	15.5	25.0
2017	1	13	0	12.8	23.2
2017	1	14	0	11.8	23.4
2017	1	15	0	12.0	25.6
2017	1	16	0	14.4	25.0
2017	1	17	0	11.3	25.4
2017	1	18	0	13.1	26.3
2017	1	19	0	15.5	28.0
2017	1	20	0	16.0	26.2
2017	1	21	0	13.8	27.2
2017	1	22	0	16.0	27.8
2017	1	23	0	16.6	26.7
2017	1	24	0	15.4	28.2
2017	1	25	0	14.4	29.4
2017	1	26	0	15.3	30.2
2017	1	27	0	17.6	27.7
2017	1	28	0	16.7	27.8
2017	1	29	0	17.2	25.8
2017	1	30	0	15.8	25.7
2017	1	31	0	15.8	26.3
2017	2	1	0	14.3	27.4
2017	2	2	0	14.2	26.4
2017	2	3	0	15.4	25.2
2017	2	4	0	17.2	29.2
2017	2	5	0	15.4	32.0
2017	2	6	0	16.6	31.0
2017	2	7	0	18.5	30.2
2017	2	8	0	19.0	29.0
2017	2	9	0	15.2	28.2
2017	2	10	0	15.0	29.0
2017	2	11	0	16.6	29.0
2017	2	12	0	16.8	30.1
2017	2	13	0	18.6	29.7
2017	2	14	0	17.7	29.5
2017	2	15	0	17.4	29.8
2017	2	16	0	19.7	29.5
2017	2	17	0	16.7	30.2
2017	2	18	0	17.8	31.3
2017	2	19	0	18.7	30.0
2017	2	20	0	21.4	28.4
2017	2	21	0	22.2	31.2
2017	2	22	0	23.2	30.7
2017	2	23	2	23.1	30.5
2017	2	24	0	16.4	29.8
2017	2	25	0	15.6	29.0
2017	2	26	0	15.5	29.8
2017	2	27	0	16.8	30.8
2017	2	28	0	17.3	31.0
2017	3	1	0	17.4	31.5
2017	3	2	0	18.0	33.2
2017	3	3	0	21.2	33.5
2017	3	4	0	22.4	30.4
2017	3	5	1	22.6	30.4
2017	3	6	7	20.4	30.2
2017	3	7	0	20.8	31.0
2017	3	8	0	21.3	30.5
2017	3	9	0	18.8	27.8
2017	3	10	0	20.7	32.0
2017	3	11	38	19.6	26.8
2017	3	12	9	20.4	29.0
2017	3	13	0	17.4	29.5
2017	3	14	0	16.0	29.5
2017	3	15	0	16.3	29.8
2017	3	16	0	16.0	30.0
2017	3	17	0	17.0	31.6
2017	3	18	0	21.8	29.6
2017	3	19	8	18.0	31.2
2017	3	20	1	17.6	23.6
2017	3	21	9	17.7	29.0
2017	3	22	0	18.3	31.2
2017	3	23	0	20.7	31.9
2017	3	24	0	23.1	32.4
2017	3	25	0	24.5	27.5
2017	3	26	13	18.8	31.6
2017	3	27	0	24.0	32.8
2017	3	28	0	24.8	30.6
2017	3	29	0	25.5	30.1
2017	3	30	14	24.6	33.2
2017	3	31	0	26.3	33.6
2017	4	1	0	26.0	33.8
2017	4	2	0	26.5	33.0
2017	4	3	0	26.8	33.4
2017	4	4	7	21.4	32.2
2017	4	5	0	23.4	30.5
2017	4	6	37	20.4	30.4
2017	4	7	0	23.0	34.0
2017	4	8	0	26.0	34.0
2017	4	9	0	26.4	33.7
2017	4	10	0	26.3	35.5
2017	4	11	0	26.5	35.7
2017	4	12	0	25.7	35.1
2017	4	13	0	24.8	36.2
2017	4	14	0	23.4	36.5
2017	4	15	0	25.4	34.5
2017	4	16	0	22.2	31.5
2017	4	17	0	23.1	34.0
2017	4	18	0	25.7	34.6
2017	4	19	0	26.5	33.4
2017	4	20	55	21.5	29.6
2017	4	21	1	24.5	28.3
2017	4	22	2	21.0	24.8
2017	4	23	55	20.4	28.8
2017	4	24	18	21.4	25.2
2017	4	25	23	20.0	34.0
2017	4	26	18	21.3	34.0
2017	4	27	0	27.2	33.8
2017	4	28	0	24.8	34.4
2017	4	29	0	24.2	34.5
2017	4	30	12	22.5	34.2
2017	5	1	2	22.5	33.0
2017	5	2	62	21.0	33.0
2017	5	3	0	25.8	35.1
2017	5	4	0	22.6	34.1
2017	5	5	0	26.2	35.0
2017	5	6	0	27.4	34.2
2017	5	7	1	24.5	34.6
2017	5	8	0	27.6	35.0
2017	5	9	0	26.9	31.7
2017	5	10	0	23.7	33.0
2017	5	11	0	27.1	35.6
2017	5	12	0	26.0	35.0
2017	5	13	0	28.0	34.8
2017	5	14	0	25.3	34.7
2017	5	15	0	22.6	32.7
2017	5	16	90	21.0	31.0
2017	5	17	5	23.5	33.4
2017	5	18	16	22.6	34.2
2017	5	19	0	28.4	36.0
2017	5	20	0	28.2	36.2
2017	5	21	0	26.3	36.0
2017	5	22	0	28.9	36.8
2017	5	23	0	29.0	37.0
2017	5	24	0	29.4	36.2
2017	5	25	0	28.6	36.6
2017	5	26	0	28.5	35.4
2017	5	27	2	25.6	35.0
2017	5	28	0	27.2	34.5
2017	5	29	4	27.3	35.0
2017	5	30	3	26.5	30.5
2017	5	31	3	25.6	34.3
2017	6	1	17	25.3	27.8
2017	6	2	8	24.6	32.2
2017	6	3	21	23.5	35.0
2017	6	4	0	28.6	34.2
2017	6	5	0	27.2	33.0
2017	6	6	5	23.8	35.5
2017	6	7	0	27.7	35.5
2017	6	8	1	28.1	36.1
2017	6	9	0	26.8	33.9
2017	6	10	0	26.6	36.0
2017	6	11	1	26.6	32.8
2017	6	12	30	25.2	26.4
2017	6	13	139	25.0	33.2
2017	6	14	0	28.2	33.4
2017	6	15	37	25.4	34.0
2017	6	16	17	25.8	30.2
2017	6	17	18	26.5	33.4
2017	6	18	44	25.6	34.0
2017	6	19	20	26.7	29.5
2017	6	20	46	22.8	31.8
2017	6	21	0	26.5	32.4
2017	6	22	0	27.4	32.4
2017	6	23	0	27.2	34.5
2017	6	24	0	27.7	34.0
2017	6	25	0	27.4	33.5
2017	6	26	1	27.6	33.5
2017	6	27	0	28.0	34.0
2017	6	28	0	28.2	33.2
2017	6	29	0	28.0	33.2
2017	6	30	9	27.6	32.6
2017	7	1	1	27.5	32.4
2017	7	2	5	27.4	32.2
2017	7	3	53	26.5	30.2
2017	7	4	25	25.0	29.7
2017	7	5	28	26.0	30.1
2017	7	6	27	26.2	33.2
2017	7	7	7	26.8	33.0
2017	7	8	9	27.2	32.8
2017	7	9	1	27.5	33.5
2017	7	10	0	27.6	31.6
2017	7	11	8	26.6	29.0
2017	7	12	103	24.8	31.6
2017	7	13	24	25.8	32.0
2017	7	14	0	26.9	33.8
2017	7	15	0	27.3	34.6
2017	7	16	0	28.0	35.8
2017	7	17	1	27.5	35.4
2017	7	18	6	26.8	34.0
2017	7	19	5	26.0	29.2
2017	7	20	64	25.7	28.4
2017	7	21	17	25.9	30.8
2017	7	22	2	26.2	32.6
2017	7	23	3	26.0	32.4
2017	7	24	24	26.3	28.1
2017	7	25	49	25.1	27.8
2017	7	26	30	25.1	29.4
2017	7	27	65	24.9	33.4
2017	7	28	0	27.0	35.0
2017	7	29	0	27.5	32.4
2017	7	30	10	26.6	33.1
2017	7	31	17	26.8	34.0
2017	8	1	1	28.2	33.6
2017	8	2	7	27.4	33.4
2017	8	3	24	27.0	33.4
2017	8	4	123	26.6	34.0
2017	8	5	1	28.2	33.3
2017	8	6	1	26.6	31.6
2017	8	7	7	26.0	32.4
2017	8	8	0	27.2	34.2
2017	8	9	0	28.0	33.8
2017	8	10	1	27.6	32.4
2017	8	11	11	26.6	30.0
2017	8	12	43	25.2	28.5
2017	8	13	37	25.6	31.6
2017	8	14	0	26.0	30.8
2017	8	15	19	26.7	32.2
2017	8	16	14	26.7	31.0
2017	8	17	17	26.4	32.6
2017	8	18	1	27.5	31.0
2017	8	19	0	25.4	34.0
2017	8	20	0	27.5	33.5
2017	8	21	0	27.8	33.6
2017	8	22	18	25.2	33.2
2017	8	23	126	25.2	32.8
2017	8	24	16	25.9	33.2
2017	8	25	0	27.2	32.5
2017	8	26	28	26.8	32.6
2017	8	27	48	25.4	33.4
2017	8	28	1	26.9	33.2
2017	8	29	0	27.5	33.6
2017	8	30	0	27.0	33.5
2017	8	31	0	27.8	31.3
2017	9	1	29	25.6	33.0
2017	9	2	0	27.0	33.0
2017	9	3	0	27.2	33.9
2017	9	4	3	26.6	35.5
2017	9	5	0	27.4	35.0
2017	9	6	0	28.2	34.2
2017	9	7	0	28.3	34.8
2017	9	8	0	28.0	34.7
2017	9	9	0	27.8	34.0
2017	9	10	0	27.0	31.5
2017	9	11	55	24.0	27.0
2017	9	12	80	24.2	32.7
2017	9	13	1	26.4	32.6
2017	9	14	7	26.2	32.5
2017	9	15	0	26.9	33.4
2017	9	16	0	26.9	36.0
2017	9	17	0	29.2	31.2
2017	9	18	11	26.0	34.5
2017	9	19	22	26.0	30.0
2017	9	20	13	26.0	31.0
2017	9	21	39	26.0	32.8
2017	9	22	2	27.0	34.8
2017	9	23	0	28.2	35.5
2017	9	24	0	28.8	35.5
2017	9	25	0	28.6	33.9
2017	9	26	5	27.9	32.8
2017	9	27	0	28.3	32.5
2017	9	28	5	25.8	33.6
2017	9	29	94	25.3	28.8
2017	9	30	15	25.6	31.6
2017	10	1	31	25.9	32.5
2017	10	2	25	25.4	33.2
2017	10	3	0	26.0	35.0
2017	10	4	0	26.6	35.6
2017	10	5	0	27.3	36.5
2017	10	6	0	27.6	34.8
2017	10	7	5	26.8	32.5
2017	10	8	2	26.0	31.9
2017	10	9	1	25.8	29.3
2017	10	10	0	25.4	34.2
2017	10	11	0	26.4	34.5
2017	10	12	0	27.4	34.7
2017	10	13	0	27.5	34.0
2017	10	14	0	26.9	33.6
2017	10	15	61	24.5	33.0
2017	10	16	0	26.3	34.0
2017	10	17	0	26.7	34.8
2017	10	18	0	26.5	34.0
2017	10	19	0	23.5	30.5
2017	10	20	50	24.4	25.2
2017	10	21	149	23.5	25.7
2017	10	22	86	22.0	28.5
2017	10	23	0	23.0	32.8
2017	10	24	0	25.0	32.4
2017	10	25	2	22.8	30.8
2017	10	26	0	23.9	31.4
2017	10	27	0	22.3	31.6
2017	10	28	0	22.4	30.3
2017	10	29	0	20.5	30.4
2017	10	30	0	21.9	25.3
2017	10	31	0	19.1	28.8
2017	11	1	0	20.0	30.5
2017	11	2	0	21.0	31.1
2017	11	3	0	20.3	31.8
2017	11	4	0	21.6	33.2
2017	11	5	0	22.5	33.2
2017	11	6	0	21.6	33.0
2017	11	7	0	22.3	33.2
2017	11	8	0	21.5	32.0
2017	11	9	0	21.2	31.2
2017	11	10	0	20.7	30.8
2017	11	11	0	20.1	32.2
2017	11	12	0	20.2	32.6
2017	11	13	0	21.6	32.8
2017	11	14	0	21.6	30.6
2017	11	15	0	23.8	27.2
2017	11	16	4	20.6	25.2
2017	11	17	2	21.5	28.4
2017	11	18	0	23.7	31.4
2017	11	19	0	23.6	31.4
2017	11	20	0	20.5	30.7
2017	11	21	0	21.0	29.0
2017	11	22	0	19.5	27.9
2017	11	23	0	18.5	27.7
2017	11	24	0	19.6	28.8
2017	11	25	0	19.2	28.7
2017	11	26	0	18.3	28.3
2017	11	27	0	19.1	28.6
2017	11	28	0	17.3	28.0
2017	11	29	0	17.3	27.8
2017	11	30	0	17.1	28.3
2017	12	1	0	16.7	29.0
2017	12	2	0	16.8	28.9
2017	12	3	0	16.5	28.5
2017	12	4	0	16.6	27.2
2017	12	5	0	16.9	28.2
2017	12	6	0	16.5	28.6
2017	12	7	0	16.5	28.6
2017	12	8	0	20.4	25.6
2017	12	9	4	18.7	22.8
2017	12	10	15	19.8	24.0
2017	12	11	14	21.3	25.2
2017	12	12	0	20.6	29.4
2017	12	13	0	19.2	28.7
2017	12	14	0	18.4	28.6
2017	12	15	0	16.2	27.2
2017	12	16	0	14.2	26.2
2017	12	17	0	15.6	25.3
2017	12	18	0	17.5	25.4
2017	12	19	0	17.2	21.4
2017	12	20	0	15.6	25.2
2017	12	21	0	15.8	26.1
2017	12	22	0	16.0	27.2
2017	12	23	0	16.8	26.2
2017	12	24	0	16.0	26.6
2017	12	25	0	17.2	27.1
2017	12	26	0	17.3	26.3
2017	12	27	0	16.4	27.1
2017	12	28	0	16.2	24.6
2017	12	29	0	14.8	27.0
2017	12	30	0	16.2	29.1
2017	12	31	0	15.3	28.3
2018	1	1	0	15.6	26.8
2018	1	2	0	17.4	26.5
2018	1	3	0	14.2	24.6
2018	1	4	0	10.5	21.8
2018	1	5	0	11.5	22.5
2018	1	6	0	13.0	23.6
2018	1	7	0	10.0	20.2
2018	1	8	0	9.5	18.0
2018	1	9	0	10.7	22.8
2018	1	10	0	12.1	22.0
2018	1	11	0	11.2	17.8
2018	1	12	0	11.0	20.6
2018	1	13	0	11.5	20.5
2018	1	14	0	12.8	18.9
2018	1	15	0	10.6	22.2
2018	1	16	0	12.0	23.7
2018	1	17	0	12.8	25.0
2018	1	18	0	15.0	26.1
2018	1	19	0	14.4	26.7
2018	1	20	0	13.2	25.0
2018	1	21	0	12.5	25.2
2018	1	22	0	13.0	24.2
2018	1	23	0	14.6	26.4
2018	1	24	0	13.6	26.5
2018	1	25	0	12.3	26.5
2018	1	26	0	13.8	25.7
2018	1	27	0	14.6	22.3
2018	1	28	0	11.5	24.2
2018	1	29	0	11.8	24.6
2018	1	30	0	12.0	25.0
2018	1	31	0	13.3	25.6
2018	2	1	0	14.4	25.5
2018	2	2	0	14.8	25.8
2018	2	3	0	16.0	25.5
2018	2	4	0	15.8	28.6
2018	2	5	0	19.8	27.5
2018	2	6	0	18.8	28.4
2018	2	7	0	15.9	28.1
2018	2	8	0	18.2	28.2
2018	2	9	0	17.6	28.6
2018	2	10	0	20.4	28.5
2018	2	11	0	18.2	27.8
2018	2	12	0	15.6	29.8
2018	2	13	0	19.0	29.5
2018	2	14	0	19.8	28.4
2018	2	15	0	18.3	27.8
2018	2	16	0	16.8	28.6
2018	2	17	0	16.1	28.3
2018	2	18	0	16.4	28.9
2018	2	19	0	16.9	30.2
2018	2	20	0	18.8	30.8
2018	2	21	0	19.3	31.1
2018	2	22	0	20.0	31.0
2018	2	23	0	19.3	31.6
2018	2	24	0	21.7	32.5
2018	2	25	0	20.5	33.6
2018	2	26	4	18.8	30.7
2018	2	27	16	19.0	31.0
2018	2	28	0	20.4	31.8
2018	3	1	0	20.4	31.5
2018	3	2	0	20.8	32.6
2018	3	3	0	22.0	33.8
2018	3	4	0	23.2	34.5
2018	3	5	0	23.8	33.4
2018	3	6	0	21.6	33.4
2018	3	7	0	23.0	32.3
2018	3	8	0	17.5	32.0
2018	3	9	0	19.8	32.2
2018	3	10	0	19.4	32.0
2018	3	11	0	19.3	33.6
2018	3	12	0	20.8	34.0
2018	3	13	0	24.0	34.2
2018	3	14	0	21.6	34.2
2018	3	15	0	23.7	34.6
2018	3	16	0	24.6	31.5
2018	3	17	0	23.7	33.9
2018	3	18	0	23.2	34.6
2018	3	19	0	22.8	34.4
2018	3	20	0	20.5	34.0
2018	3	21	0	21.5	34.6
2018	3	22	0	22.6	33.1
2018	3	23	0	23.6	33.6
2018	3	24	0	24.8	33.5
2018	3	25	0	25.8	34.5
2018	3	26	2	24.4	33.5
2018	3	27	0	22.2	33.9
2018	3	28	0	24.6	33.8
2018	3	29	0	25.0	33.5
2018	3	30	0	23.2	33.3
2018	3	31	1	18.0	28.9
2018	4	1	14	20.5	34.0
2018	4	2	0	21.4	30.0
2018	4	3	0	24.2	34.2
2018	4	4	0	22.5	34.0
2018	4	5	0	23.5	34.1
2018	4	6	0	22.3	31.0
2018	4	7	2	22.2	32.0
2018	4	8	5	22.4	33.0
2018	4	9	0	22.3	33.6
2018	4	10	0	23.5	33.7
2018	4	11	0	25.0	33.0
2018	4	12	8	19.4	33.4
2018	4	13	5	21.4	32.8
2018	4	14	0	25.2	34.1
2018	4	15	42	21.0	34.4
2018	4	16	0	24.8	36.5
2018	4	17	0	23.8	31.6
2018	4	18	50	20.8	32.6
2018	4	19	12	21.2	32.4
2018	4	20	2	22.5	35.0
2018	4	21	17	23.2	33.1
2018	4	22	12	23.6	33.5
2018	4	23	5	23.7	34.7
2018	4	24	0	26.1	34.5
2018	4	25	0	25.3	34.1
2018	4	26	26	20.3	33.8
2018	4	27	32	19.8	31.0
2018	4	28	0	24.2	34.3
2018	4	29	0	20.2	28.1
2018	4	30	77	19.8	28.5
2018	5	1	32	21.3	33.0
2018	5	2	0	23.6	32.8
2018	5	3	5	20.8	32.5
2018	5	4	0	23.5	31.2
2018	5	5	19	22.7	32.7
2018	5	6	24	23.3	33.7
2018	5	7	4	21.2	30.0
2018	5	8	0	24.6	33.0
2018	5	9	0	28.0	31.9
2018	5	10	14	24.8	30.2
2018	5	11	15	21.9	31.0
2018	5	12	2	21.4	32.6
2018	5	13	0	24.3	32.8
2018	5	14	42	22.4	32.5
2018	5	15	0	24.6	34.6
2018	5	16	22	21.0	27.4
2018	5	17	10	22.4	32.0
2018	5	18	0	26.2	30.0
2018	5	19	31	23.4	31.9
2018	5	20	35	24.2	31.1
2018	5	21	35	23.5	30.0
2018	5	22	19	24.0	32.5
2018	5	23	12	26.7	29.4
2018	5	24	52	24.7	33.5
2018	5	25	1	27.2	34.4
2018	5	26	18	25.5	34.5
2018	5	27	0	27.5	35.5
2018	5	28	0	28.0	35.6
2018	5	29	0	24.5	35.4
2018	5	30	0	26.6	36.3
2018	5	31	0	23.6	28.2
2018	6	1	82	23.6	32.6
2018	6	2	1	24.9	33.2
2018	6	3	2	26.5	34.2
2018	6	4	35	24.7	34.5
2018	6	5	23	24.6	35.1
2018	6	6	0	27.4	34.0
2018	6	7	6	28.0	34.0
2018	6	8	1	27.2	34.3
2018	6	9	0	27.0	35.1
2018	6	10	3	26.0	34.6
2018	6	11	24	26.1	33.0
2018	6	12	0	26.8	34.0
2018	6	13	58	25.8	31.5
2018	6	14	0	27.6	35.6
2018	6	15	0	28.5	34.4
2018	6	16	8	24.2	31.2
2018	6	17	1	25.6	35.5
2018	6	18	1	24.3	35.3
2018	6	19	0	24.0	28.5
2018	6	20	8	23.8	34.6
2018	6	21	0	27.8	34.7
2018	6	22	1	27.7	35.4
2018	6	23	0	28.0	31.6
2018	6	24	62	25.4	32.4
2018	6	25	0	27.6	31.3
2018	6	26	31	26.2	33.8
2018	6	27	3	26.3	32.2
2018	6	28	12	25.4	31.8
2018	6	29	4	26.6	33.8
2018	6	30	0	27.4	34.0
2018	7	1	0	28.0	34.1
2018	7	2	1	25.8	33.6
2018	7	3	23	25.6	29.8
2018	7	4	43	25.0	31.1
2018	7	5	7	25.1	33.2
2018	7	6	0	27.0	34.6
2018	7	7	0	27.1	34.5
2018	7	8	0	27.4	33.0
2018	7	9	3	27.5	31.6
2018	7	10	1	27.1	32.8
2018	7	11	0	27.7	34.0
2018	7	12	9	26.4	33.3
2018	7	13	9	27.8	34.1
2018	7	14	1	27.0	34.6
2018	7	15	0	28.4	34.7
2018	7	16	3	26.7	34.0
2018	7	17	5	26.2	32.0
2018	7	18	24	26.9	34.7
2018	7	19	0	28.1	37.6
2018	7	20	0	28.2	36.0
2018	7	21	3	27.8	31.3
2018	7	22	15	26.3	32.6
2018	7	23	23	25.6	32.7
2018	7	24	55	24.8	30.3
2018	7	25	60	25.6	29.9
2018	7	26	39	26.1	28.7
2018	7	27	10	26.4	30.5
2018	7	28	10	25.7	30.2
2018	7	29	4	26.4	32.0
2018	7	30	0	27.1	31.8
2018	7	31	6	27.3	33.2
2018	8	1	3	26.6	32.5
2018	8	2	25	26.2	30.5
2018	8	3	25	25.6	32.6
2018	8	4	0	26.9	31.8
2018	8	5	5	27.8	32.0
2018	8	6	19	25.4	34.9
2018	8	7	12	27.0	33.6
2018	8	8	0	27.4	33.4
2018	8	9	0	27.2	34.0
2018	8	10	0	27.4	35.6
2018	8	11	0	27.8	35.1
2018	8	12	0	28.2	33.8
2018	8	13	9	27.2	34.9
2018	8	14	2	27.5	36.3
2018	8	15	3	27.6	34.8
2018	8	16	0	26.7	34.6
2018	8	17	1	27.4	35.0
2018	8	18	2	27.4	36.5
2018	8	19	1	25.8	34.0
2018	8	20	10	27.8	33.1
2018	8	21	10	26.5	33.2
2018	8	22	0	27.5	33.1
2018	8	23	2	28.2	34.5
2018	8	24	6	27.5	33.2
2018	8	25	0	27.8	33.8
2018	8	26	2	26.6	33.7
2018	8	27	2	27.0	32.2
2018	8	28	0	27.0	33.5
2018	8	29	0	27.6	32.3
2018	8	30	2	27.4	34.0
2018	8	31	0	27.5	35.2
2018	9	1	2	27.8	33.7
2018	9	2	0	27.3	32.3
2018	9	3	15	25.8	33.5
2018	9	4	0	26.6	34.8
2018	9	5	4	27.3	33.5
2018	9	6	0	26.2	32.6
2018	9	7	0	26.6	32.9
2018	9	8	0	27.4	34.8
2018	9	9	0	27.0	34.6
2018	9	10	0	27.6	33.7
2018	9	11	0	27.2	34.0
2018	9	12	1	27.4	34.1
2018	9	13	15	25.0	30.7
2018	9	14	3	26.2	33.9
2018	9	15	0	26.2	34.0
2018	9	16	0	27.2	35.2
2018	9	17	0	27.4	35.6
2018	9	18	0	28.4	36.2
2018	9	19	0	29.3	36.5
2018	9	20	23	27.0	34.5
2018	9	21	2	25.0	32.1
2018	9	22	6	25.6	33.2
2018	9	23	3	26.8	33.9
2018	9	24	0	26.8	33.8
2018	9	25	0	27.8	34.5
2018	9	26	0	27.5	34.6
2018	9	27	0	27.5	33.9
2018	9	28	2	25.7	35.5
2018	9	29	0	27.8	35.5
2018	9	30	0	27.6	35.7
2018	10	1	0	28.1	36.1
2018	10	2	0	24.2	35.6
2018	10	3	0	26.8	35.9
2018	10	4	0	27.2	32.6
2018	10	5	0	26.0	34.2
2018	10	6	0	24.8	33.5
2018	10	7	0	24.4	34.6
2018	10	8	0	25.2	34.8
2018	10	9	0	25.6	32.9
2018	10	10	0	24.6	29.0
2018	10	11	1	24.2	27.2
2018	10	12	1	23.7	26.2
2018	10	13	24	23.0	27.4
2018	10	14	15	22.5	29.7
2018	10	15	0	22.5	32.6
2018	10	16	0	22.8	33.2
2018	10	17	0	21.6	32.2
2018	10	18	0	22.0	33.0
2018	10	19	0	23.4	33.8
2018	10	20	0	23.7	32.6
2018	10	21	0	23.6	33.2
2018	10	22	0	23.2	32.6
2018	10	23	0	23.0	32.6
2018	10	24	0	22.2	32.5
2018	10	25	0	22.6	32.0
2018	10	26	0	20.8	32.2
2018	10	27	0	21.5	33.2
2018	10	28	1	23.2	26.3
2018	10	29	3	21.1	26.6
2018	10	30	0	21.9	31.0
2018	10	31	0	23.0	32.4
2018	11	1	0	22.3	32.5
2018	11	2	0	23.0	32.0
2018	11	3	0	23.8	32.8
2018	11	4	0	23.5	32.0
2018	11	5	0	24.5	32.4
2018	11	6	0	22.3	31.0
2018	11	7	13	22.3	29.1
2018	11	8	0	21.3	30.2
2018	11	9	0	18.6	29.5
2018	11	10	0	18.6	29.4
2018	11	11	0	18.8	29.6
2018	11	12	0	18.8	30.6
2018	11	13	0	19.0	30.2
2018	11	14	0	19.3	30.1
2018	11	15	0	20.0	31.1
2018	11	16	0	21.8	32.0
2018	11	17	0	21.8	30.4
2018	11	18	0	19.2	29.8
2018	11	19	0	17.6	30.0
2018	11	20	0	17.4	28.7
2018	11	21	0	17.8	28.6
2018	11	22	0	17.7	29.0
2018	11	23	0	18.0	29.1
2018	11	24	0	17.6	28.8
2018	11	25	0	17.4	29.4
2018	11	26	0	17.4	30.0
2018	11	27	0	19.2	31.5
2018	11	28	0	18.6	31.0
2018	11	29	0	17.4	29.4
2018	11	30	0	17.8	28.5
2018	12	1	0	19.4	28.4
2018	12	2	0	16.7	27.8
2018	12	3	0	16.7	28.5
2018	12	4	0	18.2	28.3
2018	12	5	0	18.0	28.2
2018	12	6	0	19.1	27.5
2018	12	7	0	16.1	27.0
2018	12	8	0	17.8	27.4
2018	12	9	0	16.2	27.6
2018	12	10	0	15.7	27.5
2018	12	11	0	14.9	27.8
2018	12	12	0	15.7	28.6
2018	12	13	0	15.6	28.9
2018	12	14	0	18.2	28.2
2018	12	15	0	18.3	27.0
2018	12	16	0	19.3	26.5
2018	12	17	0	19.5	23.0
2018	12	18	12	17.1	19.5
2018	12	19	1	16.2	20.0
2018	12	20	0	14.3	23.1
2018	12	21	0	13.8	25.0
2018	12	22	0	15.6	25.5
2018	12	23	0	15.6	26.0
2018	12	24	0	16.1	26.4
2018	12	25	0	16.6	26.4
2018	12	26	0	15.4	24.9
2018	12	27	0	15.1	24.2
2018	12	28	0	14.4	23.9
2018	12	29	0	11.8	23.5
2018	12	30	0	12.5	25.8
2018	12	31	0	12.6	28.0
2019	1	1	0	13.4	27.7
2019	1	2	0	13.7	27.2
2019	1	3	0	13.0	26.5
2019	1	4	0	12.9	24.8
2019	1	5	0	12.0	26.4
2019	1	6	0	13.1	27.5
2019	1	7	0	12.5	28.6
2019	1	8	0	13.2	26.8
2019	1	9	0	15.5	26.1
2019	1	10	0	14.0	25.6
2019	1	11	0	13.0	26.2
2019	1	12	0	12.6	26.0
2019	1	13	0	13.0	27.0
2019	1	14	0	13.8	26.7
2019	1	15	0	16.2	25.6
2019	1	16	0	15.0	26.8
2019	1	17	0	14.1	27.4
2019	1	18	0	14.0	26.4
2019	1	19	0	16.0	25.8
2019	1	20	0	16.1	26.6
2019	1	21	0	15.8	28.4
2019	1	22	0	14.5	29.1
2019	1	23	0	14.6	30.0
2019	1	24	0	15.2	29.0
2019	1	25	0	16.0	30.2
2019	1	26	1	15.7	31.3
2019	1	27	0	20.2	30.0
2019	1	28	0	18.7	26.6
2019	1	29	0	17.3	24.7
2019	1	30	0	14.6	24.2
2019	1	31	0	13.2	27.2
2019	2	1	0	13.4	29.6
2019	2	2	0	14.8	28.4
2019	2	3	0	14.5	28.4
2019	2	4	0	14.8	28.0
2019	2	5	0	14.0	27.9
2019	2	6	0	13.2	28.2
2019	2	7	0	14.8	29.4
2019	2	8	0	16.2	30.0
2019	2	9	0	18.9	26.8
2019	2	10	0	16.6	26.7
2019	2	11	0	15.5	27.4
2019	2	12	0	16.9	28.5
2019	2	13	0	17.5	29.8
2019	2	14	0	18.2	30.0
2019	2	15	0	17.0	30.5
2019	2	16	0	19.2	26.0
2019	2	17	0	15.5	25.7
2019	2	18	27	14.8	27.6
2019	2	19	0	15.6	29.6
2019	2	20	0	19.8	30.5
2019	2	21	0	17.2	31.0
2019	2	22	0	19.4	31.1
2019	2	23	0	22.0	32.0
2019	2	24	0	20.4	30.6
2019	2	25	0	17.9	24.8
2019	2	26	31	17.9	25.2
2019	2	27	8	18.6	25.5
2019	2	28	49	17.7	24.6
2019	3	1	5	16.6	27.0
2019	3	2	0	13.2	27.0
2019	3	3	0	15.0	28.2
2019	3	4	0	17.7	26.5
2019	3	5	1	18.4	25.0
2019	3	6	12	19.8	28.0
2019	3	7	0	20.6	29.5
2019	3	8	0	18.0	30.0
2019	3	9	0	16.8	30.2
2019	3	10	0	17.6	30.7
2019	3	11	16	21.6	30.1
2019	3	12	0	23.2	33.5
2019	3	13	0	23.7	32.9
2019	3	14	0	23.7	34.0
2019	3	15	0	24.1	33.8
2019	3	16	0	24.5	34.4
2019	3	17	0	24.2	34.3
2019	3	18	1	22.0	30.2
2019	3	19	0	23.2	30.9
2019	3	20	0	23.0	33.6
2019	3	21	0	23.4	34.0
2019	3	22	0	24.2	33.6
2019	3	23	0	22.2	33.4
2019	3	24	0	20.4	34.2
2019	3	25	0	21.0	35.1
2019	3	26	0	22.2	34.4
2019	3	27	0	22.0	28.2
2019	3	28	4	20.2	33.4
2019	3	29	0	22.4	34.0
2019	3	30	0	24.2	33.2
2019	3	31	0	25.6	33.6
2019	4	1	38	17.9	30.6
2019	4	2	0	23.6	32.0
2019	4	3	19	18.9	32.0
2019	4	4	0	21.6	33.1
2019	4	5	0	25.1	30.2
2019	4	6	1	20.1	33.3
2019	4	7	27	20.1	29.6
2019	4	8	0	23.0	32.8
2019	4	9	59	19.9	29.2
2019	4	10	29	18.2	28.2
2019	4	11	0	20.6	32.9
2019	4	12	3	23.3	33.1
2019	4	13	0	24.6	33.0
2019	4	14	35	21.1	34.1
2019	4	15	0	26.3	34.1
2019	4	16	0	26.8	35.0
2019	4	17	1	24.2	35.1
2019	4	18	0	24.7	33.5
2019	4	19	0	23.8	35.4
2019	4	20	0	24.6	34.4
2019	4	21	0	23.4	35.6
2019	4	22	0	22.7	34.5
2019	4	23	0	23.9	35.2
2019	4	24	0	25.4	36.7
2019	4	25	0	27.6	37.1
2019	4	26	0	26.9	36.2
2019	4	27	0	26.2	35.5
2019	4	28	0	28.4	36.0
2019	4	29	0	28.3	36.3
2019	4	30	0	28.2	35.6
2019	5	1	20	17.9	30.6
2019	5	2	0	23.6	32.0
2019	5	3	19	20.9	33.0
2019	5	4	60	24.5	27.7
2019	5	5	12	23.0	33.9
2019	5	6	0	26.7	35.3
2019	5	7	0	27.3	35.2
2019	5	8	0	27.7	35.6
2019	5	9	0	28.0	35.8
2019	5	10	0	28.2	36.2
2019	5	11	0	29.1	35.6
2019	5	12	0	25.4	35.8
2019	5	13	0	28.8	35.5
2019	5	14	24	22.8	34.4
2019	5	15	0	24.7	35.2
2019	5	16	1	25.5	35.4
2019	5	17	0	27.7	35.7
2019	5	18	23	21.8	35.5
2019	5	19	0	24.8	36.0
2019	5	20	0	26.0	35.9
2019	5	21	0	27.1	36.2
2019	5	22	0	28.4	34.9
2019	5	23	21	23.2	33.2
2019	5	24	0	28.5	33.5
2019	5	25	41	21.4	28.7
2019	5	26	0	25.4	35.1
2019	5	27	0	28.4	36.1
2019	5	28	10	25.2	36.1
2019	5	29	0	27.8	36.6
2019	5	30	0	28.4	36.2
2019	5	31	0	26.8	35.3
2019	6	1	4	22.3	32.4
2019	6	2	46	23.6	30.0
2019	6	3	20	22.9	30.4
2019	6	4	10	26.4	30.7
2019	6	5	14	23.4	26.5
2019	6	6	50	23.4	33.4
2019	6	7	0	25.6	32.8
2019	6	8	0	26.5	33.5
2019	6	9	1	27.0	31.4
2019	6	10	26	27.1	36.0
2019	6	11	0	28.0	35.5
2019	6	12	0	28.6	36.1
2019	6	13	0	28.8	35.6
2019	6	14	0	29.1	31.9
2019	6	15	0	25.5	27.6
2019	6	16	1	25.1	35.1
2019	6	17	0	28.5	35.0
2019	6	18	30	24.8	34.8
2019	6	19	2	27.7	36.6
2019	6	20	7	27.2	34.7
2019	6	21	4	26.7	34.4
2019	6	22	10	27.9	33.6
2019	6	23	4	27.8	36.1
2019	6	24	0	28.3	36.5
2019	6	25	0	29.2	35.5
2019	6	26	0	28.6	35.2
2019	6	27	0	25.6	32.9
2019	6	28	6	26.8	33.3
2019	6	29	7	26.3	34.8
2019	6	30	0	28.1	35.1
2019	7	1	22	27.5	34.2
2019	7	2	3	25.8	32.0
2019	7	3	7	26.8	33.6
2019	7	4	0	27.6	34.5
2019	7	5	0	28.0	34.5
2019	7	6	1	26.8	30.2
2019	7	7	12	26.5	31.2
2019	7	8	15	26.5	31.4
2019	7	9	39	26.9	31.5
2019	7	10	0	28.0	32.6
2019	7	11	1	27.8	31.6
2019	7	12	33	25.4	31.9
2019	7	13	81	25.4	34.2
2019	7	14	66	24.4	29.6
2019	7	15	20	24.6	30.2
2019	7	16	0	24.6	34.6
2019	7	17	3	26.5	35.6
2019	7	18	0	28.2	34.7
2019	7	19	0	28.2	34.0
2019	7	20	0	27.8	35.5
2019	7	21	0	28.4	35.7
2019	7	22	0	29.0	35.0
2019	7	23	0	28.2	35.6
2019	7	24	0	28.6	34.6
2019	7	25	12	26.4	33.2
2019	7	26	14	26.2	30.0
2019	7	27	31	26.4	31.2
2019	7	28	12	26.3	32.2
2019	7	29	0	26.8	33.4
2019	7	30	0	26.9	31.6
2019	7	31	11	27.3	32.0
2019	8	1	7	27.0	33.2
2019	8	2	0	27.3	34.4
2019	8	3	0	27.3	31.5
2019	8	4	22	27.5	34.8
2019	8	5	0	28.6	36.0
2019	8	6	1	29.1	35.3
2019	8	7	13	27.4	33.1
2019	8	8	31	25.0	30.1
2019	8	9	73	25.4	33.5
2019	8	10	0	27.1	35.6
2019	8	11	0	27.9	35.6
2019	8	12	19	25.2	34.4
2019	8	13	1	27.2	30.6
2019	8	14	14	26.2	28.3
2019	8	15	23	25.7	31.2
2019	8	16	2	26.8	33.5
2019	8	17	1	26.9	33.4
2019	8	18	1	26.6	33.0
2019	8	19	0	27.2	34.6
2019	8	20	0	27.8	34.4
2019	8	21	0	27.6	34.9
2019	8	22	1	28.6	36.4
2019	8	23	4	27.3	33.0
2019	8	24	7	26.0	32.3
2019	8	25	3	25.5	34.4
2019	8	26	0	27.7	35.1
2019	8	27	0	27.4	35.3
2019	8	28	0	27.8	33.6
2019	8	29	0	28.1	35.6
2019	8	30	0	27.6	36.0
2019	8	31	0	29.1	33.2
2019	9	1	0	28.0	36.3
2019	9	2	40	24.2	34.8
2019	9	3	0	26.7	34.6
2019	9	4	0	27.9	33.5
2019	9	5	0	27.4	34.7
2019	9	6	0	27.6	33.7
2019	9	7	1	27.0	32.5
2019	9	8	3	27.0	32.8
2019	9	9	6	26.8	33.7
2019	9	10	19	26.9	34.0
2019	9	11	3	27.5	33.5
2019	9	12	7	26.5	31.2
2019	9	13	4	26.7	29.5
2019	9	14	16	26.3	33.8
2019	9	15	0	27.4	35.0
2019	9	16	0	27.8	34.4
2019	9	17	0	27.7	35.6
2019	9	18	0	27.2	36.0
2019	9	19	0	26.7	35.6
2019	9	20	0	28.0	36.1
2019	9	21	0	27.6	35.0
2019	9	22	0	26.9	33.1
2019	9	23	6	25.7	33.4
2019	9	24	10	25.7	31.6
2019	9	25	8	24.8	30.6
2019	9	26	10	23.7	31.2
2019	9	27	1	25.0	32.2
2019	9	28	0	25.6	29.5
2019	9	29	10	25.0	31.0
2019	9	30	17	24.0	31.2
2019	10	1	0	25.6	31.0
2019	10	2	46	24.9	33.3
2019	10	3	0	25.9	32.8
2019	10	4	19	25.2	34.1
2019	10	5	0	26.0	35.2
2019	10	6	0	26.5	32.3
2019	10	7	11	24.9	31.6
2019	10	8	0	25.1	33.1
2019	10	9	0	25.6	32.7
2019	10	10	1	24.2	29.1
2019	10	11	29	24.0	33.2
2019	10	12	0	24.6	33.4
2019	10	13	0	24.2	33.5
2019	10	14	0	24.1	33.0
2019	10	15	0	25.0	34.1
2019	10	16	0	26.7	31.2
2019	10	17	5	24.3	34.0
2019	10	18	0	25.3	34.7
2019	10	19	0	25.7	35.0
2019	10	20	0	26.3	34.6
2019	10	21	0	26.5	33.7
2019	10	22	16	23.4	32.6
2019	10	23	0	25.7	31.0
2019	10	24	27	22.8	24.5
2019	10	25	8	21.6	25.9
2019	10	26	22	21.5	26.8
2019	10	27	4	22.6	29.7
2019	10	28	0	21.7	31.1
2019	10	29	0	22.0	32.1
2019	10	30	0	22.3	32.6
2019	10	31	0	23.0	32.0
2019	11	1	0	23.2	32.2
2019	11	2	0	23.0	32.7
2019	11	3	0	22.7	31.0
2019	11	4	0	22.0	32.0
2019	11	5	0	22.8	31.9
2019	11	6	0	23.0	31.0
2019	11	7	0	20.7	30.7
2019	11	8	0	24.0	28.9
2019	11	9	6	22.8	26.5
2019	11	10	16	22.5	24.9
2019	11	11	15	22.3	30.3
2019	11	12	0	21.5	30.5
2019	11	13	0	21.6	31.5
2019	11	14	0	21.0	32.4
2019	11	15	0	20.7	32.0
2019	11	16	0	20.6	30.9
2019	11	17	0	20.7	30.6
2019	11	18	0	19.9	30.2
2019	11	19	0	19.6	30.3
2019	11	20	0	18.6	29.7
2019	11	21	0	18.2	29.6
2019	11	22	0	18.9	29.3
2019	11	23	0	19.3	28.8
2019	11	24	0	18.9	29.1
2019	11	25	0	19.3	29.0
2019	11	26	0	19.4	29.8
2019	11	27	0	19.0	30.5
2019	11	28	0	19.0	31.0
2019	11	29	0	19.2	31.3
2019	11	30	0	19.3	30.9
2019	12	1	0	19.2	29.0
2019	12	2	0	17.2	27.9
2019	12	3	0	16.0	27.0
2019	12	4	0	16.7	27.3
2019	12	5	0	16.5	31.5
2019	12	6	0	17.2	30.8
2019	12	7	0	16.8	29.8
2019	12	8	0	18.9	29.5
2019	12	9	0	18.5	27.4
2019	12	10	0	17.0	27.9
2019	12	11	0	16.2	26.8
2019	12	12	0	16.3	26.2
2019	12	13	0	15.3	27.2
2019	12	14	0	16.0	27.7
2019	12	15	0	17.0	27.8
2019	12	16	0	18.0	26.2
2019	12	17	0	17.6	25.7
2019	12	18	0	16.2	20.0
2019	12	19	0	13.0	16.2
2019	12	20	0	13.4	17.3
2019	12	21	0	12.2	15.5
2019	12	22	0	13.0	16.7
2019	12	23	0	14.2	22.0
2019	12	24	0	13.2	22.2
2019	12	25	0	13.0	21.1
2019	12	26	0	12.5	21.8
2019	12	27	5	15.2	18.7
2019	12	28	0	13.1	20.7
2019	12	29	0	12.5	25.2
2019	12	30	0	13.1	26.5
2019	12	31	0	13.0	28.0
2020	1	1	0	14.6	28.5
2020	1	2	0	15.6	28.0
2020	1	3	2	17.0	22.5
2020	1	4	18	17.0	23.9
2020	1	5	0	16.3	22.8
2020	1	6	0	13.5	22.6
2020	1	7	0	11.6	18.6
2020	1	8	0	12.2	22.3
2020	1	9	0	13.5	23.0
2020	1	10	0	14.4	24.4
2020	1	11	0	14.1	17.0
2020	1	12	0	13.6	17.1
2020	1	13	0	12.1	23.6
2020	1	14	0	12.7	24.0
2020	1	15	0	14.2	26.0
2020	1	16	0	15.0	27.8
2020	1	17	0	15.1	29.6
2020	1	18	0	16.0	29.6
2020	1	19	0	16.4	28.0
2020	1	20	0	16.5	23.4
2020	1	21	0	13.4	23.7
2020	1	22	0	14.1	24.4
2020	1	23	0	13.6	23.6
2020	1	24	0	13.0	24.7
2020	1	25	0	12.0	23.9
2020	1	26	0	12.7	23.6
2020	1	27	0	12.8	23.0
2020	1	28	0	12.2	24.3
2020	1	29	0	15.6	21.9
2020	1	30	1	16.1	24.9
2020	1	31	0	18.0	24.0
2020	2	1	0	16.0	25.0
2020	2	2	0	13.7	23.8
2020	2	3	0	11.3	24.0
2020	2	4	0	13.0	25.7
2020	2	5	0	14.8	26.0
2020	2	6	0	13.7	26.6
2020	2	7	0	14.5	25.0
2020	2	8	0	17.5	24.0
2020	2	9	0	17.0	27.0
2020	2	10	0	16.2	26.3
2020	2	11	0	14.7	27.0
2020	2	12	0	16.4	27.1
2020	2	13	0	16.1	26.4
2020	2	14	0	14.0	27.0
2020	2	15	0	18.0	28.6
2020	2	16	0	18.0	28.7
2020	2	17	0	15.7	29.1
2020	2	18	0	16.2	28.8
2020	2	19	0	16.2	29.5
2020	2	20	0	17.8	29.2
2020	2	21	0	17.5	30.3
2020	2	22	0	17.3	31.7
2020	2	23	0	18.5	32.0
2020	2	24	0	19.0	28.3
2020	2	25	0	19.3	24.7
2020	2	26	1	17.3	27.0
2020	2	27	0	16.5	26.2
2020	2	28	0	17.2	29.8
2020	2	29	0	18.4	31.2
2020	3	1	0	18.6	31.4
2020	3	2	0	19.3	30.9
2020	3	3	0	17.8	29.8
2020	3	4	14	20.0	31.0
2020	3	5	12	18.7	30.1
2020	3	6	0	20.7	29.6
2020	3	7	0	21.4	28.0
2020	3	8	0	19.0	30.5
2020	3	9	1	18.1	29.4
2020	3	10	0	17.0	30.6
2020	3	11	0	18.3	32.0
2020	3	12	0	21.0	33.1
2020	3	13	0	22.5	34.0
2020	3	14	0	24.5	32.2
2020	3	15	0	20.4	32.3
2020	3	16	0	21.6	32.5
2020	3	17	0	22.2	31.7
2020	3	18	0	21.0	32.0
2020	3	19	0	19.7	32.5
2020	3	20	0	23.0	33.4
2020	3	21	3	19.7	33.6
2020	3	22	0	20.8	30.5
2020	3	23	0	19.5	30.6
2020	3	24	0	21.2	32.6
2020	3	25	0	21.0	33.3
2020	3	26	0	22.9	35.0
2020	3	27	0	23.2	36.6
2020	3	28	0	23.9	35.8
2020	3	29	0	25.1	35.3
2020	3	30	0	23.7	34.8
2020	3	31	0	21.4	36.0
2020	4	1	0	21.8	36.0
2020	4	2	0	26.5	36.7
2020	4	3	2	24.3	35.4
2020	4	4	0	23.8	36.0
2020	4	5	0	24.8	36.2
2020	4	6	0	23.2	37.0
2020	4	7	0	24.2	38.0
2020	4	8	0	25.7	32.4
2020	4	9	0	24.5	35.9
2020	4	10	0	24.5	35.7
2020	4	11	0	26.0	37.0
2020	4	12	2	20.4	31.9
2020	4	13	0	22.9	35.0
2020	4	14	0	26.4	35.9
2020	4	15	0	26.9	33.5
2020	4	16	3	20.7	34.6
2020	4	17	0	25.4	33.5
2020	4	18	0	25.4	34.4
2020	4	19	5	21.6	34.6
2020	4	20	3	21.5	32.2
2020	4	21	0	23.5	30.7
2020	4	22	1	23.0	33.4
2020	4	23	0	24.1	32.0
2020	4	24	47	21.8	31.1
2020	4	25	20	21.8	31.2
2020	4	26	0	22.9	30.7
2020	4	27	40	21.3	31.6
2020	4	28	0	24.0	29.8
2020	4	29	4	22.1	31.3
2020	4	30	0	24.0	31.2
2020	5	1	1	23.6	28.8
2020	5	2	12	21.6	30.5
2020	5	3	10	22.7	33.0
2020	5	4	0	24.0	34.5
2020	5	5	0	26.8	35.4
2020	5	6	0	22.6	30.7
2020	5	7	18	22.7	33.4
2020	5	8	15	20.7	33.6
2020	5	9	12	22.4	35.2
2020	5	10	0	25.0	35.9
2020	5	11	4	23.7	35.0
2020	5	12	0	25.6	36.5
2020	5	13	0	28.1	35.4
2020	5	14	19	24.2	35.3
2020	5	15	1	25.6	34.6
2020	5	16	5	25.9	35.0
2020	5	17	0	26.1	36.0
2020	5	18	0	27.6	37.0
2020	5	19	0	29.4	34.5
2020	5	20	7	24.3	30.0
2020	5	21	74	25.4	30.0
2020	5	22	1	25.1	31.8
2020	5	23	0	25.7	34.8
2020	5	24	0	27.5	33.4
2020	5	25	0	28.4	33.4
2020	5	26	0	27.7	32.7
2020	5	27	63	20.7	27.6
2020	5	28	56	21.5	31.0
2020	5	29	0	24.6	33.4
2020	5	30	0	23.2	31.8
2020	5	31	3	25.6	35.0
2020	6	1	0	25.6	35.0
2020	6	2	1	26.3	35.3
2020	6	3	0	26.6	34.0
2020	6	4	22	26.0	34.7
2020	6	5	40	24.0	34.0
2020	6	6	10	25.7	34.7
2020	6	7	2	25.7	36.6
2020	6	8	0	28.2	33.0
2020	6	9	3	26.7	36.5
2020	6	10	5	26.3	34.0
2020	6	11	2	27.0	31.4
2020	6	12	3	27.1	31.7
2020	6	13	13	26.2	28.7
2020	6	14	22	26.7	33.6
2020	6	15	5	27.7	34.0
2020	6	16	0	28.0	33.6
2020	6	17	4	26.8	29.0
2020	6	18	24	25.9	32.0
2020	6	19	6	26.0	31.2
2020	6	20	89	26.0	33.5
2020	6	21	1	26.5	31.2
2020	6	22	5	27.0	33.2
2020	6	23	0	28.2	33.4
2020	6	24	0	28.5	35.6
2020	6	25	0	28.4	34.8
2020	6	26	0	28.6	33.4
2020	6	27	0	28.6	32.6
2020	6	28	0	27.1	32.8
2020	6	29	14	25.0	33.7
2020	6	30	0	27.0	34.1
2020	7	1	0	28.3	35.5
2020	7	2	0	28.6	35.1
2020	7	3	0	28.5	35.4
2020	7	4	0	28.6	33.6
2020	7	5	24	26.4	31.4
2020	7	6	13	27.0	32.2
2020	7	7	4	27.3	33.2
2020	7	8	1	27.7	34.0
2020	7	9	0	29.0	33.7
2020	7	10	22	27.2	33.3
2020	7	11	0	28.5	31.6
2020	7	12	30	25.6	31.6
2020	7	13	24	25.3	33.2
2020	7	14	0	27.6	31.2
2020	7	15	4	26.0	34.2
2020	7	16	0	27.3	34.2
2020	7	17	0	26.4	34.4
2020	7	18	10	26.4	34.6
2020	7	19	20	27.2	33.3
2020	7	20	19	25.0	30.3
2020	7	21	87	25.7	28.5
2020	7	22	43	25.0	30.4
2020	7	23	46	25.9	32.5
2020	7	24	0	27.2	32.5
2020	7	25	0	26.8	34.5
2020	7	26	0	28.0	34.5
2020	7	27	0	29.2	33.4
2020	7	28	0	27.2	33.0
2020	7	29	42	25.5	29.6
2020	7	30	15	26.9	33.7
2020	7	31	0	27.8	35.1
2020	8	1	0	28.3	34.6
2020	8	2	20	28.0	34.4
2020	8	3	18	26.6	36.5
2020	8	4	10	29.5	32.1
2020	8	5	26	27.0	34.6
2020	8	6	2	27.3	33.4
2020	8	7	7	28.0	34.0
2020	8	8	5	27.8	34.3
2020	8	9	0	27.9	32.7
2020	8	10	4	28.0	33.8
2020	8	11	0	29.0	34.5
2020	8	12	0	28.5	33.8
2020	8	13	16	27.3	34.7
2020	8	14	0	28.3	34.9
2020	8	15	1	27.4	30.6
2020	8	16	12	26.3	31.0
2020	8	17	35	26.6	31.5
2020	8	18	4	26.5	31.1
2020	8	19	1	26.9	32.0
2020	8	20	2	25.5	28.2
2020	8	21	18	25.5	30.0
2020	8	22	23	26.3	28.6
2020	8	23	29	26.4	31.0
2020	8	24	23	25.8	34.3
2020	8	25	4	25.5	33.8
2020	8	26	1	26.3	31.7
2020	8	27	0	27.2	33.3
2020	8	28	11	26.0	33.9
2020	8	29	12	27.0	32.8
2020	8	30	1	27.9	34.4
2020	8	31	0	28.6	34.6
2020	9	1	0	27.6	31.0
2020	9	2	29	26.0	34.5
2020	9	3	0	27.0	35.4
2020	9	4	0	28.1	35.8
2020	9	5	0	28.7	35.1
2020	9	6	0	28.5	34.6
2020	9	7	0	28.6	33.6
2020	9	8	0	26.9	34.5
2020	9	9	0	27.2	34.1
2020	9	10	16	26.8	31.5
2020	9	11	2	26.5	32.8
2020	9	12	8	26.5	34.4
2020	9	13	0	28.0	33.9
2020	9	14	9	27.0	33.6
2020	9	15	0	27.5	34.0
2020	9	16	0	27.8	34.0
2020	9	17	0	28.0	34.5
2020	9	18	2	26.0	34.7
2020	9	19	3	27.3	36.1
2020	9	20	0	29.7	35.7
2020	9	21	6	26.8	32.2
2020	9	22	2	27.4	32.0
2020	9	23	1	27.5	30.7
2020	9	24	23	26.0	31.0
2020	9	25	27	27.0	31.8
2020	9	26	5	27.0	31.7
2020	9	27	7	26.8	30.9
2020	9	28	0	25.8	33.6
2020	9	29	0	26.8	33.4
2020	9	30	0	26.8	35.1
2020	10	1	0	26.8	32.9
2020	10	2	27	26.0	33.8
2020	10	3	0	26.3	33.3
2020	10	4	0	27.0	34.0
2020	10	5	8	26.5	32.8
2020	10	6	5	27.0	32.4
2020	10	7	15	25.6	34.4
2020	10	8	23	26.2	33.5
2020	10	9	2	27.2	34.7
2020	10	10	0	27.4	35.3
2020	10	11	1	28.0	35.0
2020	10	12	0	27.7	33.0
2020	10	13	57	24.7	34.6
2020	10	14	0	25.9	34.1
2020	10	15	23	25.3	34.4
2020	10	16	0	27.0	35.5
2020	10	17	0	26.4	35.7
2020	10	18	0	27.0	34.4
2020	10	19	0	27.7	33.5
2020	10	20	0	26.8	34.2
2020	10	21	9	25.0	33.0
2020	10	22	46	24.9	27.7
2020	10	23	44	23.8	27.7
2020	10	24	38	23.8	26.8
2020	10	25	1	24.7	31.4
2020	10	26	0	23.6	32.5
2020	10	27	0	24.0	32.8
2020	10	28	0	24.0	33.4
2020	10	29	0	24.8	34.5
2020	10	30	0	26.1	35.2
2020	10	31	1	24.1	31.6
2020	11	1	1	25.3	31.5
2020	11	2	36	24.2	31.0
2020	11	3	0	25.0	31.6
2020	11	4	0	23.2	32.0
2020	11	5	0	19.6	32.4
2020	11	6	0	18.0	31.0
2020	11	7	0	18.8	31.0
2020	11	8	0	19.9	33.2
2020	11	9	0	20.1	32.5
2020	11	10	0	21.0	33.0
2020	11	11	0	21.0	34.0
2020	11	12	0	21.3	33.5
2020	11	13	0	21.6	33.8
2020	11	14	0	22.0	33.0
2020	11	15	0	22.5	31.8
2020	11	16	0	19.6	30.5
2020	11	17	0	20.9	31.4
2020	11	18	0	19.6	30.6
2020	11	19	0	20.5	29.9
2020	11	20	0	21.1	29.9
2020	11	21	3	21.5	27.2
2020	11	22	0	20.7	27.4
2020	11	23	0	16.2	27.7
2020	11	24	0	16.1	28.4
2020	11	25	0	16.1	29.3
2020	11	26	0	16.8	27.4
2020	11	27	0	17.3	27.8
2020	11	28	0	19.4	29.8
2020	11	29	0	17.4	29.7
2020	11	30	0	18.4	30.7
2020	12	1	0	17.3	30.2
2020	12	2	0	17.8	29.8
2020	12	3	0	17.7	29.2
2020	12	4	0	17.0	29.1
2020	12	5	0	17.8	27.7
2020	12	6	0	18.4	27.8
2020	12	7	0	18.6	28.2
2020	12	8	0	18.3	26.5
2020	12	9	0	18.2	21.6
2020	12	10	0	16.5	23.6
2020	12	11	0	17.6	20.7
2020	12	12	0	16.4	22.7
2020	12	13	0	15.8	25.7
2020	12	14	0	16.7	26.7
2020	12	15	0	16.3	24.5
2020	12	16	0	17.5	26.8
2020	12	17	0	16.5	26.0
2020	12	18	0	17.1	24.2
2020	12	19	0	13.5	24.0
2020	12	20	0	13.4	24.6
2020	12	21	0	14.0	24.9
2020	12	22	0	12.8	25.4
2020	12	23	0	13.4	26.0
2020	12	24	0	13.4	27.0
2020	12	25	0	14.6	26.7
2020	12	26	0	15.6	26.4
2020	12	27	0	15.9	25.0
2020	12	28	0	14.0	25.4
2020	12	29	0	13.7	25.8
2020	12	30	0	15.6	26.6
2020	12	31	0	16.0	26.3
2021	1	1	0	14.4	27.4
2021	1	2	0	15.1	27.0
2021	1	3	0	15.0	27.4
2021	1	4	0	14.6	28.2
2021	1	5	0	15.3	29.2
2021	1	6	0	15.6	30.0
2021	1	7	0	17.6	30.2
2021	1	8	0	17.0	29.4
2021	1	9	0	18.8	27.6
2021	1	10	0	17.2	28.2
2021	1	11	0	18.3	28.1
2021	1	12	0	18.0	26.5
2021	1	13	0	15.6	22.9
2021	1	14	0	16.0	24.1
2021	1	15	0	12.3	24.3
2021	1	16	0	13.6	23.6
2021	1	17	0	13.5	23.3
2021	1	18	0	13.0	23.9
2021	1	19	0	13.5	24.0
2021	1	20	0	16.5	22.5
2021	1	21	0	16.0	25.7
2021	1	22	0	14.4	23.6
2021	1	23	0	13.0	22.0
2021	1	24	0	13.7	24.6
2021	1	25	0	12.8	26.0
2021	1	26	0	14.0	24.3
2021	1	27	0	11.9	23.8
2021	1	28	0	13.1	24.0
2021	1	29	0	13.0	25.4
2021	1	30	0	15.4	23.8
2021	1	31	0	11.7	22.1
2021	2	1	0	10.0	22.4
2021	2	2	0	11.7	25.4
2021	2	3	0	14.1	26.8
2021	2	4	0	15.5	28.6
2021	2	5	0	15.7	29.5
2021	2	6	0	14.7	28.7
2021	2	7	0	17.0	26.4
2021	2	8	0	16.8	27.8
2021	2	9	0	17.0	29.4
2021	2	10	0	13.6	28.6
2021	2	11	0	15.4	29.0
2021	2	12	0	16.9	28.2
2021	2	13	0	15.9	29.6
2021	2	14	0	16.0	29.8
2021	2	15	0	16.3	30.0
2021	2	16	0	17.2	30.0
2021	2	17	0	17.0	29.4
2021	2	18	0	17.2	31.8
2021	2	19	0	18.5	31.2
2021	2	20	0	21.7	26.1
2021	2	21	0	18.4	31.2
2021	2	22	0	18.0	30.8
2021	2	23	0	17.6	30.9
2021	2	24	0	18.4	31.3
2021	2	25	0	20.0	32.8
2021	2	26	0	20.5	33.4
2021	2	27	0	22.6	34.2
2021	2	28	0	21.8	33.6
2021	3	1	0	23.5	33.5
2021	3	2	0	22.5	33.7
2021	3	3	0	20.7	33.4
2021	3	4	0	18.5	32.4
2021	3	5	0	21.8	32.5
2021	3	6	0	24.0	33.0
2021	3	7	0	23.7	33.2
2021	3	8	0	23.2	32.2
2021	3	9	0	23.7	31.3
2021	3	10	0	24.1	30.8
2021	3	11	0	23.8	32.6
2021	3	12	0	23.4	33.7
2021	3	13	0	23.2	33.7
2021	3	14	3	20.8	31.2
2021	3	15	0	19.6	32.5
2021	3	16	0	21.0	35.2
2021	3	17	0	21.0	34.8
2021	3	18	0	21.1	35.5
2021	3	19	0	21.8	35.0
2021	3	20	0	22.5	35.2
2021	3	21	0	23.3	37.1
2021	3	22	0	25.5	36.8
2021	3	23	0	23.4	37.7
2021	3	24	0	25.5	37.6
2021	3	25	0	27.2	37.4
2021	3	26	0	24.0	37.6
2021	3	27	0	23.9	36.7
2021	3	28	0	24.0	36.8
2021	3	29	0	24.7	35.0
2021	3	30	0	26.5	35.2
2021	3	31	0	27.2	35.3
2021	4	1	0	27.1	38.0
2021	4	2	0	26.9	37.0
2021	4	3	0	25.7	34.9
2021	4	4	0	25.0	36.6
2021	4	5	10	19.5	33.7
2021	4	6	0	20.8	34.5
2021	4	7	0	25.0	36.2
2021	4	8	0	25.6	33.5
2021	4	9	0	23.5	34.7
2021	4	10	0	26.2	35.0
2021	4	11	0	26.1	35.8
2021	4	12	0	26.3	37.0
2021	4	13	0	27.1	36.9
2021	4	14	0	26.4	37.0
2021	4	15	0	26.3	35.5
2021	4	16	0	26.5	36.1
2021	4	17	24	19.2	33.0
2021	4	18	0	23.5	34.3
2021	4	19	0	26.1	36.9
2021	4	20	0	26.8	36.9
2021	4	21	0	27.3	36.5
2021	4	22	3	23.0	33.0
2021	4	23	0	25.5	34.9
2021	4	24	0	23.2	38.0
2021	4	25	0	26.7	39.5
2021	4	26	0	28.0	39.4
2021	4	27	0	27.4	38.0
2021	4	28	0	27.6	37.1
2021	4	29	2	22.4	36.7
2021	4	30	0	27.3	37.2
2021	5	1	0	26.5	36.2
2021	5	2	0	25.9	36.2
2021	5	3	9	23.3	34.5
2021	5	4	0	23.4	31.4
2021	5	5	0	24.0	34.5
2021	5	6	0	24.5	33.9
2021	5	7	2	26.1	36.3
2021	5	8	0	26.0	35.5
2021	5	9	0	25.9	34.7
2021	5	10	0	24.1	35.2
2021	5	11	24	20.7	32.0
2021	5	12	14	22.1	33.5
2021	5	13	0	25.2	34.5
2021	5	14	0	24.2	34.6
2021	5	15	0	26.4	36.2
2021	5	16	53	24.2	36.4
2021	5	17	0	27.8	36.7
2021	5	18	0	28.1	35.7
2021	5	19	45	25.2	35.8
2021	5	20	0	28.2	36.1
2021	5	21	0	27.0	37.0
2021	5	22	0	28.8	37.3
2021	5	23	0	29.7	37.8
2021	5	24	0	29.8	38.1
2021	5	25	36	24.5	34.6
2021	5	26	1	27.0	30.3
2021	5	27	0	27.3	32.1
2021	5	28	2	27.6	33.7
2021	5	29	1	28.1	35.5
2021	5	30	4	28.0	35.4
2021	5	31	25	25.7	32.4
2021	6	1	21	24.5	30.1
2021	6	2	85	24.2	34.0
2021	6	3	0	27.4	34.4
2021	6	4	15	27.6	35.9
2021	6	5	0	23.3	34.0
2021	6	6	118	23.6	34.4
2021	6	7	12	25.2	34.5
2021	6	8	0	24.8	30.1
2021	6	9	10	25.7	34.5
2021	6	10	23	25.7	34.5
2021	6	11	31	24.6	33.5
2021	6	12	30	26.0	33.8
2021	6	13	2	27.2	33.5
2021	6	14	4	26.6	33.6
2021	6	15	5	27.0	33.2
2021	6	16	9	26.4	29.4
2021	6	17	5	25.4	30.6
2021	6	18	30	24.6	31.0
2021	6	19	22	24.9	27.0
2021	6	20	31	24.6	27.9
2021	6	21	12	25.8	31.6
2021	6	22	3	25.6	29.9
2021	6	23	24	25.6	33.7
2021	6	24	0	27.4	32.7
2021	6	25	1	27.4	34.1
2021	6	26	0	27.5	32.9
2021	6	27	6	26.7	34.0
2021	6	28	1	28.0	32.1
2021	6	29	0	27.8	31.5
2021	6	30	46	24.6	32.6
2021	7	1	19	23.6	28.0
2021	7	2	33	24.0	29.5
2021	7	3	64	24.1	33.0
2021	7	4	1	27.0	29.6
2021	7	5	60	26.0	33.7
2021	7	6	1	27.7	34.5
2021	7	7	4	27.6	31.1
2021	7	8	5	26.5	32.6
2021	7	9	3	26.6	33.2
2021	7	10	0	27.4	34.5
2021	7	11	0	27.5	34.8
2021	7	12	0	27.6	35.8
2021	7	13	0	27.5	34.0
2021	7	14	0	27.7	34.5
2021	7	15	0	28.0	35.7
2021	7	16	0	28.6	34.7
2021	7	17	4	25.7	33.4
2021	7	18	0	28.2	34.8
2021	7	19	5	27.9	31.9
2021	7	20	8	26.0	32.6
2021	7	21	14	26.5	33.2
2021	7	22	20	25.2	34.8
2021	7	23	1	27.0	31.0
2021	7	24	2	26.5	31.1
2021	7	25	16	27.0	34.0
2021	7	26	3	27.7	35.2
2021	7	27	0	27.2	34.0
2021	7	28	22	26.4	31.0
2021	7	29	2	26.3	28.5
2021	7	30	32	26.0	31.2
2021	7	31	14	26.1	32.2
2021	8	1	4	26.6	31.5
2021	8	2	4	27.2	33.0
2021	8	3	3	27.1	34.4
2021	8	4	12	27.0	34.4
2021	8	5	8	27.3	35.6
2021	8	6	13	26.3	34.4
2021	8	7	16	25.4	32.8
2021	8	8	11	26.8	32.4
2021	8	9	11	26.9	33.7
2021	8	10	1	28.3	34.4
2021	8	11	14	26.6	33.2
2021	8	12	3	28.0	33.8
2021	8	13	25	26.4	32.5
2021	8	14	38	26.7	34.0
2021	8	15	0	28.1	33.8
2021	8	16	0	28.1	32.8
2021	8	17	13	25.6	32.4
2021	8	18	11	26.6	32.1
2021	8	19	3	26.6	31.5
2021	8	20	0	26.6	31.6
2021	8	21	1	26.7	33.3
2021	8	22	5	26.4	34.5
2021	8	23	0	28.0	33.0
2021	8	24	31	24.2	34.3
2021	8	25	9	25.7	32.6
2021	8	26	6	25.8	32.2
2021	8	27	5	25.7	33.2
2021	8	28	1	26.6	34.0
2021	8	29	0	27.2	32.8
2021	8	30	1	26.3	32.5
2021	8	31	0	27.5	33.4
2021	9	1	1	27.3	32.6
2021	9	2	1	27.2	34.5
2021	9	3	13	25.6	35.8
2021	9	4	0	28.3	34.0
2021	9	5	2	28.2	35.4
2021	9	6	18	25.1	34.8
2021	9	7	1	27.4	32.0
2021	9	8	2	26.9	33.1
2021	9	9	0	25.8	32.0
2021	9	10	14	26.9	37.0
2021	9	11	6	26.3	36.8
2021	9	12	0	28.4	34.9
2021	9	13	0	27.7	33.6
2021	9	14	1	26.7	31.8
2021	9	15	9	26.0	35.3
2021	9	16	0	26.8	33.2
2021	9	17	1	27.4	32.5
2021	9	18	1	26.0	33.4
2021	9	19	2	26.4	31.1
2021	9	20	0	26.2	30.8
2021	9	21	0	26.5	32.7
2021	9	22	0	26.8	33.6
2021	9	23	1	26.6	34.3
2021	9	24	0	27.4	35.7
2021	9	25	0	28.8	35.0
2021	9	26	54	25.0	35.5
2021	9	27	8	24.6	35.9
2021	9	28	0	25.3	33.2
2021	9	29	4	26.3	31.2
2021	9	30	2	26.2	35.0
2021	10	1	0	27.1	33.8
2021	10	2	0	27.7	35.2
2021	10	3	0	27.8	33.1
2021	10	4	3	25.4	33.4
2021	10	5	2	27.2	32.6
2021	10	6	15	25.6	32.5
2021	10	7	44	25.4	34.6
2021	10	8	0	27.0	35.2
2021	10	9	0	27.5	35.6
2021	10	10	0	27.1	35.3
2021	10	11	1	27.1	35.5
2021	10	12	0	27.8	35.2
2021	10	13	0	28.5	33.6
2021	10	14	0	27.5	35.9
2021	10	15	1	27.3	37.4
2021	10	16	2	25.6	35.5
2021	10	17	14	25.4	35.1
2021	10	18	0	26.1	31.3
2021	10	19	27	25.2	29.5
2021	10	20	14	25.0	31.2
2021	10	21	33	24.6	32.3
2021	10	22	0	23.9	32.2
2021	10	23	0	23.4	31.8
2021	10	24	0	22.5	32.8
2021	10	25	0	22.8	31.8
2021	10	26	10	23.0	31.8
2021	10	27	0	23.6	32.4
2021	10	28	0	24.6	32.0
2021	10	29	0	25.0	34.2
2021	10	30	0	24.0	34.0
2021	10	31	0	23.8	32.7
2021	11	1	0	20.2	31.1
2021	11	2	0	20.5	30.4
2021	11	3	0	21.1	31.0
2021	11	4	0	22.0	31.4
2021	11	5	0	19.7	31.2
2021	11	6	0	21.6	30.1
2021	11	7	0	20.0	30.5
2021	11	8	0	18.8	31.1
2021	11	9	0	19.1	31.6
2021	11	10	0	19.5	31.9
2021	11	11	0	20.7	32.2
2021	11	12	0	23.5	29.2
2021	11	13	0	23.1	24.4
2021	11	14	16	19.7	23.6
2021	11	15	10	20.2	24.6
2021	11	16	1	20.1	29.5
2021	11	17	0	18.5	30.4
2021	11	18	0	17.8	31.2
2021	11	19	0	18.0	30.8
2021	11	20	0	18.3	30.4
2021	11	21	0	19.3	30.0
2021	11	22	0	19.2	31.5
2021	11	23	0	20.1	31.8
2021	11	24	0	21.5	31.4
2021	11	25	0	20.1	30.2
2021	11	26	0	18.0	29.6
2021	11	27	0	16.5	29.4
2021	11	28	0	16.8	29.9
2021	11	29	0	16.2	29.5
2021	11	30	0	18.0	30.0
2021	12	1	0	17.9	31.2
2021	12	2	0	18.2	30.5
2021	12	3	0	18.3	30.4
2021	12	4	0	19.9	26.7
2021	12	5	0	21.2	24.2
2021	12	6	44	20.1	21.4
2021	12	7	104	20.3	23.3
2021	12	8	3	19.5	27.9
2021	12	9	0	18.5	28.8
2021	12	10	2	20.3	27.8
2021	12	11	0	17.0	27.6
2021	12	12	0	18.2	26.7
2021	12	13	0	16.2	26.9
2021	12	14	0	16.4	26.7
2021	12	15	0	16.9	26.8
2021	12	16	0	16.7	27.2
2021	12	17	0	16.0	27.0
2021	12	18	0	16.1	27.0
2021	12	19	0	17.0	24.2
2021	12	20	0	14.2	24.0
2021	12	21	0	15.0	24.6
2021	12	22	0	15.0	24.2
2021	12	23	0	15.1	25.3
2021	12	24	0	15.4	26.4
2021	12	25	0	15.4	27.0
2021	12	26	0	15.5	26.5
2021	12	27	0	15.5	27.2
2021	12	28	0	15.3	26.1
2021	12	29	0	16.0	25.1
2021	12	30	0	16.3	26.1
2021	12	31	0	16.6	27.1
2022	1	1	0	15.6	26.4
2022	1	2	0	15.0	23.0
2022	1	3	0	14.3	25.6
2022	1	4	0	14.0	25.5
2022	1	5	0	13.3	23.8
2022	1	6	0	13.9	26.5
2022	1	7	0	15.4	27.8
2022	1	8	0	16.4	28.5
2022	1	9	0	16.5	28.6
2022	1	10	0	16.5	28.1
2022	1	11	0	17.3	27.8
2022	1	12	1	18.4	24.7
2022	1	13	0	17.2	26.6
2022	1	14	0	18.0	22.4
2022	1	15	0	17.2	24.2
2022	1	16	0	15.7	24.4
2022	1	17	0	14.8	26.4
2022	1	18	0	14.4	25.7
2022	1	19	0	14.9	24.6
2022	1	20	0	14.0	24.4
2022	1	21	0	14.0	24.8
2022	1	22	0	15.3	24.3
2022	1	23	0	15.6	24.4
2022	1	24	7	15.8	25.0
2022	1	25	0	16.8	26.7
2022	1	26	0	17.2	26.2
2022	1	27	4	17.0	23.2
2022	1	28	0	13.0	21.6
2022	1	29	0	12.6	21.6
2022	1	30	0	13.0	22.8
2022	1	31	0	12.4	24.0
2022	2	1	0	15.0	25.8
2022	2	2	0	14.0	27.7
2022	2	3	0	17.2	26.6
2022	2	4	0	18.2	25.7
2022	2	5	16	15.2	24.0
2022	2	6	0	13.0	23.0
2022	2	7	0	12.3	23.6
2022	2	8	0	12.2	25.2
2022	2	9	0	13.8	26.5
2022	2	10	0	16.8	20.7
2022	2	11	0	15.1	25.8
2022	2	12	0	14.1	24.6
2022	2	13	0	15.9	27.2
2022	2	14	0	16.1	27.4
2022	2	15	0	15.1	27.5
2022	2	16	0	16.6	28.0
2022	2	17	0	15.4	27.8
2022	2	18	0	16.6	28.0
2022	2	19	0	15.0	27.7
2022	2	20	0	15.4	29.0
2022	2	21	4	16.5	27.8
2022	2	22	0	16.6	28.8
2022	2	23	0	17.8	28.7
2022	2	24	0	18.0	30.3
2022	2	25	0	19.5	30.6
2022	2	26	0	20.1	30.8
2022	2	27	0	19.0	30.4
2022	2	28	0	19.8	31.0
2022	3	1	0	19.6	31.1
2022	3	2	0	22.0	30.8
2022	3	3	0	18.8	31.2
2022	3	4	0	18.1	31.4
2022	3	5	0	18.8	32.5
2022	3	6	0	19.8	31.6
2022	3	7	0	21.3	34.2
2022	3	8	0	22.8	34.1
2022	3	9	0	23.3	34.0
2022	3	10	0	23.2	33.3
2022	3	11	0	22.4	32.8
2022	3	12	0	22.8	33.4
2022	3	13	0	22.6	34.2
2022	3	14	0	23.4	34.5
2022	3	15	0	24.0	35.0
2022	3	16	0	23.0	36.4
2022	3	17	0	23.2	36.3
2022	3	18	0	23.7	36.5
2022	3	19	0	22.3	36.5
2022	3	20	0	24.4	35.6
2022	3	21	0	23.4	34.6
2022	3	22	0	24.4	35.1
2022	3	23	0	24.6	36.5
2022	3	24	0	25.2	33.7
2022	3	25	0	25.7	32.6
2022	3	26	0	26.9	32.8
2022	3	27	0	26.6	34.0
2022	3	28	9	22.0	34.4
2022	3	29	0	25.4	33.8
2022	3	30	5	24.2	34.1
2022	3	31	0	26.1	34.4
2022	4	1	0	26.5	34.5
2022	4	2	0	26.8	33.4
2022	4	3	0	26.2	33.0
2022	4	4	0	26.5	33.4
2022	4	5	0	26.2	34.2
2022	4	6	0	26.2	34.8
2022	4	7	0	25.5	35.0
2022	4	8	0	25.5	34.8
2022	4	9	0	26.0	34.2
2022	4	10	0	26.6	33.8
2022	4	11	0	27.0	33.8
2022	4	12	0	26.5	33.7
2022	4	13	0	26.7	34.5
2022	4	14	0	27.1	34.0
2022	4	15	0	27.7	35.7
2022	4	16	0	27.8	34.5
2022	4	17	0	27.5	34.0
2022	4	18	0	27.3	34.5
2022	4	19	0	27.2	35.7
2022	4	20	0	21.8	24.5
2022	4	21	60	21.0	31.9
2022	4	22	0	24.0	34.4
2022	4	23	41	22.5	34.2
2022	4	24	0	26.7	36.4
2022	4	25	0	27.4	36.0
2022	4	26	0	28.2	35.5
2022	4	27	0	26.8	35.4
2022	4	28	0	24.4	35.0
2022	4	29	1	25.5	33.2
2022	4	30	4	24.4	35.0
2022	5	1	1	25.8	35.6
2022	5	2	6	23.2	35.4
2022	5	3	1	26.5	29.1
2022	5	4	14	22.1	31.9
2022	5	5	1	24.4	33.3
2022	5	6	0	25.5	33.2
2022	5	7	4	25.0	35.2
2022	5	8	0	25.6	35.0
2022	5	9	25	24.4	30.6
2022	5	10	1	25.6	31.8
2022	5	11	37	24.8	31.9
2022	5	12	0	24.7	33.4
2022	5	13	0	24.7	33.2
2022	5	14	1	26.1	33.9
2022	5	15	0	27.7	34.8
2022	5	16	0	28.0	35.2
2022	5	17	0	28.2	35.2
2022	5	18	0	28.2	35.3
2022	5	19	0	28.9	35.5
2022	5	20	0	23.2	32.4
2022	5	21	42	20.2	30.8
2022	5	22	14	21.6	33.0
2022	5	23	0	27.5	35.2
2022	5	24	0	27.5	35.0
2022	5	25	0	27.1	32.8
2022	5	26	39	23.6	34.4
2022	5	27	0	25.8	34.0
2022	5	28	0	25.8	33.3
2022	5	29	0	26.0	32.6
2022	5	30	0	26.0	31.3
2022	5	31	31	25.0	34.2
2022	6	1	0	27.3	38.3
2022	6	2	19	25.9	33.7
2022	6	3	2	26.3	33.2
2022	6	4	12	27.1	32.8
2022	6	5	0	26.0	35.1
2022	6	6	0	28.6	35.1
2022	6	7	0	28.0	34.7
2022	6	8	0	28.2	35.7
2022	6	9	0	29.3	33.0
2022	6	10	64	23.6	33.8
2022	6	11	0	27.2	34.0
2022	6	12	0	28.5	34.2
2022	6	13	0	28.9	34.4
2022	6	14	2	25.5	33.6
2022	6	15	0	28.5	33.3
2022	6	16	1	27.5	32.6
2022	6	17	2	27.4	28.8
2022	6	18	34	23.7	32.1
2022	6	19	3	26.0	31.6
2022	6	20	0	25.4	31.1
2022	6	21	12	26.2	31.1
2022	6	22	0	26.7	32.2
2022	6	23	0	26.7	33.2
2022	6	24	1	27.2	33.8
2022	6	25	0	27.2	33.3
2022	6	26	0	27.5	34.7
2022	6	27	0	27.7	34.7
2022	6	28	0	28.0	34.5
2022	6	29	0	28.2	32.5
2022	6	30	16	27.1	30.0
2022	7	1	5	27.2	34.2
2022	7	2	3	27.5	34.2
2022	7	3	0	27.7	32.0
2022	7	4	9	27.6	34.3
2022	7	5	0	28.2	37.5
2022	7	6	0	26.5	34.7
2022	7	7	0	28.0	34.0
2022	7	8	0	27.7	35.2
2022	7	9	0	28.2	35.6
2022	7	10	0	28.2	34.0
2022	7	11	0	28.2	34.0
2022	7	12	0	28.0	34.7
2022	7	13	0	28.3	36.0
2022	7	14	0	29.0	36.3
2022	7	15	2	28.3	35.4
2022	7	16	3	28.9	35.2
2022	7	17	0	28.2	35.1
2022	7	18	0	26.7	33.6
2022	7	19	0	28.1	34.4
2022	7	20	2	28.4	31.8
2022	7	21	2	27.1	35.5
2022	7	22	0	28.1	35.6
2022	7	23	0	28.6	34.4
2022	7	24	2	28.0	29.4
2022	7	25	6	26.1	33.5
2022	7	26	0	27.0	31.2
2022	7	27	1	26.5	33.4
2022	7	28	9	26.8	34.9
2022	7	29	7	26.9	35.0
2022	7	30	0	27.5	34.6
2022	7	31	0	28.1	32.6
2022	8	1	10	26.9	33.2
2022	8	2	0	26.6	32.1
2022	8	3	0	27.8	34.2
2022	8	4	3	27.0	34.8
2022	8	5	1	27.4	35.4
2022	8	6	10	26.4	34.0
2022	8	7	14	27.3	35.4
2022	8	8	0	27.6	34.5
2022	8	9	0	27.5	33.6
2022	8	10	0	26.7	33.2
2022	8	11	0	26.6	33.0
2022	8	12	0	27.0	34.5
2022	8	13	5	26.6	33.6
2022	8	14	4	27.0	31.8
2022	8	15	37	26.0	32.8
2022	8	16	0	27.4	35.0
2022	8	17	0	29.0	35.4
2022	8	18	0	30.0	37.1
2022	8	19	1	26.4	34.0
2022	8	20	2	26.4	34.3
2022	8	21	0	27.8	35.3
2022	8	22	0	28.4	34.5
2022	8	23	26	25.7	33.9
2022	8	24	7	26.9	32.9
2022	8	25	0	26.5	34.0
2022	8	26	0	28.0	35.0
2022	8	27	0	28.6	33.6
2022	8	28	0	28.0	32.5
2022	8	29	10	27.8	35.2
2022	8	30	0	28.2	36.1
2022	8	31	0	28.6	35.6
2022	9	1	0	28.9	35.1
2022	9	2	0	28.5	34.7
2022	9	3	22	25.4	33.8
2022	9	4	16	25.8	32.4
2022	9	5	1	26.3	34.0
2022	9	6	18	25.9	32.5
2022	9	7	14	26.8	35.0
2022	9	8	1	27.8	35.5
2022	9	9	23	26.5	36.6
2022	9	10	0	27.1	33.3
2022	9	11	0	26.6	32.5
2022	9	12	13	24.2	28.8
2022	9	13	32	25.5	26.5
2022	9	14	53	24.0	27.4
2022	9	15	66	25.2	32.7
2022	9	16	0	26.9	31.7
2022	9	17	1	27.0	33.8
2022	9	18	1	27.0	32.0
2022	9	19	1	27.0	34.3
2022	9	20	0	26.7	33.0
2022	9	21	0	27.3	34.4
2022	9	22	0	27.4	34.6
2022	9	23	0	27.5	34.9
2022	9	24	0	27.5	34.2
2022	9	25	0	27.1	33.6
2022	9	26	0	26.6	33.8
2022	9	27	20	26.9	33.3
2022	9	28	0	26.6	33.2
2022	9	29	0	27.5	33.3
2022	9	30	0	26.8	35.3
2022	10	1	0	28.5	34.4
2022	10	2	2	23.8	31.5
2022	10	3	12	24.5	29.5
2022	10	4	15	24.8	34.4
2022	10	5	0	25.4	34.0
2022	10	6	0	26.1	33.7
2022	10	7	0	25.7	34.3
2022	10	8	0	26.1	35.5
2022	10	9	0	27.9	34.1
2022	10	10	0	27.6	34.2
2022	10	11	5	27.1	34.1
2022	10	12	0	26.7	33.1
2022	10	13	2	25.4	33.3
2022	10	14	0	25.6	33.7
2022	10	15	0	26.3	33.6
2022	10	16	0	25.7	34.1
2022	10	17	0	25.5	34.3
2022	10	18	0	26.4	33.4
2022	10	19	0	26.3	33.3
2022	10	20	0	25.8	34.4
2022	10	21	0	24.8	34.4
2022	10	22	0	25.4	34.8
2022	10	23	0	26.3	30.3
2022	10	24	5	22.5	23.3
2022	10	25	255	20.5	27.3
2022	10	26	1	21.4	32.1
2022	10	27	0	23.2	30.8
2022	10	28	0	21.2	31.7
2022	10	29	0	21.0	31.4
2022	10	30	0	21.5	32.5
2022	10	31	0	23.2	32.8
2022	11	1	0	24.1	33.3
2022	11	2	0	24.2	33.2
2022	11	3	0	23.8	30.2
2022	11	4	0	21.4	31.7
2022	11	5	0	23.1	31.7
2022	11	6	0	23.1	32.4
2022	11	7	0	20.3	32.1
2022	11	8	0	20.8	31.7
2022	11	9	0	23.1	31.5
2022	11	10	0	22.4	32.3
2022	11	11	0	20.0	31.5
2022	11	12	0	20.1	30.7
2022	11	13	0	21.2	30.4
2022	11	14	0	20.7	30.3
2022	11	15	0	19.8	30.4
2022	11	16	0	20.2	30.7
2022	11	17	0	19.0	30.7
2022	11	18	0	20.0	29.6
2022	11	19	0	18.3	30.5
2022	11	20	0	19.0	32.2
2022	11	21	0	21.1	30.5
2022	11	22	0	20.2	28.9
2022	11	23	0	20.1	29.5
2022	11	24	0	20.0	30.2
2022	11	25	0	18.3	31.2
2022	11	26	0	18.2	31.1
2022	11	27	0	18.4	30.5
2022	11	28	0	19.0	30.6
2022	11	29	0	22.3	29.8
2022	11	30	0	20.8	31.7
2022	12	1	0	18.9	30.4
2022	12	2	0	19.9	29.6
2022	12	3	0	19.8	29.3
2022	12	4	0	18.5	29.2
2022	12	5	0	18.8	29.6
2022	12	6	0	18.2	29.3
2022	12	7	0	19.0	28.2
2022	12	8	0	18.3	29.0
2022	12	9	0	17.4	29.0
2022	12	10	0	17.3	28.9
2022	12	11	0	18.5	29.5
2022	12	12	0	17.6	27.6
2022	12	13	0	16.5	27.9
2022	12	14	0	17.2	27.8
2022	12	15	0	17.8	26.1
2022	12	16	0	17.1	25.4
2022	12	17	0	17.2	27.0
2022	12	18	0	16.0	27.0
2022	12	19	0	14.8	27.7
2022	12	20	0	17.2	27.0
2022	12	21	0	16.2	27.6
2022	12	22	0	18.3	27.0
2022	12	23	0	17.0	27.2
2022	12	24	0	14.3	27.3
2022	12	25	0	15.4	28.0
2022	12	26	0	17.7	28.9
2022	12	27	0	18.8	24.7
2022	12	28	4	17.7	24.5
2022	12	29	0	14.5	24.2
2022	12	30	0	14.7	22.2
2022	12	31	0	13.9	22.6
2023	1	1	0	14.0	24.4
2023	1	2	0	14.7	26.0
2023	1	3	0	14.5	19.6
2023	1	4	0	14.1	17.0
2023	1	5	0	12.5	20.2
2023	1	6	0	12.0	18.8
2023	1	7	0	11.5	15.4
2023	1	8	0	12.3	21.2
2023	1	9	0	13.2	28.5
2023	1	10	0	15.3	28.2
2023	1	11	0	13.9	26.0
2023	1	12	0	12.0	23.4
2023	1	13	0	11.8	26.6
2023	1	14	0	14.7	25.6
2023	1	15	0	18.0	27.1
2023	1	16	0	15.6	24.0
2023	1	17	0	14.0	23.8
2023	1	18	0	14.0	23.4
2023	1	19	0	11.7	24.0
2023	1	20	0	12.8	25.1
2023	1	21	0	13.0	26.1
2023	1	22	0	13.7	27.8
2023	1	23	0	15.2	27.5
2023	1	24	0	16.2	28.7
2023	1	25	0	16.2	28.5
2023	1	26	0	17.6	28.7
2023	1	27	0	18.5	28.6
2023	1	28	0	18.6	28.0
2023	1	29	0	16.8	26.3
2023	1	30	0	15.4	29.3
2023	1	31	0	16.3	29.6
2023	2	1	0	21.0	25.7
2023	2	2	0	16.1	25.3
2023	2	3	0	15.2	27.1
2023	2	4	0	16.8	26.5
2023	2	5	0	14.6	27.0
2023	2	6	0	14.9	27.2
2023	2	7	0	15.7	28.3
2023	2	8	0	18.3	28.7
2023	2	9	0	18.3	28.5
2023	2	10	0	17.0	29.5
2023	2	11	0	16.2	30.5
2023	2	12	0	21.2	30.0
2023	2	13	0	16.0	28.0
2023	2	14	0	13.8	27.5
2023	2	15	0	15.5	27.2
2023	2	16	0	15.6	28.2
2023	2	17	0	15.9	29.4
2023	2	18	0	17.8	30.1
2023	2	19	0	20.2	29.5
2023	2	20	0	20.0	30.2
2023	2	21	0	21.5	29.9
2023	2	22	0	22.0	31.0
2023	2	23	0	23.0	33.3
2023	2	24	0	23.6	32.4
2023	2	25	2	20.5	32.0
2023	2	26	0	18.4	32.6
2023	2	27	0	19.8	32.8
2023	2	28	0	20.0	32.6
2023	3	1	0	19.4	32.7
2023	3	2	0	20.0	34.1
2023	3	3	0	20.7	34.2
2023	3	4	0	20.7	33.7
2023	3	5	0	21.3	34.0
2023	3	6	0	21.0	32.7
2023	3	7	0	21.0	34.4
2023	3	8	0	20.7	32.7
2023	3	9	0	22.8	33.5
2023	3	10	0	22.8	33.5
2023	3	11	0	22.0	33.7
2023	3	12	0	23.4	34.9
2023	3	13	0	21.8	34.8
2023	3	14	0	21.5	34.3
2023	3	15	0	23.7	31.2
2023	3	16	2	24.2	31.4
2023	3	17	1	21.8	28.5
2023	3	18	0	21.9	32.5
2023	3	19	0	23.2	24.7
2023	3	20	18	20.5	28.2
2023	3	21	0	21.0	30.0
2023	3	22	0	20.8	31.3
2023	3	23	0	22.6	32.6
2023	3	24	0	21.2	32.7
2023	3	25	19	21.3	32.4
2023	3	26	2	22.4	33.6
2023	3	27	0	23.2	32.5
2023	3	28	0	24.2	34.4
2023	3	29	0	24.5	29.7
2023	3	30	4	21.6	32.5
2023	3	31	28	19.2	31.6
2023	4	1	15	19.9	28.8
2023	4	2	1	22.2	32.0
2023	4	3	0	23.1	33.8
2023	4	4	0	24.2	34.0
2023	4	5	0	26.4	34.7
2023	4	6	0	26.3	35.8
2023	4	7	0	24.9	36.5
2023	4	8	0	23.1	37.4
2023	4	9	0	24.0	37.7
2023	4	10	0	24.4	37.5
2023	4	11	0	25.0	38.5
2023	4	12	0	24.2	38.9
2023	4	13	0	25.0	39.5
2023	4	14	0	26.2	40.2
2023	4	15	0	27.9	40.4
2023	4	16	0	28.0	40.6
2023	4	17	0	28.6	38.1
2023	4	18	0	28.3	37.1
2023	4	19	0	28.0	37.6
2023	4	20	0	28.6	37.3
2023	4	21	0	28.4	36.0
2023	4	22	0	23.4	36.2
2023	4	23	1	23.2	30.3
2023	4	24	0	21.5	35.1
2023	4	25	0	24.2	35.2
2023	4	26	0	24.4	37.5
2023	4	27	0	26.4	37.3
2023	4	28	3	22.2	34.8
2023	4	29	0	24.8	36.6
2023	4	30	10	22.0	35.5
2023	5	1	2	24.5	34.1
2023	5	2	0	24.0	35.7
2023	5	3	0	27.0	34.8
2023	5	4	7	24.5	32.5
2023	5	5	1	25.1	35.0
2023	5	6	0	26.6	37.0
2023	5	7	12	25.4	37.7
2023	5	8	0	28.0	39.4
2023	5	9	0	28.4	39.8
2023	5	10	0	28.2	39.0
2023	5	11	0	27.4	38.4
2023	5	12	0	26.2	37.3
2023	5	13	0	28.4	35.5
2023	5	14	0	26.9	33.0
2023	5	15	0	24.0	34.9
2023	5	16	0	25.4	35.2
2023	5	17	3	23.2	31.1
2023	5	18	50	20.7	32.1
2023	5	19	4	22.0	34.4
2023	5	20	0	25.4	35.1
2023	5	21	0	27.2	35.4
2023	5	22	27	22.2	35.6
2023	5	23	0	28.2	34.8
2023	5	24	29	22.0	32.2
2023	5	25	0	23.2	33.6
2023	5	26	0	24.5	35.6
2023	5	27	1	24.3	33.1
2023	5	28	9	23.0	35.0
2023	5	29	0	26.4	36.3
2023	5	30	0	26.9	37.2
2023	5	31	0	29.0	37.8
2023	6	1	0	29.2	37.4
2023	6	2	0	28.9	37.5
2023	6	3	0	29.0	37.1
2023	6	4	0	29.0	37.6
2023	6	5	0	29.4	38.6
2023	6	6	0	29.4	38.7
2023	6	7	0	30.4	37.5
2023	6	8	0	30.7	33.3
2023	6	9	2	26.8	32.1
2023	6	10	47	24.0	32.7
2023	6	11	1	26.6	31.9
2023	6	12	0	27.2	31.9
2023	6	13	39	24.8	35.1
2023	6	14	0	28.5	36.8
2023	6	15	0	29.7	34.1
2023	6	16	0	29.1	35.5
2023	6	17	36	23.2	35.6
2023	6	18	42	23.5	32.6
2023	6	19	3	27.7	34.7
2023	6	20	3	27.1	35.0
2023	6	21	5	26.5	35.5
2023	6	22	0	27.8	33.6
2023	6	23	0	27.7	35.5
2023	6	24	14	26.7	34.1
2023	6	25	0	27.2	34.0
2023	6	26	1	27.4	32.0
2023	6	27	4	26.4	28.2
2023	6	28	15	25.2	26.4
2023	6	29	115	24.8	27.3
2023	6	30	36	25.7	33.8
2023	7	1	91	24.9	31.8
2023	7	2	80	24.8	33.3
2023	7	3	10	27.1	33.5
2023	7	4	2	27.8	36.0
2023	7	5	1	27.5	34.2
2023	7	6	3	28.1	33.0
2023	7	7	11	27.2	32.5
2023	7	8	11	28.0	34.0
2023	7	9	0	27.3	34.4
2023	7	10	1	27.9	34.1
2023	7	11	3	28.0	33.4
2023	7	12	0	27.9	33.1
2023	7	13	1	28.0	33.7
2023	7	14	1	27.7	35.1
2023	7	15	6	27.3	32.7
2023	7	16	1	26.4	31.6
2023	7	17	0	27.4	34.0
2023	7	18	0	28.2	35.2
2023	7	19	0	27.4	35.4
2023	7	20	0	28.9	35.2
2023	7	21	0	29.0	35.8
2023	7	22	0	28.6	36.0
2023	7	23	0	28.9	35.2
2023	7	24	0	28.6	36.1
2023	7	25	0	29.2	36.6
2023	7	26	0	28.9	33.8
2023	7	27	5	26.9	33.9
2023	7	28	4	26.6	35.1
2023	7	29	12	27.5	34.2
2023	7	30	0	28.4	36.7
2023	7	31	1	27.7	37.1
2023	8	1	5	26.9	36.8
2023	8	2	5	26.5	30.5
2023	8	3	19	26.8	31.7
2023	8	4	5	26.8	31.8
2023	8	5	55	25.4	32.8
2023	8	6	5	26.5	28.6
2023	8	7	18	26.7	28.7
2023	8	8	54	25.7	29.4
2023	8	9	7	26.4	33.8
2023	8	10	38	26.4	33.3
2023	8	11	60	25.9	31.0
2023	8	12	5	27.7	31.9
2023	8	13	56	26.0	29.2
2023	8	14	21	26.0	31.5
2023	8	15	7	27.2	34.4
2023	8	16	24	27.7	32.0
2023	8	17	46	26.1	35.8
2023	8	18	0	28.2	33.5
2023	8	19	1	26.5	32.6
2023	8	20	2	28.1	35.0
2023	8	21	0	28.2	34.8
2023	8	22	0	28.6	32.5
2023	8	23	2	27.0	31.9
2023	8	24	0	27.9	33.2
2023	8	25	18	26.4	31.7
2023	8	26	14	25.9	32.0
2023	8	27	0	27.2	34.7
2023	8	28	6	27.8	35.6
2023	8	29	0	27.0	34.4
2023	8	30	1	27.2	36.2
2023	8	31	0	29.2	33.2
2023	9	1	13	27.3	35.4
2023	9	2	2	27.5	34.5
2023	9	3	55	24.8	35.4
2023	9	4	34	25.0	34.2
2023	9	5	1	28.3	37.3
2023	9	6	0	28.5	36.0
2023	9	7	8	27.2	33.5
2023	9	8	5	27.7	32.5
2023	9	9	0	27.7	33.8
2023	9	10	0	28.0	33.0
2023	9	11	0	28.0	33.2
2023	9	12	43	26.6	33.4
2023	9	13	29	26.6	34.4
2023	9	14	0	26.9	33.1
2023	9	15	0	27.4	35.0
2023	9	16	0	27.7	36.0
2023	9	17	0	29.0	36.9
2023	9	18	22	25.3	32.5
2023	9	19	21	25.2	32.4
2023	9	20	12	26.2	31.4
2023	9	21	24	25.8	32.8
2023	9	22	122	24.6	32.5
2023	9	23	2	27.5	32.5
2023	9	24	11	26.0	33.7
2023	9	25	0	27.0	34.4
2023	9	26	1	27.2	32.5
2023	9	27	0	27.2	33.2
2023	9	28	0	27.6	36.2
2023	9	29	0	27.9	35.6
2023	9	30	8	26.6	33.5
2023	10	1	0	27.5	33.6
2023	10	2	0	27.9	33.6
2023	10	3	7	25.5	32.2
2023	10	4	18	26.2	30.0
2023	10	5	43	25.8	29.3
2023	10	6	65	26.4	28.6
2023	10	7	125	26.0	32.8
2023	10	8	0	27.4	34.1
2023	10	9	0	27.2	34.0
2023	10	10	0	27.1	34.1
2023	10	11	0	26.8	34.6
2023	10	12	0	26.2	35.0
2023	10	13	0	25.0	34.7
2023	10	14	0	25.0	34.2
2023	10	15	0	26.6	32.2
2023	10	16	0	24.7	33.3
2023	10	17	0	25.0	33.5
2023	10	18	7	24.0	32.8
2023	10	19	0	24.8	33.3
2023	10	20	0	24.9	33.6
2023	10	21	0	24.0	34.6
2023	10	22	0	24.4	32.4
2023	10	23	2	25.5	31.0
2023	10	24	59	22.7	29.9
2023	10	25	0	25.0	33.0
2023	10	26	0	24.5	32.8
2023	10	27	0	24.0	32.3
2023	10	28	0	22.9	33.0
2023	10	29	0	22.0	32.5
2023	10	30	0	23.0	31.6
2023	10	31	0	22.7	34.6
2023	11	1	0	24.3	34.3
2023	11	2	0	24.9	34.3
2023	11	3	0	24.2	32.7
2023	11	4	0	24.1	32.5
2023	11	5	0	24.0	32.0
2023	11	6	0	22.2	31.4
2023	11	7	0	22.0	30.1
2023	11	8	0	22.7	31.0
2023	11	9	0	21.0	31.2
2023	11	10	0	21.0	31.6
2023	11	11	0	20.7	31.5
2023	11	12	0	20.8	31.6
2023	11	13	0	20.9	31.9
2023	11	14	0	20.6	32.6
2023	11	15	0	21.0	32.7
2023	11	16	0	23.9	27.4
2023	11	17	2	22.0	22.6
2023	11	18	30	20.5	29.4
2023	11	19	0	21.7	30.2
2023	11	20	0	21.8	31.8
2023	11	21	0	22.8	29.4
2023	11	22	0	21.8	29.6
2023	11	23	0	19.5	29.2
2023	11	24	0	19.3	30.0
2023	11	25	0	19.0	30.1
2023	11	26	0	18.1	31.4
2023	11	27	0	20.1	32.4
2023	11	28	0	21.3	32.5
2023	11	29	0	20.7	29.2
2023	11	30	0	21.0	30.9
2023	12	1	0	19.7	31.7
2023	12	2	0	20.2	30.3
2023	12	3	0	21.0	30.8
2023	12	4	0	20.7	30.3
2023	12	5	0	23.0	27.1
2023	12	6	0	22.7	27.0
2023	12	7	10	19.0	21.0
2023	12	8	46	19.5	23.5
2023	12	9	1	19.7	26.3
2023	12	10	0	17.6	25.2
2023	12	11	0	16.6	23.9
2023	12	12	0	16.9	24.1
2023	12	13	0	16.5	25.7
2023	12	14	0	14.2	25.6
2023	12	15	0	15.5	26.2
2023	12	16	0	17.2	26.0
2023	12	17	0	15.7	26.7
2023	12	18	0	16.6	26.9
2023	12	19	0	16.1	26.5
2023	12	20	0	16.5	27.5
2023	12	21	0	16.2	28.1
2023	12	22	0	16.8	27.5
2023	12	23	0	16.8	26.9
2023	12	24	0	17.2	26.8
2023	12	25	0	18.0	26.7
2023	12	26	0	18.0	25.8
2023	12	27	0	16.9	27.0
2023	12	28	0	17.3	27.9
2023	12	29	0	17.1	28.0
2023	12	30	0	17.7	28.1
2023	12	31	0	16.4	23.7
